"id_fechaExamen";"fechaExamen";"id_turno";"id_materia";"id_condicion";"id_curso";"id_division";"createdAt";"updatedAt"
1;"2024-04-17 08:00:00";1;225;1;0;0;"2024-04-17 08:00:00";"2025-02-17 13:48:36"
2;"2024-04-17 08:00:00";1;235;1;0;0;"2024-04-17 08:00:00";"2025-02-17 13:49:13"
3;"2024-04-18 08:00:00";1;258;1;0;0;"2024-04-17 08:00:00";"2025-02-17 13:49:55"
4;"2024-04-18 08:00:00";1;272;1;0;0;"2024-04-17 08:00:00";"2025-02-17 13:50:13"
5;"2024-04-19 08:00:00";1;221;1;0;0;"2024-04-18 08:00:00";"2025-02-17 13:48:18"
6;"2024-04-19 08:00:00";1;232;1;0;0;"2024-04-18 08:00:00";"2025-02-17 13:48:57"
7;"2024-04-19 08:00:00";1;281;1;0;0;"2024-04-19 08:00:00";"2025-02-17 13:50:33"
8;"2024-04-19 08:00:00";1;207;1;0;0;"2024-04-19 08:00:00";"2025-02-17 13:47:55"
9;"2024-04-22 13:00:00";1;223;1;0;0;"2024-04-19 08:00:00";"2025-02-17 13:48:25"
10;"2024-04-29 13:00:00";1;233;1;0;0;"2024-04-19 08:00:00";"2025-02-17 13:49:02"
11;"2024-04-22 13:00:00";1;237;1;0;0;"2024-04-19 08:00:00";"2025-02-17 13:49:18"
12;"2024-04-22 13:00:00";1;243;1;0;0;"2024-04-19 08:00:00";"2025-02-17 13:49:36"
13;"2024-04-29 13:00:00";1;244;1;0;0;"2024-04-19 08:00:00";"2025-02-17 13:49:43"
14;"2024-04-23 08:00:00";1;220;1;0;0;"2024-04-19 08:00:00";"2025-02-17 13:48:12"
15;"2024-04-23 08:00:00";1;230;1;0;0;"2024-04-22 13:00:00";"2025-02-17 13:48:52"
16;"2024-04-23 08:00:00";1;240;1;0;0;"2024-04-22 13:00:00";"2025-02-17 13:49:31"
17;"2024-04-23 08:00:00";1;265;1;0;0;"2024-04-29 13:00:00";"2025-02-17 13:50:07"
18;"2024-04-24 13:00:00";1;224;1;0;0;"2024-04-22 13:00:00";"2025-02-17 13:48:30"
19;"2024-04-24 13:00:00";1;234;1;0;0;"2024-04-22 13:00:00";"2025-02-17 13:49:07"
20;"2024-04-24 13:00:00";1;256;1;0;0;"2024-04-29 13:00:00";"2025-02-17 13:49:51"
21;"2024-04-24 13:00:00";1;187;1;0;0;"2024-04-29 13:00:00";"2025-02-17 13:47:47"
22;"2024-04-29 13:00:00";1;219;1;0;0;"2024-04-23 08:00:00";"2025-02-17 13:48:05"
23;"2024-04-29 13:00:00";1;229;1;0;0;"2024-04-23 08:00:00";"2025-02-17 13:48:46"
24;"2024-04-29 13:00:00";1;155;1;0;0;"2024-04-23 08:00:00";"2025-02-17 13:39:38"
25;"2024-04-29 13:00:00";1;239;1;0;0;"2024-04-23 08:00:00";"2025-02-17 13:49:26"
26;"2024-04-29 13:00:00";1;279;1;0;0;"2024-04-23 08:00:00";"2025-02-17 13:50:28"
27;"2024-04-29 13:00:00";1;260;2;0;0;"2024-04-23 08:00:00";"2025-02-18 12:34:35"
28;"2024-04-29 13:00:00";1;259;2;0;0;"2024-04-23 08:00:00";"2025-02-18 12:34:29"
29;"2024-04-29 13:00:00";1;259;1;0;0;"2024-04-23 08:00:00";"2024-04-23 08:00:00"
30;"2024-04-29 13:00:00";1;273;2;0;0;"2024-04-23 08:00:00";"2025-02-17 13:50:17"
31;"2024-04-29 13:00:00";1;273;1;0;0;"2024-04-23 08:00:00";"2024-04-23 08:00:00"
32;"2024-04-29 13:00:00";1;285;1;0;0;"2024-04-23 08:00:00";"2025-02-17 13:50:38"
33;"2024-04-29 13:00:00";1;289;1;0;0;"2024-04-23 08:00:00";"2025-02-17 13:50:59"
34;"2024-04-29 13:00:00";1;287;1;0;0;"2024-04-23 08:00:00";"2025-02-17 13:50:48"
35;"2024-04-29 13:00:00";1;286;1;0;0;"2024-04-23 08:00:00";"2025-02-17 13:50:44"
36;"2024-04-29 13:00:00";1;288;1;0;0;"2024-04-23 08:00:00";"2025-02-17 13:50:54"
37;"2024-04-29 13:00:00";1;290;1;0;0;"2024-04-23 08:00:00";"2025-02-17 13:51:04"
38;"2024-07-01 08:00:00";2;221;1;0;0;"2024-04-23 08:00:00";"2025-02-18 12:35:00"
39;"2024-07-01 08:00:00";2;220;1;0;0;"2024-04-23 08:00:00";"2025-02-18 12:34:53"
40;"2024-07-01 08:00:00";2;232;1;0;0;"2024-04-23 08:00:00";"2025-02-18 12:35:25"
41;"2024-07-01 08:00:00";2;230;1;0;0;"2024-04-23 08:00:00";"2025-02-18 12:35:19"
42;"2024-07-01 08:00:00";2;249;1;0;0;"2024-04-23 08:00:00";"2025-02-18 12:46:14"
43;"2024-07-01 08:00:00";2;240;1;0;0;"2024-04-23 08:00:00";"2025-02-18 12:45:59"
44;"2024-07-01 08:00:00";2;253;1;0;0;"2024-04-23 08:00:00";"2025-02-18 12:46:31"
45;"2024-07-01 08:00:00";2;252;1;0;0;"2024-04-23 08:00:00";"2025-02-18 12:46:26"
46;"2024-07-01 08:00:00";2;272;1;0;0;"2024-04-23 08:00:00";"2025-02-18 12:46:48"
47;"2024-07-01 08:00:00";2;265;1;0;0;"2024-04-23 08:00:00";"2025-02-18 12:46:43"
48;"2024-07-01 08:00:00";2;291;1;0;0;"2024-04-23 08:00:00";"2025-02-18 12:47:45"
49;"2024-07-01 08:00:00";2;280;1;0;0;"2024-04-23 08:00:00";"2025-02-18 12:47:14"
50;"2024-07-01 08:00:00";2;281;1;0;0;"2024-04-23 08:00:00";"2025-02-18 12:47:19"
51;"2024-07-01 13:00:00";2;237;1;0;0;"2024-04-23 08:00:00";"2025-02-18 12:45:39"
52;"2024-07-01 13:00:00";2;244;1;0;0;"2024-04-24 13:00:00";"2025-02-18 12:46:04"
53;"2024-07-02 13:00:00";2;274;2;0;0;"2024-04-24 13:00:00";"2025-02-18 12:48:10"
54;"2024-07-02 13:00:00";2;275;2;0;0;"2024-04-24 13:00:00";"2025-02-18 12:48:46"
55;"2024-07-01 13:00:00";2;292;1;0;0;"2024-04-24 13:00:00";"2025-02-18 12:47:51"
56;"2024-07-02 08:00:00";2;225;1;0;0;"2024-04-24 13:00:00";"2025-02-18 12:35:06"
57;"2024-07-02 08:00:00";2;219;1;0;0;"2024-04-24 13:00:00";"2025-02-18 12:34:46"
58;"2024-07-02 08:00:00";2;235;1;0;0;"2024-04-24 13:00:00";"2025-02-18 12:45:33"
59;"2024-07-02 08:00:00";2;234;1;0;0;"2024-04-29 13:00:00";"2025-02-18 12:35:31"
60;"2024-07-02 08:00:00";2;229;1;0;0;"2024-04-29 13:00:00";"2025-02-18 12:35:14"
61;"2024-07-02 08:00:00";2;245;1;0;0;"2024-04-29 13:00:00";"2025-02-18 12:46:09"
62;"2024-07-02 08:00:00";2;239;1;0;0;"2024-04-29 13:00:00";"2025-02-18 12:45:55"
63;"2024-07-02 08:00:00";2;251;1;0;0;"2024-04-29 13:00:00";"2025-02-18 12:46:22"
64;"2024-07-02 08:00:00";2;263;1;0;0;"2024-04-29 13:00:00";"2025-02-18 12:46:39"
65;"2024-07-02 08:00:00";2;279;1;0;0;"2024-04-29 13:00:00";"2025-02-18 12:47:10"
66;"2024-07-02 13:00:00";2;260;2;0;0;"2024-04-29 13:00:00";"2025-02-18 12:48:05"
67;"2024-07-02 13:00:00";2;259;2;0;0;"2024-04-29 13:00:00";"2025-02-18 12:48:01"
68;"2024-07-02 13:00:00";2;274;1;0;0;"2024-04-29 13:00:00";"2024-04-29 13:00:00"
69;"2024-07-02 13:00:00";2;277;1;0;0;"2024-04-29 13:00:00";"2025-02-18 12:47:03"
70;"2024-07-02 13:00:00";2;273;1;0;0;"2024-04-29 13:00:00";"2025-02-18 12:46:53"
71;"2024-07-02 13:00:00";2;285;1;0;0;"2024-04-29 13:00:00";"2025-02-18 12:47:24"
72;"2024-07-02 13:00:00";2;286;1;0;0;"2024-04-29 13:00:00";"2025-02-18 12:47:28"
73;"2024-07-02 13:00:00";2;288;1;0;0;"2024-04-29 13:00:00";"2025-02-18 12:47:35"
74;"2024-07-02 13:00:00";2;290;1;0;0;"2024-04-29 13:00:00";"2025-02-18 12:47:40"
75;"2024-09-16 13:00:00";3;225;1;0;0;"2024-04-29 13:00:00";"2025-02-18 12:49:36"
76;"2024-09-16 13:00:00";3;235;1;0;0;"2024-04-29 13:00:00";"2025-02-18 12:53:42"
77;"2024-09-18 08:00:00";3;228;1;0;0;"2024-04-29 13:00:00";"2025-02-18 12:49:50"
78;"2024-09-18 08:00:00";3;250;1;0;0;"2024-04-29 13:00:00";"2025-02-18 12:54:40"
79;"2024-09-18 08:00:00";3;278;1;0;0;"2024-04-29 13:00:00";"2025-02-18 12:57:36"
80;"2024-09-19 08:00:00";3;248;1;0;0;"2024-04-29 13:00:00";"2025-02-18 12:54:12"
81;"2024-09-19 08:00:00";3;249;1;0;0;"2024-04-29 13:00:00";"2025-02-18 12:54:20"
82;"2024-09-19 08:00:00";3;258;1;0;0;"2024-04-29 13:00:00";"2025-02-18 12:54:52"
83;"2024-09-19 08:00:00";3;291;1;0;0;"2024-04-29 13:00:00";"2025-02-18 12:58:13"
84;"2024-09-23 13:00:00";3;223;1;0;0;"2024-04-29 13:00:00";"2025-02-18 12:49:22"
85;"2024-09-23 13:00:00";3;237;1;0;0;"2024-04-29 13:00:00";"2025-02-18 12:53:48"
86;"2024-09-23 13:00:00";3;271;1;0;0;"2024-04-29 13:00:00";"2025-02-18 12:55:15"
87;"2024-09-23 13:00:00";3;287;1;0;0;"2024-04-29 13:00:00";"2025-02-18 12:57:53"
88;"2024-09-23 13:00:00";3;292;1;0;0;"2024-04-29 13:00:00";"2025-02-18 12:58:19"
89;"2024-09-24 08:00:00";3;220;1;0;0;"2024-04-29 13:00:00";"2025-02-18 12:49:04"
90;"2024-09-24 08:00:00";3;230;1;0;0;"2024-04-29 13:00:00";"2025-02-18 12:50:50"
91;"2024-09-24 08:00:00";3;240;1;0;0;"2024-04-29 13:00:00";"2025-02-18 12:54:00"
92;"2024-09-24 08:00:00";3;252;1;0;0;"2024-04-29 13:00:00";"2025-02-18 12:54:48"
93;"2024-09-24 08:00:00";3;265;1;0;0;"2024-04-29 13:00:00";"2025-02-18 12:55:08"
94;"2024-09-25 13:00:00";3;224;1;0;0;"2024-04-29 13:00:00";"2025-02-18 12:49:30"
95;"2024-09-25 13:00:00";3;234;1;0;0;"2024-04-29 13:00:00";"2025-02-18 12:51:21"
96;"2024-09-25 13:00:00";3;245;1;0;0;"2024-07-01 08:00:00";"2025-02-18 12:54:04"
97;"2024-09-25 13:00:00";3;119;1;0;0;"2024-07-01 08:00:00";"2024-07-01 08:00:00"
98;"2024-09-25 13:00:00";3;282;1;0;0;"2024-07-01 08:00:00";"2025-02-18 12:57:48"
99;"2024-09-26 08:00:00";3;219;1;0;0;"2024-07-01 08:00:00";"2025-02-18 12:48:58"
100;"2024-09-26 08:00:00";3;229;1;0;0;"2024-07-01 08:00:00";"2025-02-18 12:50:23"
101;"2024-09-26 08:00:00";3;239;1;0;0;"2024-07-01 08:00:00";"2025-02-18 12:53:56"
102;"2024-09-26 08:00:00";3;251;1;0;0;"2024-07-01 08:00:00";"2025-02-18 12:54:44"
103;"2024-09-26 08:00:00";3;264;1;0;0;"2024-07-01 08:00:00";"2025-02-18 12:55:04"
104;"2024-09-26 08:00:00";3;279;1;0;0;"2024-07-01 08:00:00";"2025-02-18 12:57:40"
105;"2024-09-27 13:00:00";3;260;2;0;0;"2024-07-01 08:00:00";"2025-02-18 12:59:21"
106;"2024-09-27 13:00:00";3;260;1;0;0;"2024-07-01 08:00:00";"2024-07-01 08:00:00"
107;"2024-09-27 13:00:00";3;259;2;0;0;"2024-07-01 08:00:00";"2025-02-18 12:59:17"
108;"2024-09-27 13:00:00";3;259;1;0;0;"2024-07-01 08:00:00";"2024-07-01 08:00:00"
109;"2024-09-27 13:00:00";3;274;1;0;0;"2024-07-01 08:00:00";"2025-02-18 12:55:24"
110;"2024-09-27 13:00:00";3;277;1;0;0;"2024-07-01 08:00:00";"2025-02-18 12:57:28"
111;"2024-09-27 13:00:00";3;276;1;0;0;"2024-07-01 08:00:00";"2025-02-18 12:57:23"
112;"2024-09-27 13:00:00";3;275;1;0;0;"2024-07-01 08:00:00";"2025-02-18 12:57:19"
113;"2024-09-27 13:00:00";3;273;2;0;0;"2024-07-01 08:00:00";"2025-02-18 12:59:28"
114;"2024-09-27 13:00:00";3;273;1;0;0;"2024-07-01 08:00:00";"2024-07-01 08:00:00"
115;"2024-09-27 13:00:00";3;289;1;0;0;"2024-07-01 08:00:00";"2025-02-18 12:58:02"
116;"2024-09-27 13:00:00";3;288;1;0;0;"2024-07-01 08:00:00";"2025-02-18 12:57:57"
117;"2024-09-27 13:00:00";3;290;1;0;0;"2024-07-01 08:00:00";"2025-02-18 12:58:07"
118;"2024-09-30 08:00:00";3;221;1;0;0;"2024-07-01 08:00:00";"2025-02-18 12:49:09"
119;"2024-09-30 08:00:00";3;232;1;0;0;"2024-07-01 08:00:00";"2025-02-18 12:50:59"
120;"2024-09-30 08:00:00";3;231;1;0;0;"2024-07-01 08:00:00";"2025-02-18 12:50:54"
121;"2024-09-30 08:00:00";3;266;1;0;0;"2024-07-01 08:00:00";"2025-02-18 12:55:12"
122;"2024-09-30 08:00:00";3;281;1;0;0;"2024-07-01 08:00:00";"2025-02-18 12:57:44"
123;"2024-12-19 13:00:00";4;273;1;0;0;"2024-12-02 17:20:30";"2025-02-18 13:02:08"
124;"2024-12-19 08:00:00";4;234;1;0;0;"2024-12-02 18:57:51";"2025-02-18 13:00:50"
125;"2024-12-19 08:00:00";4;245;1;0;0;"2024-12-02 18:58:15";"2025-02-18 13:01:27"
126;"2024-12-19 08:00:00";4;279;1;0;0;"2024-12-03 11:16:51";"2025-02-18 13:02:15"
127;"2024-12-19 13:00:00";4;290;1;0;0;"2024-12-03 11:17:05";"2025-02-18 13:02:38"
128;"2024-12-19 08:00:00";4;239;1;0;0;"2024-12-03 11:17:41";"2025-02-18 13:01:05"
129;"2024-12-19 08:00:00";4;229;1;0;0;"2024-12-03 11:18:09";"2025-02-18 13:00:41"
130;"2024-12-20 08:00:00";4;258;1;0;0;"2024-12-03 11:19:22";"2025-03-07 13:53:45"
131;"2025-02-20 15:00:00";5;258;1;0;0;"2024-12-03 17:49:58";"2025-02-21 14:38:43"
132;"2024-12-19 08:00:00";4;219;1;0;0;"2024-12-03 21:14:44";"2025-02-18 12:59:43"
133;"2024-12-20 08:00:00";4;230;1;0;0;"2024-12-04 13:29:25";"2025-02-18 13:00:45"
134;"2024-12-20 08:00:00";4;221;1;0;0;"2024-12-04 13:38:48";"2025-02-18 13:00:19"
135;"2024-12-19 08:00:00";4;224;1;0;0;"2024-12-04 13:39:03";"2025-02-18 13:00:32"
136;"2024-12-19 08:00:00";4;251;1;0;0;"2024-12-04 19:01:47";"2025-02-18 13:01:45"
137;"2024-12-20 08:00:00";4;281;1;0;0;"2024-12-04 19:02:02";"2025-02-18 13:02:19"
138;"2024-12-20 08:00:00";4;240;1;0;0;"2024-12-04 19:59:17";"2025-02-18 13:01:10"
139;"2024-12-19 13:00:00";4;260;2;0;0;"2024-12-04 20:05:20";"2025-02-18 13:03:02"
140;"2024-12-19 13:00:00";4;275;2;0;0;"2024-12-04 20:05:56";"2025-02-18 13:04:38"
141;"2024-12-19 13:00:00";4;273;2;0;0;"2024-12-04 20:06:11";"2025-02-18 13:04:13"
142;"2024-12-16 13:00:00";4;258;4;20;1;"2024-12-09 11:16:35";"2024-12-10 13:44:35"
143;"2024-12-16 15:00:00";4;251;4;20;1;"2024-12-09 11:28:57";"2024-12-09 11:37:19"
144;"2024-12-16 13:00:00";4;261;4;20;2;"2024-12-09 11:40:54";"2025-02-23 13:29:55"
145;"2024-12-16 13:00:00";4;262;4;20;2;"2024-12-09 11:43:09";"2025-02-23 13:38:04"
146;"2024-12-16 15:00:00";4;252;4;20;2;"2024-12-09 11:47:37";"2025-02-20 14:35:35"
147;"2024-12-16 17:00:00";4;256;4;20;2;"2024-12-09 11:57:56";"2024-12-09 12:01:47"
148;"2024-12-19 08:00:00";4;228;1;0;0;"2024-12-10 13:18:01";"2025-02-18 13:00:37"
149;"2024-12-19 13:00:00";4;259;2;0;0;"2024-12-19 11:29:57";"2025-02-18 13:02:57"
150;"2024-12-20 08:00:00";4;236;1;0;0;"2024-12-19 11:30:19";"2025-02-18 13:00:54"
151;"2024-12-20 08:00:00";4;248;1;0;0;"2024-12-19 11:30:25";"2025-02-18 13:01:33"
152;"2024-12-20 08:00:00";4;222;1;0;0;"2024-12-19 11:35:19";"2025-02-18 13:00:24"
153;"2024-12-20 08:00:00";4;220;1;0;0;"2024-12-19 11:35:44";"2025-02-18 13:00:12"
154;"2024-12-19 13:00:00";4;260;1;0;0;"2024-12-19 11:38:27";"2025-02-18 13:01:57"
155;"2024-12-20 13:00:00";4;244;1;0;0;"2024-12-19 11:39:37";"2025-02-18 13:07:57"
156;"2024-12-20 08:00:00";4;223;1;0;0;"2024-12-19 11:54:03";"2025-02-18 13:00:28"
157;"2024-12-19 13:00:00";4;259;1;0;0;"2024-12-19 11:54:29";"2025-02-18 13:01:53"
158;"2024-12-20 08:00:00";4;265;1;0;0;"2024-12-19 11:56:11";"2025-02-18 13:02:04"
159;"2024-12-20 08:00:00";4;291;1;0;0;"2024-12-19 12:01:39";"2025-02-18 13:02:42"
160;"2024-12-19 13:00:00";4;274;2;0;0;"2024-12-19 12:08:42";"2025-02-18 13:04:20"
161;"2024-12-19 08:00:00";4;282;1;0;0;"2024-12-19 12:15:56";"2025-02-18 13:02:34"
162;"2025-02-20 08:00:00";5;219;1;0;0;"2024-12-19 13:26:50";"2025-02-21 14:39:52"
163;"2025-02-19 10:00:00";5;221;1;0;0;"2024-12-19 13:26:59";"2025-02-21 15:09:21"
164;"2025-02-19 13:00:00";5;230;1;0;0;"2024-12-19 14:12:53";"2025-02-21 15:58:13"
165;"2025-02-20 08:00:00";5;229;1;0;0;"2024-12-20 11:17:51";"2025-02-21 14:40:48"
166;"2025-02-19 13:00:00";5;252;1;0;0;"2024-12-20 12:10:08";"2025-02-21 15:03:59"
167;"2025-02-19 13:00:00";5;265;1;0;0;"2024-12-20 12:10:18";"2025-02-21 15:06:14"
168;"2025-02-21 15:00:00";5;290;1;0;0;"2024-12-20 12:10:23";"2025-02-25 12:54:21"
169;"2025-02-20 13:00:00";5;264;1;0;0;"2024-12-20 12:14:13";"2025-02-21 14:29:47"
170;"2025-02-20 13:00:00";5;279;1;0;0;"2024-12-20 12:14:20";"2025-02-21 14:30:39"
171;"2025-02-19 08:00:00";5;230;3;0;0;"2024-12-20 13:42:06";"2024-12-20 14:14:40"
172;"2025-02-19 10:00:00";5;231;1;0;0;"2024-12-20 13:42:52";"2025-02-21 16:00:34"
173;"2025-02-19 10:00:00";5;232;1;0;0;"2024-12-20 13:43:03";"2025-02-21 15:10:03"
174;"2025-02-21 15:00:00";5;259;2;0;0;"2024-12-20 14:07:49";"2025-02-23 14:41:47"
175;"2025-02-21 15:00:00";5;260;2;0;0;"2024-12-20 14:07:54";"2025-02-23 14:42:21"
176;"2025-02-21 15:00:00";5;273;1;0;0;"2024-12-20 14:08:53";"2025-02-25 12:55:08"
177;"2024-12-20 18:12:58";15;260;1;0;0;"2024-12-20 18:12:58";"2024-12-20 18:12:58"
178;"2024-12-16 10:20:00";4;218;4;17;1;"2025-01-08 19:48:55";"2025-01-13 15:51:12"
181;"2024-12-16 08:00:00";4;218;4;17;2;"2025-01-08 20:29:41";"2025-01-15 13:29:29"
182;"2024-12-16 10:20:00";4;218;4;17;3;"2025-01-08 20:35:57";"2025-01-21 14:04:33"
183;"2024-12-17 08:00:00";4;219;4;17;1;"2025-01-08 20:39:05";"2025-01-13 19:21:26"
184;"2024-12-18 10:20:00";4;219;4;17;2;"2025-01-08 20:40:30";"2025-01-15 13:18:56"
185;"2024-12-18 08:00:00";4;219;4;17;3;"2025-01-08 20:42:30";"2025-01-21 13:50:57"
186;"2024-12-18 10:20:00";4;220;4;17;1;"2025-01-08 20:44:35";"2025-01-13 15:32:14"
187;"2024-12-16 10:20:00";4;220;4;17;2;"2025-01-08 20:46:22";"2025-01-15 13:33:18"
188;"2024-12-16 10:20:00";4;220;4;17;3;"2025-01-08 20:47:00";"2025-01-21 13:59:09"
189;"2025-01-20 13:00:00";5;251;4;20;1;"2025-01-09 17:00:00";"2025-02-21 14:59:52"
190;"2024-12-18 08:00:00";4;270;4;21;1;"2025-01-10 16:29:45";"2025-01-10 16:30:09"
191;"2024-12-18 17:00:00";4;280;4;22;1;"2025-01-13 14:58:27";"2025-01-13 15:01:05"
192;"2024-12-18 13:00:00";4;250;4;20;3;"2025-01-13 15:04:34";"2025-02-21 13:15:44"
193;"2024-12-18 08:00:00";4;221;4;17;1;"2025-01-13 15:34:17";"2025-01-13 15:35:02"
194;"2024-12-17 10:20:00";4;224;4;17;1;"2025-01-13 15:39:58";"2025-03-21 13:01:42"
195;"2024-12-16 08:00:00";4;226;4;17;1;"2025-01-13 15:51:39";"2025-01-13 15:52:10"
196;"2024-12-16 08:00:00";4;225;4;17;1;"2025-01-13 15:54:29";"2025-01-13 15:56:04"
197;"2024-12-16 08:00:00";4;227;4;17;1;"2025-01-13 15:57:36";"2025-01-13 15:58:20"
198;"2024-12-16 10:20:00";4;222;4;17;1;"2025-01-13 16:32:13";"2025-01-13 16:33:01"
199;"2024-12-16 10:20:00";4;223;4;17;1;"2025-01-13 16:34:18";"2025-01-13 16:35:54"
200;"2024-12-18 10:20:00";4;232;4;18;1;"2025-01-13 16:38:24";"2025-01-13 16:39:31"
201;"2024-12-17 10:20:00";4;236;4;18;1;"2025-01-13 16:40:47";"2025-01-13 16:43:33"
202;"2024-12-17 08:00:00";4;229;4;18;1;"2025-01-13 16:45:25";"2025-01-13 16:46:35"
203;"2024-12-16 10:20:00";4;228;4;18;1;"2025-01-13 16:47:14";"2025-01-13 16:47:46"
204;"2024-12-16 08:00:00";4;231;4;18;1;"2025-01-13 16:48:55";"2025-01-13 16:49:53"
205;"2024-12-16 10:20:00";4;235;4;18;1;"2025-01-13 16:51:19";"2025-01-13 16:52:50"
206;"2024-12-16 08:00:00";4;233;4;18;1;"2025-01-13 16:53:55";"2025-01-13 16:55:07"
207;"2024-12-16 08:00:00";4;237;4;18;1;"2025-01-13 16:57:29";"2025-01-13 16:58:36"
208;"2024-12-16 10:20:00";4;234;4;18;1;"2025-01-13 16:59:18";"2025-01-13 17:00:32"
209;"2024-12-18 08:00:00";4;244;3;0;0;"2025-01-13 17:04:13";"2025-02-18 13:05:43"
210;"2024-12-18 08:00:00";4;244;4;19;1;"2025-01-13 17:04:28";"2025-01-13 17:09:52"
211;"2024-12-18 10:20:00";4;245;4;19;1;"2025-01-13 17:11:09";"2025-01-13 17:12:15"
212;"2024-12-17 10:20:00";4;249;4;19;1;"2025-01-13 17:14:12";"2025-01-13 17:18:02"
213;"2024-12-17 08:00:00";4;246;4;19;1;"2025-01-13 17:18:41";"2025-01-13 17:19:27"
214;"2024-12-16 08:00:00";4;241;4;19;1;"2025-01-13 17:20:19";"2025-01-13 17:21:15"
215;"2024-12-16 10:20:00";4;242;4;19;1;"2025-01-13 17:22:21";"2025-01-13 17:23:24"
216;"2024-12-16 10:20:00";4;243;3;0;0;"2025-01-13 17:27:10";"2025-02-18 13:05:39"
217;"2024-12-16 10:20:00";4;243;4;19;1;"2025-01-13 17:28:26";"2025-01-13 17:30:00"
218;"2024-12-16 08:00:00";4;239;4;19;1;"2025-01-13 17:33:19";"2025-01-13 17:35:33"
219;"2024-12-16 10:20:00";4;248;4;19;1;"2025-01-13 17:36:24";"2025-01-13 17:37:41"
220;"2024-12-16 12:20:00";4;238;4;19;1;"2025-01-13 17:38:32";"2025-01-13 17:39:22"
221;"2024-12-16 08:00:00";4;240;4;19;1;"2025-01-13 17:40:43";"2025-01-13 17:42:40"
222;"2024-12-16 08:00:00";4;240;3;0;0;"2025-01-13 17:43:16";"2025-02-18 13:05:34"
223;"2024-12-18 17:00:00";4;260;4;20;1;"2025-01-13 17:53:25";"2025-01-13 17:54:13"
224;"2024-12-18 15:00:00";4;252;4;20;1;"2025-01-13 17:58:50";"2025-01-13 19:22:40"
225;"2024-12-18 13:00:00";4;256;4;20;1;"2025-01-14 17:41:50";"2025-01-14 17:42:47"
226;"2024-12-17 13:00:00";4;261;4;20;1;"2025-01-14 17:47:42";"2025-01-14 17:48:01"
227;"2024-12-16 15:00:00";4;259;4;20;1;"2025-01-14 17:50:26";"2025-01-14 17:51:33"
228;"2024-12-16 17:00:00";4;257;4;20;1;"2025-01-14 17:52:41";"2025-01-14 17:53:33"
229;"2024-12-16 13:00:00";4;262;4;20;1;"2025-01-14 17:54:05";"2025-01-14 17:54:38"
230;"2024-12-16 15:00:00";4;253;4;20;1;"2025-01-14 18:01:07";"2025-01-14 18:02:09"
231;"2024-12-16 15:00:00";4;255;4;20;1;"2025-01-14 18:03:27";"2025-01-14 18:04:00"
232;"2024-12-16 13:00:00";4;250;4;20;1;"2025-01-14 18:04:27";"2025-01-14 18:05:11"
233;"2024-12-18 17:00:00";4;266;4;21;1;"2025-01-14 18:05:41";"2025-01-14 18:06:11"
234;"2024-12-18 15:00:00";4;269;4;21;1;"2025-01-14 18:06:38";"2025-01-14 18:07:31"
235;"2024-12-18 10:30:00";4;263;4;21;1;"2025-01-14 18:08:06";"2025-01-14 18:08:24"
236;"2024-12-17 15:00:00";4;275;4;21;1;"2025-01-14 18:09:03";"2025-01-14 18:09:55"
237;"2024-12-17 17:00:00";4;268;4;21;1;"2025-01-14 18:10:29";"2025-01-14 18:10:47"
238;"2024-12-17 13:00:00";4;267;4;21;1;"2025-01-14 18:11:07";"2025-01-14 18:11:41"
239;"2024-12-16 15:00:00";4;271;4;21;1;"2025-01-14 18:12:54";"2025-01-14 18:13:21"
240;"2024-12-16 13:00:00";4;272;4;21;1;"2025-01-14 18:14:00";"2025-01-14 18:14:28"
241;"2024-12-16 10:30:00";4;276;4;21;1;"2025-01-14 18:14:42";"2025-01-14 18:16:00"
242;"2024-12-16 15:00:00";4;273;4;21;1;"2025-01-14 18:17:49";"2025-01-14 18:18:26"
243;"2024-12-16 15:00:00";4;274;4;21;1;"2025-01-14 18:19:48";"2025-01-14 18:20:10"
244;"2024-12-18 15:00:00";4;292;4;22;1;"2025-01-14 18:20:38";"2025-01-14 18:21:09"
245;"2024-12-18 13:00:00";4;286;4;22;1;"2025-01-14 18:21:25";"2025-01-14 18:21:48"
246;"2024-12-18 10:30:00";4;278;4;22;1;"2025-01-14 18:22:05";"2025-01-14 18:23:42"
247;"2024-12-17 13:00:00";4;283;4;22;1;"2025-01-14 18:23:59";"2025-01-14 18:25:05"
248;"2024-12-16 10:30:00";4;288;4;22;1;"2025-01-14 18:25:28";"2025-01-14 18:26:05"
249;"2024-12-16 15:00:00";4;285;4;22;1;"2025-01-14 18:27:04";"2025-01-14 18:27:36"
250;"2024-12-16 13:00:00";4;287;4;22;1;"2025-01-14 18:28:13";"2025-01-14 18:28:43"
251;"2024-12-16 10:30:00";4;289;4;22;1;"2025-01-14 18:29:01";"2025-01-14 18:29:24"
252;"2024-12-16 15:00:00";4;279;4;22;1;"2025-01-14 18:31:03";"2025-01-14 18:31:26"
253;"2024-12-18 08:00:00";4;221;4;17;2;"2025-01-15 13:19:57";"2025-01-15 13:21:17"
254;"2024-12-17 10:20:00";4;222;4;17;2;"2025-01-15 13:22:15";"2025-01-15 13:23:02"
255;"2024-12-17 08:00:00";4;226;4;17;2;"2025-01-15 13:23:50";"2025-01-15 13:24:32"
256;"2024-12-16 10:20:00";4;227;4;17;2;"2025-01-15 13:25:42";"2025-01-15 13:27:19"
257;"2024-12-16 10:20:00";4;223;4;17;2;"2025-01-15 13:30:07";"2025-01-15 13:31:03"
258;"2024-12-16 08:00:00";4;224;4;17;2;"2025-01-15 13:34:39";"2025-01-15 13:36:25"
259;"2024-12-18 10:20:00";4;232;4;18;2;"2025-01-15 13:37:58";"2025-01-15 13:39:40"
260;"2024-12-18 08:00:00";4;230;4;18;2;"2025-01-15 13:43:16";"2025-01-15 13:44:40"
261;"2024-12-17 10:20:00";4;237;4;18;2;"2025-01-15 13:52:59";"2025-01-15 13:54:51"
262;"2024-12-17 08:00:00";4;236;4;18;2;"2025-01-15 13:56:04";"2025-01-15 13:56:48"
263;"2024-12-16 10:20:00";4;234;4;18;2;"2025-01-15 13:58:57";"2025-01-15 14:02:45"
264;"2024-12-16 10:20:00";4;234;3;0;0;"2025-01-15 14:00:47";"2025-02-18 13:05:24"
265;"2024-12-16 08:00:00";4;233;4;18;2;"2025-01-15 14:06:42";"2025-01-15 14:08:38"
266;"2024-12-16 08:00:00";4;235;4;18;2;"2025-01-15 14:09:48";"2025-01-15 14:12:12"
267;"2024-12-16 10:20:00";4;229;4;18;2;"2025-01-15 14:14:28";"2025-01-15 14:16:24"
268;"2024-12-16 08:00:00";4;228;4;18;2;"2025-01-15 14:16:57";"2025-01-15 14:21:48"
269;"2024-12-16 10:20:00";4;231;4;18;2;"2025-01-15 14:23:50";"2025-01-15 14:25:32"
270;"2024-12-18 10:20:00";4;244;4;19;2;"2025-01-15 14:53:53";"2025-01-15 14:54:58"
271;"2024-12-18 08:00:00";4;240;4;19;2;"2025-01-15 14:56:09";"2025-01-15 16:41:35"
272;"2024-12-17 12:20:00";4;238;4;19;2;"2025-01-15 16:59:50";"2025-01-15 17:00:34"
273;"2024-12-17 10:20:00";4;246;4;19;2;"2025-01-15 17:17:52";"2025-02-21 15:10:40"
274;"2024-12-17 12:20:00";4;247;4;19;2;"2025-01-15 17:18:42";"2025-01-15 17:21:03"
275;"2024-12-16 10:20:00";4;241;4;19;2;"2025-01-15 17:21:51";"2025-02-21 13:18:29"
276;"2024-12-16 08:00:00";4;245;4;19;2;"2025-01-15 17:24:21";"2025-01-15 17:25:24"
277;"2024-12-16 10:20:00";4;248;4;19;2;"2025-01-15 17:26:56";"2025-01-15 17:27:38"
278;"2024-12-16 12:20:00";4;249;4;19;2;"2025-01-15 17:28:24";"2025-01-15 17:31:07"
279;"2024-12-16 08:00:00";4;242;4;19;2;"2025-01-15 17:31:55";"2025-01-15 17:32:55"
280;"2024-12-16 10:20:00";4;243;4;19;2;"2025-01-15 17:34:03";"2025-01-15 17:37:57"
281;"2024-12-16 08:00:00";4;239;4;19;2;"2025-01-15 17:39:21";"2025-01-15 17:40:09"
282;"2024-12-18 17:00:00";4;258;4;20;2;"2025-01-15 17:40:37";"2025-01-15 17:41:08"
283;"2024-12-18 15:00:00";4;254;4;20;2;"2025-01-15 17:41:30";"2025-01-15 17:41:48"
284;"2024-12-18 13:00:00";4;250;4;20;2;"2025-01-15 17:42:35";"2025-01-15 17:43:01"
285;"2024-12-17 13:00:00";4;257;4;20;2;"2025-01-15 17:46:09";"2025-01-15 17:46:36"
286;"2024-12-17 15:00:00";4;255;4;20;2;"2025-01-15 17:47:51";"2025-01-15 17:48:17"
287;"2024-12-16 15:00:00";4;253;4;20;2;"2025-01-15 17:49:06";"2025-01-15 17:49:33"
288;"2024-12-16 13:00:00";4;251;4;20;2;"2025-01-15 17:50:41";"2025-01-15 17:51:12"
289;"2024-12-16 13:00:00";4;259;4;20;2;"2025-01-15 17:53:49";"2025-01-15 17:55:03"
290;"2024-12-16 15:00:00";4;260;4;20;2;"2025-01-15 18:00:02";"2025-01-15 18:01:31"
291;"2024-12-18 13:00:00";4;266;4;21;2;"2025-01-15 18:01:46";"2025-01-15 18:02:05"
292;"2024-12-18 10:30:00";4;263;4;21;2;"2025-01-15 18:02:47";"2025-01-15 18:03:24"
293;"2024-12-17 17:00:00";4;264;4;21;2;"2025-01-15 18:04:04";"2025-01-15 18:04:30"
294;"2024-12-17 15:00:00";4;273;4;21;2;"2025-01-15 18:05:00";"2025-01-15 18:05:41"
295;"2024-12-17 13:00:00";4;272;4;21;2;"2025-01-15 18:06:31";"2025-01-15 18:07:02"
296;"2024-12-16 15:00:00";4;275;4;21;2;"2025-01-15 18:07:20";"2025-01-15 18:07:37"
297;"2024-12-16 13:00:00";4;271;4;21;2;"2025-01-15 18:08:04";"2025-01-15 18:08:32"
298;"2024-12-16 10:30:00";4;277;4;21;2;"2025-01-15 18:08:48";"2025-01-15 18:09:05"
299;"2024-12-16 15:00:00";4;274;4;21;2;"2025-01-15 18:09:16";"2025-01-15 18:10:18"
300;"2024-12-16 13:00:00";4;268;4;21;2;"2025-01-15 18:10:39";"2025-01-15 18:11:00"
301;"2024-12-18 17:00:00";4;280;4;22;2;"2025-01-15 18:11:45";"2025-01-15 18:12:10"
302;"2024-12-18 15:00:00";4;284;4;22;2;"2025-01-15 18:12:34";"2025-01-15 18:16:20"
303;"2024-12-18 13:00:00";4;282;4;22;2;"2025-01-15 18:16:33";"2025-01-15 18:16:58"
304;"2024-12-17 13:00:00";4;281;4;22;2;"2025-01-15 18:20:17";"2025-01-15 18:20:42"
305;"2024-12-17 15:00:00";4;279;4;22;2;"2025-01-15 18:21:07";"2025-01-15 18:21:34"
306;"2024-12-16 10:30:00";4;278;4;22;2;"2025-01-15 18:21:44";"2025-01-15 18:22:14"
307;"2024-12-16 17:00:00";4;286;4;22;2;"2025-01-15 18:22:39";"2025-01-15 18:23:01"
308;"2024-12-16 10:30:00";4;288;4;22;2;"2025-01-15 18:23:14";"2025-01-15 18:24:07"
309;"2024-12-16 15:00:00";4;285;4;22;2;"2025-01-15 18:25:00";"2025-01-15 18:25:18"
310;"2024-12-16 13:00:00";4;283;4;22;2;"2025-01-15 18:25:31";"2025-01-15 18:25:46"
311;"2024-12-16 10:30:00";4;289;4;22;2;"2025-01-15 18:26:05";"2025-01-15 18:27:08"
312;"2024-12-16 13:00:00";4;291;4;22;2;"2025-01-15 18:28:26";"2025-01-15 18:28:42"
313;"2024-12-16 15:00:00";4;287;4;22;2;"2025-01-15 18:28:57";"2025-01-15 18:29:18"
314;"2024-12-18 08:00:00";4;230;4;18;1;"2025-01-21 13:35:55";"2025-01-21 13:38:44"
315;"2024-12-18 08:00:00";4;230;3;0;0;"2025-01-21 13:39:10";"2025-02-18 13:05:15"
316;"2024-12-17 15:00:00";4;254;4;20;1;"2025-01-21 13:40:55";"2025-01-21 13:41:41"
317;"2024-12-18 10:20:00";4;226;4;17;3;"2025-01-21 13:46:38";"2025-01-21 13:47:18"
318;"2024-12-17 10:20:00";4;224;4;17;3;"2025-01-21 13:52:07";"2025-01-21 13:52:49"
319;"2024-12-17 08:00:00";4;221;4;17;3;"2025-01-21 13:54:04";"2025-01-21 13:55:06"
320;"2024-12-16 10:20:00";4;220;3;0;0;"2025-01-21 13:59:30";"2025-02-18 13:05:08"
321;"2024-12-16 08:00:00";4;223;4;17;3;"2025-01-21 14:01:49";"2025-01-21 14:03:34"
322;"2024-12-16 10:20:00";4;227;4;17;3;"2025-01-21 14:05:20";"2025-01-21 14:06:04"
323;"2024-12-16 08:00:00";4;222;4;17;3;"2025-01-21 14:06:37";"2025-01-21 14:07:15"
324;"2024-12-18 08:00:00";4;233;3;0;0;"2025-01-21 14:10:51";"2025-02-18 13:05:20"
325;"2024-12-18 08:00:00";4;233;4;18;3;"2025-01-21 14:11:30";"2025-01-21 14:12:32"
326;"2024-12-18 10:20:00";4;235;4;18;3;"2025-01-21 14:13:10";"2025-01-21 14:27:18"
327;"2024-12-17 08:00:00";4;234;4;18;3;"2025-01-21 14:16:14";"2025-01-21 14:16:57"
328;"2024-12-16 10:20:00";4;230;4;18;3;"2025-01-21 14:18:24";"2025-01-21 14:20:11"
329;"2024-12-16 08:00:00";4;229;4;18;3;"2025-01-21 14:22:08";"2025-01-21 14:24:25"
330;"2024-12-16 08:00:00";4;228;4;18;3;"2025-01-21 14:25:04";"2025-01-21 14:25:25"
331;"2024-12-16 10:20:00";4;231;4;18;3;"2025-01-21 14:26:28";"2025-01-21 14:26:55"
332;"2024-12-16 08:00:00";4;236;4;18;3;"2025-01-21 14:27:42";"2025-01-21 14:29:00"
333;"2024-12-16 10:20:00";4;237;4;18;3;"2025-01-21 14:30:16";"2025-01-21 14:32:48"
334;"2024-12-18 10:20:00";4;240;4;19;3;"2025-01-21 14:45:07";"2025-01-21 14:46:16"
335;"2024-12-18 08:00:00";4;245;4;19;3;"2025-01-21 14:47:43";"2025-01-21 14:48:38"
336;"2024-12-18 08:00:00";4;245;3;0;0;"2025-01-21 14:48:56";"2025-02-18 13:05:47"
337;"2024-12-17 13:00:00";4;238;4;19;3;"2025-01-21 14:50:55";"2025-01-21 14:51:33"
338;"2024-12-17 10:20:00";4;244;4;19;3;"2025-01-21 14:52:17";"2025-01-21 14:53:25"
339;"2024-12-17 08:00:00";4;241;4;19;3;"2025-01-21 14:54:39";"2025-01-21 14:55:27"
340;"2024-12-16 13:00:00";4;247;4;19;3;"2025-01-21 14:56:37";"2025-01-21 14:57:18"
341;"2024-12-16 13:00:00";4;246;4;19;3;"2025-01-21 14:57:33";"2025-01-21 14:57:46"
342;"2024-12-16 10:20:00";4;243;4;19;3;"2025-01-21 14:58:22";"2025-01-21 14:59:01"
343;"2024-12-16 08:00:00";4;249;4;19;3;"2025-01-21 14:59:56";"2025-01-21 15:00:38"
344;"2024-12-16 10:20:00";4;248;4;19;3;"2025-01-21 15:01:05";"2025-01-21 15:01:37"
345;"2024-12-16 10:20:00";4;242;4;19;3;"2025-01-21 15:02:13";"2025-01-21 15:04:58"
346;"2024-12-16 08:00:00";4;239;4;19;3;"2025-01-21 15:06:51";"2025-01-21 15:08:10"
347;"2024-12-16 08:00:00";4;239;3;0;0;"2025-01-21 15:08:40";"2025-02-18 13:05:31"
348;"2024-12-18 15:00:00";4;260;4;20;3;"2025-01-21 15:11:08";"2025-01-21 15:12:15"
349;"2024-12-18 17:00:00";4;255;4;20;3;"2025-01-21 15:15:44";"2025-01-21 18:24:54"
350;"2024-12-17 17:00:00";4;252;3;0;0;"2025-01-21 18:26:57";"2025-02-18 13:05:52"
351;"2024-12-17 17:00:00";4;252;4;20;3;"2025-01-21 18:28:22";"2025-01-21 18:48:05"
352;"2024-12-17 13:00:00";4;256;4;20;3;"2025-01-21 18:30:27";"2025-01-21 18:31:04"
353;"2024-12-16 17:00:00";4;259;4;20;3;"2025-01-21 18:32:42";"2025-01-21 18:33:36"
354;"2024-12-16 15:00:00";4;254;4;20;3;"2025-01-21 18:36:42";"2025-01-21 18:50:20"
355;"2024-12-16 13:00:00";4;262;4;20;3;"2025-01-21 18:51:14";"2025-01-21 18:51:33"
356;"2024-12-16 15:00:00";4;258;4;20;3;"2025-01-21 18:52:38";"2025-01-21 18:53:08"
357;"2024-12-18 15:00:00";4;268;4;21;3;"2025-01-21 18:53:54";"2025-01-21 18:54:30"
358;"2024-12-18 13:00:00";4;264;4;21;3;"2025-01-21 18:55:05";"2025-01-21 18:55:48"
359;"2024-12-17 15:00:00";4;265;4;21;3;"2025-01-21 18:56:25";"2025-01-21 18:56:59"
360;"2024-12-17 17:00:00";4;273;4;21;3;"2025-01-21 18:57:49";"2025-01-21 18:58:58"
361;"2024-12-17 10:30:00";4;277;4;21;3;"2025-01-21 18:59:21";"2025-01-21 19:00:00"
362;"2024-12-17 15:00:00";4;253;4;20;3;"2025-01-21 19:00:45";"2025-01-21 19:01:13"
363;"2024-12-17 13:00:00";4;271;4;21;3;"2025-01-21 19:01:53";"2025-07-29 11:30:52"
364;"2024-12-17 10:30:00";4;276;4;21;3;"2025-01-21 19:03:25";"2025-01-21 19:03:48"
365;"2024-12-16 13:00:00";4;267;4;21;3;"2025-01-21 19:04:13";"2025-01-21 19:04:40"
366;"2024-12-16 13:00:00";4;270;4;21;3;"2025-01-21 19:05:21";"2025-01-21 19:08:54"
367;"2024-12-16 15:00:00";4;275;4;21;3;"2025-01-21 19:07:27";"2025-01-21 19:08:40"
368;"2024-12-16 10:30:00";4;263;4;21;3;"2025-01-21 19:09:35";"2025-01-21 19:10:15"
369;"2024-12-16 15:00:00";4;272;4;21;3;"2025-01-21 19:13:50";"2025-01-21 19:14:48"
370;"2024-12-18 15:00:00";4;285;4;22;3;"2025-01-21 19:15:59";"2025-01-21 19:16:39"
371;"2024-12-18 13:00:00";4;292;4;22;3;"2025-01-21 19:17:07";"2025-01-21 19:17:41"
372;"2024-12-17 15:00:00";4;281;4;22;3;"2025-01-21 19:19:37";"2025-01-21 19:23:18"
373;"2024-12-17 13:00:00";4;286;4;22;3;"2025-01-21 19:21:37";"2025-01-21 19:23:53"
374;"2024-12-17 10:30:00";4;288;4;22;3;"2025-01-21 19:25:22";"2025-01-21 19:26:22"
375;"2024-12-16 10:30:00";4;278;4;22;3;"2025-01-21 19:28:28";"2025-01-21 19:29:02"
376;"2024-12-16 13:00:00";4;291;4;22;3;"2025-01-21 19:29:45";"2025-01-21 19:30:37"
377;"2024-12-16 10:30:00";4;289;4;22;3;"2025-01-21 19:30:54";"2025-01-21 19:31:40"
378;"2024-12-16 17:00:00";4;283;4;22;3;"2025-01-21 19:31:56";"2025-01-21 19:32:28"
379;"2024-12-16 15:00:00";4;280;4;22;3;"2025-01-21 19:35:22";"2025-01-21 19:35:48"
380;"2024-12-16 13:00:00";4;282;4;22;3;"2025-01-21 19:36:52";"2025-01-21 19:37:50"
381;"2024-12-16 15:00:00";4;284;4;22;3;"2025-01-21 19:38:12";"2025-01-21 19:39:07"
382;"2024-12-16 08:00:00";4;266;4;21;3;"2025-02-11 15:35:57";"2025-02-11 15:36:31"
383;"2024-12-16 11:00:00";4;269;4;21;3;"2025-02-11 15:37:11";"2025-02-11 15:37:33"
384;"2024-12-16 20:00:00";4;225;4;17;3;"2025-02-11 15:38:29";"2025-02-11 15:39:10"
385;"2024-12-17 08:00:00";4;232;4;18;3;"2025-02-11 15:40:55";"2025-02-11 15:42:42"
386;"2025-02-17 12:12:13";5;240;4;0;0;"2025-02-17 12:12:13";"2025-02-17 12:12:13"
387;"2025-02-21 08:00:00";5;234;1;0;0;"2025-02-17 12:17:37";"2025-02-22 13:06:39"
388;"2025-02-19 08:00:00";5;240;3;0;0;"2025-02-17 12:17:45";"2025-02-20 14:41:26"
389;"2025-02-21 08:00:00";5;245;1;0;0;"2025-02-17 12:17:52";"2025-02-22 13:07:48"
390;"2025-02-19 10:00:00";5;221;3;0;0;"2025-02-17 12:33:09";"2025-02-18 22:34:38"
391;"2025-02-19 16:00:00";5;252;3;0;0;"2025-02-17 12:47:21";"2025-02-21 15:04:47"
392;"2025-02-20 15:00:00";5;256;1;0;0;"2025-02-17 12:47:31";"2025-02-21 14:00:18"
393;"2025-02-19 08:00:00";5;220;1;0;0;"2025-02-17 13:02:09";"2025-02-21 15:29:46"
394;"2025-02-19 10:00:00";5;222;3;0;0;"2025-02-17 13:02:15";"2025-02-18 22:36:16"
395;"2025-02-20 08:00:00";5;229;3;0;0;"2025-02-17 13:43:22";"2025-02-21 14:42:12"
396;"2025-02-20 10:00:00";5;223;3;0;0;"2025-02-17 13:53:41";"2025-02-21 13:57:08"
397;"2025-02-21 08:00:00";5;224;1;0;0;"2025-02-17 14:10:13";"2025-02-22 13:05:42"
398;"2025-02-20 08:00:00";5;239;1;0;0;"2025-02-17 15:21:29";"2025-02-21 15:00:33"
399;"2024-12-16 13:00:00";4;292;4;22;2;"2025-02-17 15:59:26";"2025-02-17 15:59:57"
400;"2025-02-19 10:00:00";5;222;1;0;0;"2025-02-18 14:06:27";"2025-02-21 16:03:04"
401;"2025-02-20 08:00:00";5;227;1;0;0;"2025-02-18 14:06:38";"2025-02-21 15:01:12"
402;"2025-02-21 08:00:00";5;248;1;0;0;"2025-02-18 14:17:51";"2025-02-21 13:59:32"
403;"2025-02-20 10:00:00";5;243;1;0;0;"2025-02-18 14:17:59";"2025-02-21 13:58:34"
404;"2025-02-18 16:06:53";20;230;1;0;0;"2025-02-18 16:06:53";"2025-02-18 16:06:53"
405;"2025-02-18 21:03:25";10;229;1;0;0;"2025-02-18 21:03:25";"2025-02-18 21:03:25"
406;"2025-02-18 21:05:30";20;220;1;0;0;"2025-02-18 21:05:30";"2025-02-18 21:05:30"
407;"2025-02-18 21:06:36";10;229;3;0;0;"2025-02-18 21:06:36";"2025-02-18 21:06:36"
408;"2025-02-18 21:07:14";10;230;1;0;0;"2025-02-18 21:07:14";"2025-02-18 21:07:14"
409;"2025-02-18 21:08:27";15;290;1;0;0;"2025-02-18 21:08:27";"2025-02-18 21:08:27"
410;"2025-02-18 21:10:35";15;223;3;0;0;"2025-02-18 21:10:35";"2025-02-18 21:10:35"
411;"2025-02-18 21:11:10";15;219;1;0;0;"2025-02-18 21:11:10";"2025-02-18 21:11:10"
412;"2025-02-18 21:12:10";10;219;1;0;0;"2025-02-18 21:12:10";"2025-02-18 21:12:10"
413;"2025-02-18 21:13:27";10;224;1;0;0;"2025-02-18 21:13:27";"2025-02-18 21:13:27"
414;"2025-02-18 21:19:02";15;222;1;0;0;"2025-02-18 21:19:02";"2025-02-18 21:19:02"
415;"2025-02-18 21:19:29";15;227;1;0;0;"2025-02-18 21:19:29";"2025-02-18 21:19:29"
416;"2025-02-18 21:20:40";10;243;1;0;0;"2025-02-18 21:20:40";"2025-02-18 21:20:40"
417;"2025-02-18 21:20:59";10;248;1;0;0;"2025-02-18 21:20:59";"2025-02-18 21:20:59"
418;"2025-02-18 21:22:14";10;220;1;0;0;"2025-02-18 21:22:14";"2025-02-18 21:22:14"
419;"2025-02-18 21:26:38";15;229;1;0;0;"2025-02-18 21:26:38";"2025-02-18 21:26:38"
420;"2025-02-19 08:00:00";5;240;1;0;0;"2025-02-18 22:24:50";"2025-02-18 22:44:08"
421;"2024-12-16 13:00:00";4;265;3;0;0;"2025-02-20 11:29:25";"2025-02-20 11:31:15"
422;"2025-02-20 11:31:00";4;265;4;21;2;"2025-02-20 11:31:21";"2025-02-20 11:42:02"
423;"2025-02-19 13:00:00";5;265;4;21;2;"2025-02-20 11:39:55";"2025-07-28 14:32:31"
424;"2024-12-16 13:00:00";4;265;4;21;1;"2025-02-20 11:42:56";"2025-02-20 11:44:16"
425;"2025-02-19 13:00:00";5;265;4;21;1;"2025-02-20 11:44:43";"2025-02-20 11:46:40"
426;"2025-02-19 13:00:00";5;280;4;22;1;"2025-02-20 11:48:49";"2025-02-20 11:49:46"
427;"2025-02-19 08:00:00";5;232;4;18;3;"2025-02-20 11:52:55";"2025-02-20 11:53:57"
428;"2025-02-19 13:00:00";5;253;4;20;3;"2025-02-20 11:59:47";"2025-02-20 12:00:10"
429;"2025-02-19 08:00:00";5;221;4;17;2;"2025-02-20 12:02:39";"2025-02-20 12:04:06"
430;"2025-02-19 08:00:00";5;232;4;18;2;"2025-02-20 12:06:20";"2025-02-20 12:10:39"
431;"2025-02-19 08:00:00";5;257;4;20;2;"2025-02-20 12:24:28";"2025-02-20 12:24:44"
432;"2025-02-19 13:00:00";5;280;4;22;2;"2025-02-20 12:25:21";"2025-02-20 12:25:49"
433;"2025-02-19 13:00:00";5;252;4;20;1;"2025-02-20 12:26:50";"2025-02-20 12:27:20"
434;"2025-02-19 13:00:00";5;280;4;22;3;"2025-02-20 12:27:50";"2025-02-20 12:28:54"
435;"2025-02-19 13:00:00";5;265;4;21;3;"2025-02-20 12:29:50";"2025-02-20 12:30:14"
436;"2025-02-19 13:00:00";5;252;4;20;3;"2025-02-20 12:31:19";"2025-02-20 12:31:46"
437;"2025-02-19 13:00:00";5;257;4;20;1;"2025-02-20 12:33:34";"2025-02-20 12:34:05"
438;"2024-12-16 15:00:00";4;257;4;20;3;"2025-02-20 12:59:23";"2025-02-20 13:01:04"
439;"2025-02-19 13:00:00";5;257;4;20;3;"2025-02-20 13:01:17";"2025-02-20 13:01:39"
440;"2025-02-19 13:00:00";5;266;4;21;1;"2025-02-20 13:30:09";"2025-02-20 13:30:44"
441;"2025-02-19 08:00:00";5;230;4;18;2;"2025-02-20 13:33:44";"2025-02-20 13:35:14"
442;"2025-02-19 13:00:00";5;266;4;21;2;"2025-02-20 13:35:39";"2025-02-28 14:41:00"
443;"2025-02-19 13:00:00";5;253;4;20;2;"2025-02-20 13:40:44";"2025-04-11 12:19:38"
444;"2025-02-19 13:00:00";5;266;4;21;3;"2025-02-20 13:49:20";"2025-02-20 13:49:35"
445;"2025-02-19 08:00:00";5;220;4;17;2;"2025-02-20 13:51:19";"2025-02-20 13:52:01"
446;"2025-02-19 13:00:00";5;281;4;22;2;"2025-02-20 13:54:30";"2025-02-28 14:39:55"
447;"2025-02-19 13:00:00";5;281;4;22;3;"2025-02-20 13:55:42";"2025-04-08 17:57:01"
448;"2025-02-19 08:00:00";5;220;4;17;3;"2025-02-20 13:57:52";"2025-02-20 14:25:49"
449;"2025-02-19 13:00:00";5;252;4;20;2;"2025-02-20 14:35:58";"2025-02-20 14:36:24"
450;"2025-02-19 13:00:00";5;240;4;19;1;"2025-02-20 14:38:32";"2025-02-26 15:17:15"
451;"2025-02-19 08:00:00";5;241;4;19;3;"2025-02-20 14:43:30";"2025-02-20 14:43:55"
452;"2025-02-19 08:00:00";5;235;4;18;1;"2025-02-20 14:45:37";"2025-02-20 14:46:04"
453;"2025-02-19 13:00:00";5;278;4;22;1;"2025-02-20 14:53:08";"2025-02-20 14:53:37"
454;"2025-02-19 13:00:00";5;278;4;22;3;"2025-02-20 14:54:20";"2025-02-20 14:54:36"
455;"2025-02-19 08:00:00";5;230;4;18;3;"2025-02-20 14:56:36";"2025-02-20 14:58:49"
456;"2025-02-19 08:00:00";5;235;4;18;3;"2025-02-20 14:59:24";"2025-02-20 14:59:41"
457;"2025-02-20 18:17:00";5;291;1;0;0;"2025-02-20 18:17:55";"2025-02-21 14:33:20"
458;"2025-02-19 11:00:00";5;240;4;19;2;"2025-02-21 11:00:27";"2025-02-21 11:01:23"
459;"2025-02-19 13:00:00";5;263;4;21;2;"2025-02-21 11:10:25";"2025-02-21 11:10:52"
460;"2025-02-19 08:00:00";5;228;4;18;2;"2025-02-21 11:12:33";"2025-02-21 11:12:59"
461;"2025-02-19 08:00:00";5;241;4;19;1;"2025-02-21 11:15:50";"2025-02-21 11:16:14"
462;"2025-02-19 08:00:00";5;222;4;17;1;"2025-02-21 11:17:11";"2025-02-21 11:17:39"
463;"2025-02-19 08:00:00";5;246;4;19;2;"2025-02-21 11:18:19";"2025-02-21 15:11:20"
464;"2025-02-19 08:00:00";5;235;4;18;2;"2025-02-21 11:21:11";"2025-02-21 11:22:00"
465;"2025-12-16 08:00:00";4;225;4;17;2;"2025-02-21 11:26:10";"2025-02-21 11:27:04"
466;"2025-02-19 08:00:00";5;225;4;17;2;"2025-02-21 11:27:50";"2025-02-21 11:29:15"
467;"2025-02-19 08:00:00";5;225;4;17;3;"2025-02-21 11:31:23";"2025-02-21 11:31:42"
468;"2025-02-19 08:00:00";5;240;4;19;3;"2025-02-21 11:32:30";"2025-02-21 11:34:27"
469;"2024-12-16 13:00:00";4;251;4;20;3;"2025-02-21 12:02:29";"2025-02-21 12:03:45"
470;"2024-12-16 13:00:00";4;251;3;0;0;"2025-02-21 12:07:04";"2025-02-21 12:08:37"
471;"2025-02-20 13:00:00";5;251;4;20;3;"2025-02-21 12:15:31";"2025-02-21 12:22:46"
472;"2025-02-20 13:00:00";5;251;3;0;0;"2025-02-21 12:18:13";"2025-02-21 12:18:39"
473;"2025-02-20 13:00:00";5;264;4;21;3;"2025-02-21 12:31:54";"2025-02-21 12:35:16"
474;"2025-02-20 13:00:00";5;279;4;22;3;"2025-02-21 12:36:36";"2025-02-21 12:37:38"
475;"2025-02-20 13:00:00";5;256;4;20;3;"2025-02-21 12:41:39";"2025-02-21 13:02:01"
476;"2025-02-20 13:00:00";5;271;4;21;2;"2025-02-21 13:04:02";"2025-02-21 13:04:37"
477;"2025-02-21 13:00:00";5;256;4;20;1;"2025-02-21 13:07:42";"2025-02-21 13:09:36"
478;"2025-02-20 13:00:00";5;258;4;20;1;"2025-02-21 13:11:09";"2025-02-21 13:13:04"
479;"2025-02-19 13:00:00";5;250;4;20;1;"2025-02-21 13:11:49";"2025-02-21 13:12:06"
480;"2025-02-19 13:00:00";5;263;4;21;1;"2025-02-21 13:12:37";"2025-02-21 13:12:57"
481;"2025-02-20 13:00:00";5;256;4;20;2;"2025-02-21 13:14:13";"2025-02-21 13:15:20"
482;"2025-02-19 13:00:00";5;250;4;20;3;"2025-02-21 13:15:49";"2025-02-21 13:16:09"
483;"2025-02-20 13:00:00";5;269;4;21;2;"2025-02-21 13:16:02";"2025-02-21 13:17:34"
484;"2025-02-19 08:00:00";5;241;4;19;2;"2025-02-21 13:17:33";"2025-02-21 13:18:56"
485;"2025-02-20 13:00:00";5;271;4;21;3;"2025-02-21 13:18:31";"2025-02-21 13:20:25"
486;"2025-02-20 13:00:00";5;272;4;21;1;"2025-02-21 13:21:27";"2025-02-21 13:32:02"
487;"2025-02-19 08:00:00";5;247;4;19;3;"2025-02-21 13:27:03";"2025-02-21 13:27:31"
488;"2025-02-19 08:00:00";5;231;4;18;2;"2025-02-21 13:29:41";"2025-02-21 13:30:25"
489;"2025-02-20 13:00:00";5;282;4;22;2;"2025-02-21 13:32:48";"2025-02-21 13:33:59"
490;"2025-02-20 13:00:00";5;292;4;22;2;"2025-02-21 13:34:36";"2025-02-21 13:35:17"
491;"2025-02-20 13:00:00";5;292;4;22;3;"2025-02-21 13:36:58";"2025-02-21 13:38:19"
492;"2025-02-20 13:00:00";5;269;4;21;1;"2025-02-21 13:40:11";"2025-02-21 13:41:11"
493;"2025-02-20 13:00:00";5;292;4;22;1;"2025-02-21 13:42:19";"2025-02-21 13:42:54"
494;"2025-02-20 13:00:00";5;271;4;21;1;"2025-02-21 13:44:10";"2025-02-21 13:45:02"
495;"2025-02-20 13:00:00";5;279;4;22;2;"2025-02-21 13:46:01";"2025-02-21 13:47:00"
496;"2025-02-20 13:00:00";5;264;4;21;2;"2025-02-21 13:48:01";"2025-02-21 13:53:44"
497;"2025-02-20 13:00:00";5;291;4;22;3;"2025-02-21 13:54:51";"2025-02-21 13:57:00"
498;"2025-02-19 08:00:00";5;228;4;18;1;"2025-02-21 14:02:11";"2025-02-21 14:02:30"
499;"2025-02-19 08:00:00";5;222;4;17;2;"2025-02-21 14:05:44";"2025-02-21 14:06:06"
500;"2025-02-20 13:00:00";5;282;4;22;3;"2025-02-21 14:07:33";"2025-02-21 14:09:06"
501;"2025-02-19 08:00:00";5;218;4;17;1;"2025-02-21 14:08:07";"2025-02-21 14:08:39"
502;"2025-02-20 13:00:00";5;267;4;21;2;"2025-02-21 14:10:25";"2025-02-21 14:11:11"
503;"2025-02-20 13:00:00";5;268;4;21;1;"2025-02-21 14:12:41";"2025-02-21 14:15:34"
504;"2025-02-19 08:00:00";5;225;4;17;1;"2025-02-21 14:16:21";"2025-02-21 14:17:31"
505;"2025-02-21 14:19:00";5;220;4;17;1;"2025-02-21 14:19:02";"2025-02-21 14:19:29"
506;"2025-02-20 13:00:00";5;255;4;20;2;"2025-02-21 14:20:35";"2025-02-21 14:37:29"
507;"2025-02-20 13:00:00";5;268;4;21;2;"2025-02-21 14:38:09";"2025-02-21 14:38:40"
508;"2025-02-19 08:00:00";5;221;4;17;1;"2025-02-21 14:38:14";"2025-02-21 14:38:34"
509;"2025-02-20 13:00:00";5;258;4;20;2;"2025-02-21 14:39:53";"2025-02-21 14:40:39"
510;"2025-02-19 08:00:00";5;218;4;17;2;"2025-02-21 14:40:35";"2025-02-21 14:40:55"
511;"2025-02-20 13:00:00";5;284;4;22;2;"2025-02-21 14:41:25";"2025-02-21 14:42:49"
512;"2025-02-19 08:00:00";5;218;4;17;3;"2025-02-21 14:43:12";"2025-02-21 14:43:40"
513;"2025-02-20 13:00:00";5;284;4;22;3;"2025-02-21 14:43:15";"2025-02-21 14:44:17"
514;"2025-02-20 13:00:00";5;267;4;21;1;"2025-02-21 14:45:07";"2025-02-21 14:46:12"
515;"2025-02-19 08:00:00";5;222;4;17;3;"2025-02-21 14:45:09";"2025-02-21 14:45:27"
516;"2025-02-19 08:00:00";5;221;4;17;3;"2025-02-21 14:46:49";"2025-02-21 14:47:15"
517;"2025-02-20 13:00:00";5;243;4;19;2;"2025-02-21 14:48:07";"2025-02-21 14:50:07"
518;"2025-02-19 08:00:00";5;231;4;18;1;"2025-02-21 14:48:12";"2025-02-21 14:48:32"
519;"2025-02-19 08:00:00";5;232;4;18;1;"2025-02-21 14:49:28";"2025-02-21 14:49:50"
520;"2025-02-19 08:00:00";5;230;4;18;1;"2025-02-21 14:50:41";"2025-02-21 14:51:11"
521;"2025-02-20 13:00:00";5;254;4;20;3;"2025-02-21 14:51:16";"2025-02-21 14:52:29"
522;"2025-02-19 08:00:00";5;231;4;18;3;"2025-02-21 14:51:50";"2025-02-21 14:52:10"
523;"2025-02-19 08:00:00";5;228;4;18;3;"2025-02-21 14:52:43";"2025-02-21 14:52:59"
524;"2025-02-20 13:00:00";5;254;4;20;2;"2025-02-21 14:53:13";"2025-02-21 14:53:44"
525;"2025-02-19 08:00:00";5;242;4;19;3;"2025-02-21 15:00:19";"2025-02-21 15:00:41"
526;"2025-02-19 08:00:00";5;242;4;19;2;"2025-02-21 15:06:24";"2025-02-21 15:06:58"
527;"2025-02-19 08:00:00";5;246;4;19;1;"2025-02-21 15:11:49";"2025-02-21 15:12:09"
528;"2025-02-19 08:00:00";5;242;4;19;1;"2025-02-21 15:12:47";"2025-02-21 15:13:04"
529;"2025-02-19 08:00:00";5;244;4;19;1;"2025-02-21 15:14:06";"2025-02-21 15:14:33"
530;"2025-02-20 08:00:00";5;227;4;17;2;"2025-02-21 15:15:50";"2025-02-21 15:16:31"
531;"2025-02-20 08:00:00";5;229;4;18;3;"2025-02-21 15:20:49";"2025-02-21 15:21:30"
532;"2025-02-20 08:00:00";5;233;4;18;3;"2025-02-21 15:22:17";"2025-02-21 15:22:41"
533;"2025-02-20 08:00:00";5;244;4;19;3;"2025-02-21 15:23:57";"2025-02-21 15:24:26"
534;"2025-02-20 08:00:00";5;227;4;17;3;"2025-02-21 15:26:01";"2025-02-21 15:26:24"
535;"2025-02-20 08:00:00";5;227;4;17;1;"2025-02-21 15:27:04";"2025-04-29 12:09:14"
536;"2025-02-20 08:00:00";5;237;4;18;1;"2025-02-21 15:28:17";"2025-02-21 15:28:46"
537;"2025-02-20 08:00:00";5;237;4;18;3;"2025-02-21 15:29:48";"2025-02-21 15:30:37"
538;"2025-02-20 08:00:00";5;239;4;19;3;"2025-02-21 15:31:51";"2025-02-21 15:32:24"
539;"2025-02-20 13:00:00";5;267;4;21;3;"2025-02-21 16:25:26";"2025-02-21 16:26:01"
540;"2025-02-20 13:00:00";5;264;4;21;1;"2025-02-21 16:29:49";"2025-02-21 16:30:35"
541;"2025-02-20 13:00:00";5;279;4;22;1;"2025-02-21 16:31:20";"2025-02-21 16:31:50"
542;"2025-02-20 13:00:00";5;251;4;20;2;"2025-02-21 16:33:27";"2025-02-21 16:35:15"
543;"2025-02-20 13:00:00";5;272;4;21;3;"2025-02-21 16:38:08";"2025-02-21 16:39:34"
544;"2025-02-20 13:00:00";5;223;4;17;3;"2025-02-21 16:40:54";"2025-02-21 16:42:25"
545;"2025-02-20 13:00:00";5;243;4;19;3;"2025-02-21 16:50:10";"2025-02-21 16:51:48"
546;"2025-02-20 13:00:00";5;223;4;17;1;"2025-02-21 16:53:28";"2025-04-29 12:08:32"
547;"2025-02-20 13:00:00";5;243;4;19;1;"2025-02-21 16:57:15";"2025-02-21 16:59:45"
548;"2025-02-20 13:00:00";5;254;4;20;1;"2025-02-21 17:01:02";"2025-02-21 17:02:08"
549;"2025-02-20 13:00:00";5;255;4;20;3;"2025-02-21 17:03:14";"2025-02-21 17:04:15"
550;"2025-02-20 13:00:00";5;223;4;17;2;"2025-02-21 17:06:07";"2025-02-21 17:08:21"
551;"2025-02-20 13:00:00";5;244;4;19;2;"2025-02-21 17:11:23";"2025-02-21 17:13:39"
552;"2025-02-20 13:00:00";5;233;4;18;2;"2025-02-21 17:15:49";"2025-02-21 17:18:44"
553;"2025-02-20 13:00:00";5;234;4;18;1;"2025-02-21 17:20:12";"2025-02-22 13:30:12"
554;"2025-02-20 13:00:00";5;233;4;18;1;"2025-02-21 17:23:55";"2025-02-21 17:25:26"
555;"2025-02-20 13:00:00";5;255;4;20;1;"2025-02-21 17:26:24";"2025-02-21 17:27:09"
556;"2025-02-20 13:00:00";5;256;4;21;3;"2025-02-21 17:28:05";"2025-02-21 17:28:26"
557;"2025-02-20 13:00:00";5;272;4;21;2;"2025-02-21 17:29:10";"2025-02-21 17:29:32"
558;"2025-02-20 13:00:00";5;219;4;17;1;"2025-02-21 17:31:11";"2025-04-29 12:08:08"
559;"2025-02-20 13:00:00";5;219;4;17;2;"2025-02-21 17:33:20";"2025-02-21 17:34:35"
560;"2025-02-20 13:00:00";5;237;4;18;2;"2025-02-21 17:37:33";"2025-02-21 17:39:38"
561;"2025-02-20 13:00:00";5;229;4;18;2;"2025-02-21 17:42:11";"2025-02-21 17:45:33"
562;"2025-02-20 13:00:00";5;258;4;20;3;"2025-02-21 17:47:19";"2025-02-21 17:50:09"
563;"2025-02-20 13:00:00";5;219;4;17;3;"2025-02-21 17:51:29";"2025-02-21 17:52:35"
564;"2025-02-20 13:00:00";5;229;4;18;1;"2025-02-21 17:53:58";"2025-02-21 17:55:28"
565;"2025-02-20 13:00:00";5;239;4;19;1;"2025-02-21 17:56:58";"2025-02-21 17:58:39"
566;"2025-02-20 13:00:00";5;239;4;19;2;"2025-02-21 17:59:46";"2025-02-21 18:00:41"
567;"2025-02-21 08:00:00";5;224;4;17;1;"2025-02-22 13:10:25";"2025-04-11 12:28:32"
568;"2025-02-21 08:00:00";5;226;4;17;1;"2025-02-22 13:11:21";"2025-02-22 13:11:33"
569;"2025-02-21 08:00:00";5;224;4;17;2;"2025-02-22 13:14:23";"2025-02-22 13:15:02"
570;"2025-02-21 08:00:00";5;226;4;17;2;"2025-02-22 13:15:35";"2025-02-22 13:16:58"
571;"2025-02-21 08:59:00";5;224;4;17;3;"2025-02-22 13:17:52";"2025-02-22 13:18:36"
572;"2025-02-21 08:00:00";5;226;4;17;3;"2025-02-22 13:22:58";"2025-02-22 13:23:10"
573;"2025-02-21 08:00:00";5;236;4;18;1;"2025-02-22 13:24:09";"2025-02-22 13:24:30"
574;"2025-02-21 08:00:00";5;234;4;18;2;"2025-02-22 13:31:39";"2025-02-22 13:33:26"
575;"2025-02-21 08:00:00";5;236;4;18;2;"2025-02-22 13:34:39";"2025-02-22 13:35:06"
576;"2025-02-21 08:00:00";5;236;4;18;3;"2025-02-22 13:35:49";"2025-02-22 13:36:12"
577;"2025-02-21 08:00:00";5;249;4;19;1;"2025-02-23 12:43:13";"2025-02-23 12:43:35"
578;"2025-02-21 08:00:00";5;245;4;19;1;"2025-02-23 12:45:10";"2025-02-23 12:47:41"
579;"2025-02-21 08:00:00";5;245;4;19;2;"2025-02-23 12:50:05";"2025-02-23 12:50:41"
580;"2025-02-21 08:00:00";5;249;4;19;3;"2025-02-23 12:52:05";"2025-02-23 12:52:28"
581;"2025-02-21 08:00:00";5;248;4;19;3;"2025-02-23 12:53:15";"2025-02-23 12:53:31"
582;"2025-02-21 08:00:00";5;245;4;19;3;"2025-02-23 12:54:26";"2025-02-26 15:18:41"
583;"2025-02-21 13:00:00";5;262;4;20;1;"2025-02-23 12:55:54";"2025-02-23 12:56:14"
584;"2025-02-21 13:00:00";5;260;4;20;1;"2025-02-23 13:02:52";"2025-02-23 13:03:29"
585;"2025-02-21 13:00:00";5;259;4;20;1;"2025-02-23 13:04:38";"2025-02-23 13:05:19"
586;"2025-02-21 13:00:00";5;259;4;20;2;"2025-02-23 13:07:21";"2025-09-18 15:09:47"
587;"2025-02-21 13:00:00";5;260;4;20;2;"2025-02-23 13:14:52";"2025-02-23 13:15:59"
588;"2025-12-16 13:00:00";4;261;4;20;3;"2025-02-23 13:29:18";"2025-02-23 13:41:51"
589;"2025-02-21 13:00:00";5;261;4;20;2;"2025-02-23 13:30:48";"2025-02-23 13:31:00"
590;"2025-02-21 13:00:00";5;262;4;20;2;"2025-02-23 13:38:25";"2025-02-23 13:38:39"
591;"2024-12-16 13:00:00";4;261;3;0;0;"2025-02-23 13:40:33";"2025-02-23 13:41:18"
592;"2025-02-21 13:00:00";5;261;4;20;3;"2025-02-23 13:42:32";"2025-02-23 13:42:53"
593;"2025-02-21 13:00:00";5;259;4;20;3;"2025-02-23 13:44:21";"2025-02-23 13:44:38"
594;"2025-02-21 13:00:00";5;260;4;20;3;"2025-02-23 13:45:45";"2025-02-23 13:46:48"
595;"2025-02-21 13:00:00";5;274;4;21;1;"2025-02-23 13:47:18";"2025-02-23 13:47:29"
596;"2025-02-21 13:00:00";5;273;4;21;1;"2025-02-23 13:48:20";"2025-02-26 15:20:17"
597;"2025-02-21 13:00:00";5;276;4;21;1;"2025-02-23 13:49:09";"2025-02-23 13:49:22"
598;"2025-02-21 13:00:00";5;275;4;21;1;"2025-02-23 13:50:11";"2025-02-23 13:50:33"
599;"2025-02-21 13:00:00";5;273;4;21;2;"2025-02-23 13:53:50";"2025-02-23 13:54:12"
600;"2025-02-21 13:00:00";5;275;4;21;2;"2025-02-23 13:54:37";"2025-02-23 13:54:48"
601;"2025-02-21 13:00:00";5;277;4;21;2;"2025-02-23 13:55:07";"2025-02-23 13:55:15"
602;"2025-02-21 13:00:00";5;274;4;21;2;"2025-02-23 13:55:49";"2025-02-23 13:56:25"
603;"2025-02-21 13:00:00";5;273;4;21;3;"2025-02-23 13:57:22";"2025-02-23 13:58:00"
604;"2024-12-16 13:00:00";4;274;4;21;3;"2025-02-23 13:58:59";"2025-02-23 13:59:34"
605;"2025-02-21 13:00:00";5;274;4;21;3;"2025-02-23 14:00:02";"2025-02-23 14:00:15"
606;"2025-02-21 13:00:00";5;277;4;21;3;"2025-02-23 14:01:21";"2025-02-23 14:01:37"
607;"2025-02-21 13:00:00";5;276;4;21;3;"2025-02-23 14:02:03";"2025-02-23 14:02:48"
608;"2025-02-21 13:00:00";5;275;4;21;3;"2025-02-23 14:03:16";"2025-04-11 13:09:59"
609;"2024-12-16 13:00:00";4;290;4;22;1;"2025-02-23 14:06:03";"2025-02-23 14:09:10"
610;"2025-02-21 13:00:00";5;290;4;22;1;"2025-02-23 14:09:35";"2025-02-23 14:10:46"
611;"2025-02-21 13:00:00";5;289;4;22;1;"2025-02-23 14:11:04";"2025-02-23 14:11:26"
612;"2025-02-21 13:00:00";5;288;4;22;2;"2025-02-23 14:11:48";"2025-02-23 14:12:00"
613;"2025-02-21 13:00:00";5;286;4;22;2;"2025-02-23 14:12:18";"2025-02-23 14:12:28"
614;"2025-12-16 13:00:00";4;290;4;22;2;"2025-02-23 14:13:01";"2025-02-23 14:14:02"
615;"2025-02-21 13:00:00";5;290;4;22;2;"2025-02-23 14:13:32";"2025-02-23 14:13:48"
616;"2025-02-21 13:00:00";5;288;4;22;3;"2025-02-23 14:14:43";"2025-02-23 14:17:38"
617;"2025-02-21 13:00:00";5;286;4;22;3;"2025-02-23 14:18:14";"2025-02-23 14:18:43"
618;"2025-02-12 13:00:00";5;285;4;22;3;"2025-02-23 14:19:30";"2025-02-23 14:19:45"
619;"2024-12-16 13:00:00";4;290;4;22;3;"2025-02-23 14:21:03";"2025-02-23 14:21:51"
620;"2025-02-21 13:00:00";5;290;4;22;3;"2025-02-23 14:22:23";"2025-02-23 14:22:57"
621;"2024-12-16 13:00:00";4;287;4;22;3;"2025-02-23 14:23:28";"2025-02-23 14:24:54"
622;"2025-02-21 13:00:00";5;287;4;22;3;"2025-02-23 14:24:22";"2025-02-23 14:25:27"
623;"2025-02-21 13:00:00";5;289;4;22;3;"2025-02-23 14:25:53";"2025-02-23 14:26:05"
624;"2025-02-21 08:00:00";5;238;4;19;3;"2025-02-23 14:33:51";"2025-02-23 14:34:09"
625;"2025-02-21 13:00:00";5;273;2;0;0;"2025-02-23 14:42:51";"2025-02-23 14:43:44"
626;"2025-02-21 13:00:00";5;275;2;0;0;"2025-02-23 14:42:56";"2025-02-23 14:44:03"
627;"2025-02-21 08:00:00";5;249;4;19;2;"2025-02-23 16:04:06";"2025-02-23 16:05:18"
628;"2025-02-21 08:00:00";5;248;4;19;2;"2025-02-23 16:06:36";"2025-02-23 16:07:06"
629;"2025-02-21 08:00:00";5;248;4;19;1;"2025-02-23 16:07:58";"2025-02-23 16:08:38"
630;"2025-02-19 15:00:00";5;270;4;21;2;"2025-02-28 14:36:37";"2025-02-28 14:38:04"
631;"2025-04-14 13:00:00";21;278;1;0;0;"2025-04-01 11:55:55";"2025-04-11 13:46:39"
632;"2025-04-24 13:00:00";21;279;1;0;0;"2025-04-01 13:28:10";"2025-04-25 13:18:31"
633;"2025-04-22 08:00:00";21;252;1;0;0;"2025-04-01 14:35:28";"2025-04-25 13:02:05"
634;"2025-04-22 08:00:00";21;265;1;0;0;"2025-04-01 14:35:34";"2025-04-25 13:02:46"
635;"2025-04-24 13:00:00";21;219;1;0;0;"2025-04-09 11:17:18";"2025-04-25 13:13:42"
636;"2025-04-23 13:00:00";21;224;1;0;0;"2025-04-09 11:17:47";"2025-04-25 13:05:48"
637;"2025-04-22 08:00:00";21;220;1;0;0;"2025-04-09 11:18:58";"2025-04-25 12:42:18"
638;"2025-04-21 13:00:00";21;223;1;0;0;"2025-04-09 11:32:25";"2025-04-25 12:30:12"
639;"2025-04-21 13:00:00";21;227;1;0;0;"2025-04-09 11:34:04";"2025-04-25 12:23:33"
640;"2025-04-15 08:00:00";21;222;1;0;0;"2025-04-09 11:35:04";"2025-04-15 13:46:09"
641;"2025-04-15 08:00:00";21;221;1;0;0;"2025-04-09 12:13:18";"2025-04-15 13:45:52"
642;"2025-04-14 13:00:00";21;235;1;0;0;"2025-04-09 12:48:44";"2025-04-15 11:42:05"
643;"2025-04-24 13:00:00";21;229;1;0;0;"2025-04-09 12:50:59";"2025-04-25 13:14:49"
644;"2025-04-22 08:00:00";21;230;1;0;0;"2025-04-09 12:54:05";"2025-04-25 12:58:12"
645;"2025-04-25 13:00:00";21;273;1;0;0;"2025-04-09 13:17:15";"2025-04-28 11:29:53"
646;"2025-04-15 08:00:00";21;281;1;0;0;"2025-04-09 13:17:21";"2025-04-15 13:50:26"
647;"2025-04-23 13:00:00";21;282;1;0;0;"2025-04-09 13:17:28";"2025-04-25 13:09:44"
648;"2025-04-25 13:00:00";21;288;1;0;0;"2025-04-09 13:17:35";"2025-04-28 11:33:50"
649;"2025-04-25 13:00:00";21;290;1;0;0;"2025-04-09 13:17:41";"2025-04-28 11:35:09"
650;"2025-04-21 13:00:00";21;292;1;0;0;"2025-04-09 13:17:47";"2025-04-25 12:26:06"
651;"2025-04-24 13:00:00";21;239;1;0;0;"2025-04-09 13:28:06";"2025-04-25 13:16:20"
652;"2025-04-22 08:00:00";21;240;1;0;0;"2025-04-09 13:28:41";"2025-04-25 13:01:09"
653;"2025-04-23 13:00:00";21;245;1;0;0;"2025-04-09 13:30:00";"2025-04-25 13:07:55"
654;"2025-04-15 08:00:00";21;242;1;0;0;"2025-04-09 13:32:02";"2025-04-15 13:47:07"
655;"2025-04-21 13:00:00";21;244;1;0;0;"2025-04-09 13:33:27";"2025-04-25 12:36:03"
656;"2025-04-14 08:00:00";21;249;1;0;0;"2025-04-09 13:34:22";"2025-04-14 11:53:39"
657;"2025-04-25 13:00:00";21;259;1;0;0;"2025-04-09 13:36:23";"2025-04-28 11:28:06"
658;"2025-04-22 08:00:00";21;280;1;0;0;"2025-04-09 13:36:47";"2025-04-25 13:04:57"
659;"2025-04-25 13:00:00";21;274;1;0;0;"2025-04-09 13:43:53";"2025-04-28 11:30:29"
660;"2025-04-25 13:00:00";21;275;1;0;0;"2025-04-09 13:44:00";"2025-04-28 11:31:00"
661;"2025-04-25 13:00:00";21;276;1;0;0;"2025-04-09 13:44:11";"2025-04-28 11:32:21"
662;"2025-04-25 13:00:00";21;277;1;0;0;"2025-04-09 13:44:21";"2025-04-28 11:31:37"
663;"2025-04-25 13:00:00";21;260;1;0;0;"2025-04-09 13:46:01";"2025-04-28 11:28:50"
664;"2025-04-25 13:00:00";21;289;1;0;0;"2025-04-09 13:49:08";"2025-04-28 11:34:29"
665;"2025-04-25 13:00:00";21;260;2;0;0;"2025-04-09 13:49:30";"2025-04-28 11:25:48"
666;"2025-04-14 13:00:00";21;283;1;0;0;"2025-04-09 13:49:55";"2025-04-15 11:41:42"
667;"2025-04-21 13:00:00";21;284;1;0;0;"2025-04-09 13:50:06";"2025-04-25 12:25:17"
668;"2025-04-23 13:00:00";21;234;1;0;0;"2025-04-09 14:07:33";"2025-04-25 13:06:47"
669;"2025-04-21 13:00:00";21;255;1;0;0;"2025-04-11 11:52:04";"2025-04-25 12:40:24"
670;"2025-04-14 13:00:00";21;257;1;0;0;"2025-04-11 11:52:11";"2025-04-15 11:42:30"
671;"2025-04-25 13:00:00";21;259;2;0;0;"2025-04-11 11:52:33";"2025-04-28 11:26:53"
672;"2025-04-15 08:00:00";21;232;1;0;0;"2025-04-11 11:53:20";"2025-04-15 13:46:49"
673;"2025-04-24 13:00:00";21;251;1;0;0;"2025-04-11 11:58:30";"2025-04-25 13:16:58"
674;"2025-04-23 13:00:00";21;256;1;0;0;"2025-04-11 11:58:35";"2025-04-25 13:08:53"
675;"2025-02-19 13:00:00";5;253;4;20;1;"2025-04-11 12:22:03";"2025-04-11 12:22:46"
676;"2025-04-14 08:00:00";21;258;1;0;0;"2025-04-11 12:48:10";"2025-04-14 11:56:07"
677;"2025-02-20 08:00:00";5;269;4;21;3;"2025-04-11 13:04:22";"2025-04-11 13:05:42"
678;"2025-04-25 13:00:00";21;286;1;0;0;"2025-04-11 13:15:43";"2025-04-28 11:33:15"
679;"2025-04-14 13:00:00";21;218;6;0;0;"2025-04-11 13:47:15";"2025-05-09 11:14:12"
680;"2025-04-14 13:00:00";21;225;6;0;0;"2025-04-11 13:47:26";"2025-05-09 11:13:49"
681;"2025-04-23 13:00:00";21;224;6;0;0;"2025-04-11 13:47:49";"2025-05-09 11:15:15"
682;"2025-04-22 08:00:00";21;220;6;0;0;"2025-04-11 13:47:56";"2025-05-09 11:14:48"
683;"2025-04-24 16:02:00";21;264;1;0;0;"2025-04-24 16:02:28";"2025-04-25 13:17:55"
684;"2025-06-30 08:00:00";22;281;1;0;0;"2025-06-24 11:43:28";"2025-06-30 14:25:59"
685;"2025-06-30 13:00:00";22;268;1;0;0;"2025-06-24 11:43:38";"2025-07-01 11:51:51"
686;"2025-07-01 08:00:00";22;279;1;0;0;"2025-06-24 12:39:09";"2025-07-01 14:52:43"
687;"2025-06-30 08:00:00";22;280;1;0;0;"2025-06-24 12:39:14";"2025-06-30 14:18:21"
688;"2025-07-01 13:00:00";22;259;2;0;0;"2025-06-24 12:40:36";"2025-07-02 11:34:01"
689;"2025-07-01 13:00:00";22;260;2;0;0;"2025-06-24 12:41:50";"2025-07-02 11:33:10"
690;"2025-07-01 08:00:00";22;251;1;0;0;"2025-06-24 12:44:15";"2025-07-01 14:43:15"
691;"2025-06-30 08:00:00";22;258;1;0;0;"2025-06-24 12:49:17";"2025-06-30 13:08:36"
692;"2025-07-01 13:00:00";22;260;1;0;0;"2025-06-24 12:49:23";"2025-07-02 11:37:08"
693;"2025-07-01 13:00:00";22;290;1;0;0;"2025-06-24 13:01:13";"2025-07-02 11:40:56"
694;"2025-06-30 08:00:00";22;240;1;0;0;"2025-06-24 13:09:46";"2025-06-30 14:13:48"
695;"2025-07-01 08:00:00";22;219;2;0;0;"2025-06-24 13:10:23";"2025-07-01 14:40:55"
696;"2025-07-01 08:00:00";22;229;2;0;0;"2025-06-24 13:10:30";"2025-07-01 14:41:30"
697;"2025-06-30 13:00:00";22;227;1;0;0;"2025-06-26 11:25:56";"2025-07-01 11:52:50"
698;"2025-06-30 13:00:00";22;244;1;0;0;"2025-06-26 11:27:32";"2025-07-01 11:48:43"
699;"2025-06-30 13:00:00";22;223;1;0;0;"2025-06-26 11:28:02";"2025-07-01 11:49:28"
700;"2025-06-30 08:00:00";22;230;1;0;0;"2025-06-26 12:07:32";"2025-06-30 14:24:31"
701;"2025-06-30 08:00:00";22;249;1;0;0;"2025-06-26 12:11:00";"2025-06-30 13:08:11"
702;"2025-07-01 13:00:00";22;286;1;0;0;"2025-06-26 12:14:04";"2025-07-02 11:39:46"
703;"2025-07-01 13:00:00";22;288;1;0;0;"2025-06-26 12:14:10";"2025-07-02 11:41:14"
704;"2025-07-01 13:00:00";22;259;1;0;0;"2025-06-26 12:14:34";"2025-07-02 11:39:13"
705;"2025-06-30 08:00:00";22;220;1;0;0;"2025-06-26 14:01:34";"2025-06-30 14:15:16"
706;"2025-07-01 08:00:00";22;229;1;0;0;"2025-06-26 14:01:54";"2025-07-01 14:41:48"
707;"2025-07-01 08:00:00";22;219;1;0;0;"2025-06-26 20:06:21";"2025-07-01 14:43:59"
708;"2025-06-30 08:00:00";22;252;1;0;0;"2025-06-26 21:28:42";"2025-06-30 14:24:48"
709;"2025-07-01 13:00:00";22;274;2;0;0;"2025-06-26 21:30:40";"2025-07-02 11:35:38"
710;"2025-07-01 13:00:00";22;275;2;0;0;"2025-06-26 21:31:02";"2025-07-02 11:36:40"
711;"2025-06-30 13:00:00";22;233;1;0;0;"2025-06-27 11:52:02";"2025-07-01 11:46:40"
712;"2025-07-01 08:00:00";22;256;1;0;0;"2025-06-27 11:58:49";"2025-07-01 13:58:58"
713;"2025-07-01 08:00:00";22;239;1;0;0;"2025-06-27 11:59:16";"2025-07-01 14:42:33"
714;"2025-07-01 08:00:00";22;245;1;0;0;"2025-06-27 11:59:26";"2025-07-01 13:58:25"
715;"2025-07-23 08:00:00";5;230;5;0;0;"2025-07-23 14:11:35";"2025-07-23 14:15:22"
716;"2025-07-23 08:00:00";5;233;5;0;0;"2025-07-23 14:11:44";"2025-07-23 14:18:20"
717;"2025-09-09 12:03:32";23;227;4;0;0;"2025-09-09 12:03:32";"2025-09-09 12:03:32"
718;"2025-09-26 13:00:00";23;259;2;0;0;"2025-09-09 12:03:57";"2025-09-29 11:37:43"
719;"2025-09-26 13:00:00";23;260;2;0;0;"2025-09-09 12:04:04";"2025-09-29 11:37:14"
720;"2025-09-26 13:00:00";23;260;1;0;0;"2025-09-09 12:05:17";"2025-09-29 11:41:36"
721;"2025-09-24 13:00:00";23;245;1;0;0;"2025-09-09 12:07:39";"2025-09-25 11:24:47"
722;"2025-09-23 08:00:00";23;230;1;0;0;"2025-09-09 12:08:12";"2025-09-23 13:37:25"
723;"2025-09-23 08:00:00";23;220;1;0;0;"2025-09-09 12:09:36";"2025-09-23 13:36:58"
724;"2025-09-15 08:00:00";23;281;1;0;0;"2025-09-09 12:10:27";"2025-09-15 12:39:35"
725;"2025-09-23 08:00:00";23;252;1;0;0;"2025-09-09 12:11:10";"2025-09-23 13:38:16"
726;"2025-09-18 08:00:00";23;258;1;0;0;"2025-09-09 12:11:42";"2025-09-18 13:05:29"
727;"2025-09-26 13:00:00";23;273;1;0;0;"2025-09-09 12:12:10";"2025-09-29 11:38:55"
728;"2025-09-26 13:00:00";23;273;2;0;0;"2025-09-09 12:12:39";"2025-09-29 11:39:37"
729;"2025-09-22 13:00:00";23;227;1;0;0;"2025-09-09 14:53:53";"2025-09-23 12:25:00"
730;"2025-09-25 08:00:00";23;229;1;0;0;"2025-09-10 13:49:12";"2025-09-25 13:44:45"
731;"2025-09-23 08:00:00";23;280;1;0;0;"2025-09-12 12:09:00";"2025-09-23 13:38:34"
732;"2025-09-24 13:00:00";23;224;1;0;0;"2025-09-12 12:15:06";"2025-09-25 11:23:46"
733;"2025-09-26 13:00:00";23;288;1;0;0;"2025-09-12 12:15:52";"2025-09-29 11:40:33"
734;"2025-09-26 13:00:00";23;285;1;0;0;"2025-09-12 12:16:24";"2025-09-29 11:36:12"
735;"2025-09-26 13:00:00";23;286;1;0;0;"2025-09-12 12:16:38";"2025-09-29 11:40:19"
736;"2025-09-26 13:00:00";23;290;1;0;0;"2025-09-12 12:16:52";"2025-09-29 11:38:35"
737;"2025-09-22 13:00:00";23;287;1;0;0;"2025-09-12 12:17:05";"2025-09-29 11:45:18"
738;"2025-09-25 08:00:00";23;279;1;0;0;"2025-09-12 12:20:05";"2025-09-25 13:44:00"
739;"2025-09-24 13:00:00";23;256;1;0;0;"2025-09-12 12:56:57";"2025-09-25 11:25:07"
740;"2025-09-12 13:01:03";23;220;3;0;0;"2025-09-12 13:01:03";"2025-09-12 13:01:03"
741;"2025-09-22 13:00:00";23;233;1;0;0;"2025-09-12 13:02:34";"2025-09-23 12:26:03"
742;"2025-09-23 08:00:00";23;240;1;0;0;"2025-09-12 13:03:44";"2025-09-23 13:37:48"
743;"2025-09-25 08:00:00";23;239;1;0;0;"2025-09-12 13:11:50";"2025-09-25 13:45:21"
744;"2025-09-26 13:00:00";23;259;1;0;0;"2025-09-12 13:13:05";"2025-09-29 11:39:11"
745;"2025-09-15 08:00:00";23;242;1;0;0;"2025-09-12 13:18:17";"2025-09-15 12:38:40"
746;"2025-09-16 13:00:00";23;238;1;0;0;"2025-09-12 13:25:39";"2025-09-17 11:16:01"
747;"2025-09-25 08:00:00";23;251;1;0;0;"2025-09-12 13:26:41";"2025-09-25 13:43:21"
748;"2025-09-22 13:00:00";23;244;1;0;0;"2025-09-12 13:27:27";"2025-09-23 12:26:31"
749;"2025-09-22 13:00:00";23;237;1;0;0;"2025-09-12 13:33:10";"2025-09-23 12:25:44"
750;"2025-09-25 08:00:00";23;219;1;0;0;"2025-09-12 13:36:07";"2025-09-25 13:42:38"
751;"2025-09-24 13:00:00";23;234;1;0;0;"2025-09-12 13:38:56";"2025-09-25 11:24:05"
752;"2025-09-15 08:00:00";23;232;1;0;0;"2025-09-12 13:39:14";"2025-09-15 12:38:18"
753;"2025-09-24 13:00:00";23;224;3;0;0;"2025-09-12 13:43:35";"2025-09-12 14:02:46"
754;"2025-09-29 14:52:00";23;289;1;0;0;"2025-09-29 14:52:06";"2025-09-29 14:53:25"
756;"2025-12-17 08:00:00";24;221;4;17;1;"2025-10-22 14:53:30";"2025-12-22 13:45:19"
757;"2025-12-18 15:00:00";24;279;4;22;1;"2025-10-22 14:53:30";"2025-12-23 13:27:40"
758;"2025-10-22 15:16:57";21;221;4;17;1;"2025-10-22 15:16:57";"2025-10-22 15:16:57"
759;"2025-10-22 15:16:57";21;279;4;22;1;"2025-10-22 15:16:57";"2025-10-22 15:16:57"
762;"2025-12-18 08:00:00";24;222;4;17;1;"2025-10-24 12:24:49";"2025-12-23 11:17:25"
763;"2025-12-17 10:20:00";24;219;4;17;2;"2025-10-24 12:24:49";"2025-12-22 11:51:47"
764;"2025-12-16 08:00:00";24;246;4;19;1;"2025-10-27 13:56:01";"2025-12-17 14:00:25"
765;"2025-12-12 13:00:00";24;262;4;20;1;"2025-10-27 13:56:01";"2025-12-15 15:29:46"
766;"2025-12-12 13:00:00";24;274;4;21;2;"2025-10-27 13:56:01";"2025-12-17 13:17:59"
767;"2025-12-15 10:20:00";24;289;4;22;2;"2025-10-27 13:56:01";"2025-12-16 12:40:45"
768;"2025-12-16 13:00:00";24;293;4;20;1;"2025-12-09 13:53:43";"2025-12-17 14:29:04"
769;"2025-12-15 13:00:00";24;293;4;20;2;"2025-12-09 14:21:01";"2025-12-17 13:17:11"
770;"2025-12-15 13:00:00";24;293;4;20;3;"2025-12-09 14:22:07";"2025-12-16 11:18:51"
771;"2026-02-24 08:00:00";25;187;1;0;0;"2025-12-09 14:56:24";"2025-12-09 14:57:10"
772;"2026-02-24 08:00:00";25;204;1;0;0;"2025-12-09 14:56:31";"2025-12-09 14:57:23"
773;"2026-02-23 10:00:00";25;207;1;0;0;"2025-12-09 14:56:36";"2025-12-09 14:57:44"
774;"2025-12-17 15:00:00";24;252;4;20;1;"2025-12-10 11:33:48";"2025-12-23 12:04:22"
775;"2025-12-16 08:00:00";24;219;4;17;1;"2025-12-10 11:33:48";"2025-12-17 13:59:19"
776;"2025-12-18 10:20:00";24;229;4;18;2;"2025-12-10 11:33:48";"2025-12-22 12:17:47"
777;"2025-12-18 08:00:00";24;239;4;19;3;"2025-12-10 11:33:48";"2025-12-22 12:49:49"
778;"2025-12-18 10:20:00";24;220;4;17;2;"2025-12-10 11:33:48";"2025-12-23 11:33:41"
779;"2025-12-15 10:20:00";24;220;4;17;3;"2025-12-10 11:33:48";"2025-12-16 12:12:14"
780;"2025-12-17 08:00:00";24;230;4;18;2;"2025-12-10 11:33:48";"2025-12-18 11:43:22"
781;"2025-12-18 08:00:00";24;240;4;19;1;"2025-12-10 11:33:48";"2025-12-23 14:50:48"
782;"2025-12-17 10:20:00";24;240;4;19;3;"2025-12-10 11:33:49";"2025-12-18 11:47:18"
783;"2025-12-16 17:00:00";24;252;4;20;3;"2025-12-10 11:33:49";"2025-12-18 11:38:13"
784;"2025-12-16 15:00:00";24;265;4;21;3;"2025-12-10 11:33:49";"2025-12-22 14:19:49"
785;"2025-12-16 17:00:00";24;281;4;22;1;"2025-12-10 11:33:49";"2025-12-17 14:36:12"
786;"2025-12-17 10:20:00";24;245;4;19;1;"2025-12-10 11:33:49";"2025-12-23 11:51:50"
787;"2025-12-17 08:00:00";24;245;4;19;3;"2025-12-10 11:33:49";"2025-12-22 14:13:12"
788;"2025-12-16 13:00:00";24;256;4;20;3;"2025-12-10 11:33:49";"2025-12-17 12:31:14"
789;"2025-12-15 15:00:00";24;269;4;21;2;"2025-12-10 11:33:49";"2025-12-22 14:33:47"
790;"2025-12-16 08:00:00";24;282;4;22;1;"2025-12-10 11:33:49";"2025-12-22 12:15:29"
791;"2025-12-17 13:00:00";24;282;4;22;2;"2025-12-10 11:33:49";"2025-12-18 11:30:42"
792;"2025-12-17 15:00:00";24;269;4;21;1;"2025-12-10 11:33:49";"2025-12-18 11:16:17"
793;"2025-12-15 17:00:00";24;256;4;20;2;"2025-12-10 11:33:49";"2025-12-16 11:59:13"
794;"2025-12-17 10:20:00";24;232;4;18;1;"2025-12-10 11:33:49";"2025-12-22 13:59:48"
795;"2025-12-15 17:00:00";24;257;4;20;3;"2025-12-10 11:33:49";"2025-12-16 12:29:36"
796;"2025-12-15 10:20:00";24;230;4;18;3;"2025-12-10 11:33:49";"2025-12-16 12:28:27"
797;"2025-12-15 13:00:00";24;262;4;20;2;"2025-12-10 11:33:49";"2025-12-16 11:15:34"
798;"2025-12-18 13:00:00";24;262;4;20;3;"2025-12-10 11:33:49";"2025-12-23 12:27:53"
799;"2025-12-16 13:00:00";24;272;4;21;2;"2025-12-10 11:33:49";"2025-12-22 14:26:38"
800;"2025-12-16 15:00:00";24;273;4;21;2;"2025-12-10 11:33:49";"2025-12-17 13:34:45"
801;"2025-12-18 15:00:00";24;275;4;21;2;"2025-12-10 11:33:49";"2025-12-23 13:14:14"
802;"2025-12-17 13:00:00";24;286;4;22;1;"2025-12-10 11:33:49";"2025-12-18 11:44:54"
803;"2025-12-15 15:00:00";24;290;4;22;2;"2025-12-10 11:33:49";"2025-12-16 13:00:42"
804;"2025-12-16 10:20:00";24;246;4;19;2;"2025-12-10 11:33:49";"2025-12-17 13:39:37"
805;"2025-12-16 08:00:00";24;234;4;18;3;"2025-12-10 11:33:49";"2025-12-22 12:19:15"
806;"2025-12-15 17:00:00";24;269;4;21;3;"2025-12-10 11:33:49";"2025-12-16 13:58:10"
807;"2025-12-18 10:20:00";24;223;4;17;1;"2025-12-10 11:33:49";"2025-12-23 11:27:46"
808;"2025-12-15 08:00:00";24;223;4;17;3;"2025-12-10 11:33:49";"2025-12-16 11:23:11"
809;"2025-12-19 10:20:00";24;243;4;19;1;"2025-12-10 11:33:49";"2025-12-22 13:34:09"
810;"2025-12-15 10:20:00";24;243;4;19;3;"2025-12-10 11:33:49";"2025-12-16 12:38:47"
811;"2025-12-16 15:00:00";24;254;4;20;1;"2025-12-10 11:33:49";"2025-12-17 13:25:18"
812;"2025-12-17 15:00:00";24;254;4;20;2;"2025-12-10 11:33:49";"2025-12-18 11:57:56"
813;"2025-12-18 15:00:00";24;254;4;20;3;"2025-12-10 11:33:49";"2025-12-23 12:28:24"
814;"2025-12-16 13:00:00";24;267;4;21;1;"2025-12-10 11:33:49";"2025-12-23 12:34:02"
815;"2025-12-12 13:00:00";24;267;4;21;3;"2025-12-10 11:33:49";"2025-12-16 14:46:25"
816;"2025-12-16 10:20:00";24;232;4;18;3;"2025-12-10 11:33:50";"2025-12-22 12:28:48"
817;"2025-12-17 10:20:00";24;232;4;18;2;"2025-12-10 11:33:50";"2025-12-22 14:01:55"
818;"2025-12-17 08:00:00";24;221;4;17;2;"2025-12-10 11:33:50";"2025-12-22 13:50:09"
819;"2025-12-18 17:00:00";24;253;4;20;1;"2025-12-10 11:33:50";"2025-12-23 12:02:48"
820;"2025-12-19 10:20:00";24;235;4;18;1;"2025-12-10 11:33:50";"2025-12-22 13:26:26"
821;"2025-12-19 08:00:00";24;235;4;18;2;"2025-12-10 11:33:50";"2025-12-22 13:15:23"
822;"2025-12-16 08:00:00";24;247;4;19;1;"2025-12-10 11:33:50";"2025-12-17 13:44:37"
823;"2025-12-16 10:20:00";24;247;4;19;2;"2025-12-10 11:33:50";"2025-12-17 13:40:47"
824;"2025-12-15 13:00:00";24;247;4;19;3;"2025-12-10 11:33:50";"2025-12-22 12:33:11"
825;"2025-12-18 10:20:00";24;238;4;19;1;"2025-12-10 11:33:50";"2025-12-22 12:32:08"
826;"2025-12-19 08:00:00";24;227;4;17;1;"2025-12-10 11:33:50";"2025-12-22 13:20:52"
827;"2025-12-18 08:00:00";24;227;4;17;3;"2025-12-10 11:33:50";"2025-12-23 11:24:37"
828;"2025-12-17 10:20:00";24;226;4;17;3;"2025-12-10 11:33:50";"2025-12-22 13:58:43"
829;"2025-12-18 08:00:00";24;237;4;18;1;"2025-12-10 11:33:50";"2025-12-23 11:37:55"
830;"2025-12-16 10:20:00";24;236;4;18;1;"2025-12-10 11:33:50";"2025-12-17 14:46:16"
831;"2025-12-16 12:20:00";24;237;4;18;2;"2025-12-10 11:33:50";"2025-12-17 14:30:09"
832;"2025-12-19 10:20:00";24;237;4;18;3;"2025-12-10 11:33:50";"2025-12-22 13:29:21"
833;"2025-12-19 10:20:00";24;248;4;19;3;"2025-12-10 11:33:50";"2025-12-22 13:27:13"
834;"2025-12-17 13:00:00";24;258;4;20;2;"2025-12-10 11:33:50";"2025-12-18 11:56:03"
835;"2025-12-12 17:00:00";24;259;4;20;3;"2025-12-10 11:33:50";"2025-12-15 13:59:38"
836;"2025-12-12 15:00:00";24;285;4;22;1;"2025-12-10 11:33:50";"2025-12-16 11:35:00"
837;"2025-12-15 15:00:00";24;290;4;22;1;"2025-12-10 11:33:50";"2025-12-18 11:24:19"
838;"2025-12-18 15:00:00";24;273;4;21;1;"2025-12-10 11:33:50";"2025-12-23 12:44:09"
839;"2025-12-17 17:00:00";24;291;4;22;3;"2025-12-10 11:33:50";"2025-12-23 13:57:49"
840;"2025-12-12 15:00:00";24;285;4;22;3;"2025-12-10 11:33:50";"2025-12-16 11:25:53"
841;"2025-12-15 17:00:00";24;290;4;22;3;"2025-12-10 11:33:50";"2025-12-16 11:43:38"
842;"2025-12-15 15:00:00";24;265;4;21;1;"2025-12-10 11:33:50";"2025-12-16 11:53:04"
843;"2025-12-15 13:00:00";24;265;4;21;2;"2025-12-10 11:33:50";"2025-12-16 11:18:11"
844;"2025-12-17 17:00:00";24;280;4;22;1;"2025-12-10 11:33:50";"2025-12-23 13:37:54"
845;"2025-12-18 13:00:00";24;280;4;22;3;"2025-12-10 11:33:50";"2025-12-23 13:30:28"
846;"2025-12-19 08:00:00";24;225;4;17;2;"2025-12-10 11:33:50";"2025-12-22 14:23:18"
847;"2025-12-17 12:20:00";24;225;4;17;3;"2025-12-10 11:33:50";"2025-12-22 15:20:35"
848;"2025-12-17 08:00:00";24;240;4;19;2;"2025-12-10 11:33:50";"2025-12-22 14:10:22"
849;"2025-12-17 10:20:00";24;220;4;17;1;"2025-12-10 11:33:50";"2025-12-22 13:43:55"
850;"2025-12-17 08:00:00";24;230;4;18;1;"2025-12-10 11:33:50";"2025-12-22 14:35:28"
851;"2025-12-17 08:00:00";24;219;4;17;3;"2025-12-10 11:33:51";"2025-12-22 13:53:10"
852;"2025-12-16 08:00:00";24;229;4;18;1;"2025-12-10 11:33:51";"2025-12-22 14:26:02"
853;"2025-12-19 08:00:00";24;239;4;19;1;"2025-12-10 11:33:51";"2025-12-22 13:22:47"
854;"2025-12-17 15:00:00";24;279;4;22;3;"2025-12-10 11:33:51";"2025-12-18 11:10:23"
855;"2025-12-15 08:00:00";24;229;4;18;3;"2025-12-10 11:33:51";"2025-12-16 13:32:15"
856;"2025-12-19 10:20:00";24;223;4;17;2;"2025-12-10 11:33:51";"2025-12-22 13:24:48"
857;"2025-12-15 08:00:00";24;233;4;18;2;"2025-12-10 11:33:51";"2025-12-16 14:23:54"
858;"2025-12-19 08:00:00";24;233;4;18;1;"2025-12-10 11:33:51";"2025-12-22 13:16:33"
859;"2025-12-17 10:20:00";24;244;4;19;2;"2025-12-10 11:33:51";"2025-12-22 14:07:18"
860;"2025-12-12 15:00:00";24;268;4;21;2;"2025-12-10 11:33:51";"2025-12-16 13:13:42"
861;"2025-12-18 13:00:00";24;284;4;22;1;"2025-12-10 11:33:51";"2025-12-23 13:26:58"
862;"2025-12-12 13:00:00";24;284;4;22;3;"2025-12-10 11:33:51";"2025-12-15 14:27:22"
863;"2025-12-17 10:20:00";24;233;4;18;3;"2025-12-10 11:33:51";"2025-12-22 14:04:11"
864;"2025-12-17 08:00:00";24;244;4;19;1;"2025-12-10 11:33:51";"2025-12-22 14:05:23"
865;"2025-12-16 10:20:00";24;244;4;19;3;"2025-12-10 11:33:51";"2025-12-22 12:45:23"
866;"2025-12-18 13:00:00";24;255;4;20;2;"2025-12-10 11:33:51";"2025-12-23 12:18:40"
867;"2025-12-17 17:00:00";24;255;4;20;3;"2025-12-10 11:33:51";"2025-12-18 11:58:54"
868;"2025-12-16 17:00:00";24;268;4;21;1;"2025-12-10 11:33:51";"2025-12-18 12:13:07"
869;"2025-12-17 15:00:00";24;268;4;21;3;"2025-12-10 11:33:51";"2025-12-22 14:42:57"
870;"2025-12-18 08:00:00";24;222;4;17;3;"2025-12-10 11:33:51";"2025-12-23 11:36:11"
871;"2025-12-18 12:20:00";24;241;4;19;1;"2025-12-10 11:33:51";"2025-12-23 11:52:59"
872;"2025-12-18 10:20:00";24;242;4;19;3;"2025-12-10 11:33:51";"2025-12-23 12:00:43"
873;"2025-12-19 08:00:00";24;241;4;19;3;"2025-12-10 11:33:51";"2025-12-22 13:17:30"
874;"2025-12-12 13:00:00";24;287;4;22;1;"2025-12-10 11:33:51";"2025-12-15 14:24:20"
875;"2025-12-18 15:00:00";24;287;4;22;3;"2025-12-10 11:33:51";"2025-12-23 13:31:03"
876;"2025-12-16 15:00:00";24;253;4;20;3;"2025-12-10 11:33:51";"2025-12-17 13:37:48"
877;"2025-12-18 15:00:00";24;253;4;20;2;"2025-12-10 11:33:51";"2025-12-23 12:27:19"
878;"2025-12-17 17:00:00";24;266;4;21;1;"2025-12-10 11:33:51";"2025-12-23 12:31:19"
879;"2025-12-17 13:00:00";24;266;4;21;2;"2025-12-10 11:33:51";"2025-12-18 11:07:13"
880;"2025-12-15 13:00:00";24;266;4;21;3;"2025-12-10 11:33:51";"2025-12-22 14:28:59"
881;"2025-12-15 08:00:00";24;231;4;18;1;"2025-12-10 11:33:51";"2025-12-16 14:21:00"
882;"2025-12-19 10:20:00";24;231;4;18;2;"2025-12-10 11:33:51";"2025-12-22 13:30:45"
883;"2025-12-18 10:20:00";24;231;4;18;3;"2025-12-10 11:33:51";"2025-12-23 11:45:02"
884;"2025-12-15 15:00:00";24;281;4;22;3;"2025-12-10 11:33:51";"2025-12-16 12:42:37"
885;"2025-12-15 15:00:00";24;251;4;20;3;"2025-12-10 11:33:51";"2025-12-17 13:18:58"
886;"2025-12-17 13:00:00";24;264;4;21;3;"2025-12-10 11:33:51";"2025-12-18 11:33:06"
887;"2025-12-16 13:00:00";24;251;4;20;2;"2025-12-10 11:33:51";"2025-12-17 12:30:00"
888;"2025-12-18 08:00:00";24;239;4;19;2;"2025-12-10 11:33:51";"2025-12-23 11:59:17"
889;"2025-12-18 10:20:00";24;243;4;19;2;"2025-12-10 11:33:51";"2025-12-22 12:57:41"
890;"2025-12-18 15:00:00";24;288;4;22;2;"2025-12-10 11:33:51";"2025-12-23 13:28:22"
891;"2025-12-16 15:00:00";24;275;4;21;1;"2025-12-10 11:33:51";"2025-12-18 12:10:52"
892;"2025-12-18 17:00:00";24;286;4;22;2;"2025-12-10 11:33:51";"2025-12-23 13:28:56"
893;"2025-12-17 10:20:00";24;277;4;21;3;"2025-12-10 11:33:51";"2025-12-23 13:41:38"
894;"2025-12-12 17:00:00";24;259;4;20;1;"2025-12-10 11:33:52";"2025-12-17 13:01:23"
895;"2025-12-16 10:20:00";24;249;4;19;1;"2025-12-10 11:33:52";"2025-12-17 13:41:49"
896;"2025-12-15 08:00:00";24;245;4;19;2;"2025-12-10 11:33:52";"2025-12-23 13:43:14"
897;"2025-12-15 13:00:00";24;282;4;22;3;"2025-12-10 11:33:52";"2025-12-23 13:44:32"
898;"2025-12-16 13:00:00";24;218;4;17;2;"2025-12-10 11:33:52";"2025-12-22 12:02:35"
899;"2025-12-15 15:00:00";24;251;4;20;1;"2025-12-10 11:33:52";"2025-12-16 13:03:14"
900;"2025-12-15 17:00:00";24;264;4;21;1;"2025-12-10 11:33:52";"2025-12-23 12:31:57"
901;"2025-12-16 17:00:00";24;264;4;21;2;"2025-12-10 11:33:52";"2025-12-19 12:27:14"
902;"2025-12-17 17:00:00";24;260;4;20;1;"2025-12-10 11:33:52";"2025-12-23 12:08:55"
903;"2025-12-17 15:00:00";24;260;4;20;3;"2025-12-10 11:33:52";"2025-12-18 11:06:32"
904;"2025-12-15 15:00:00";24;274;4;21;3;"2025-12-10 11:33:52";"2025-12-16 14:08:40"
905;"2025-12-18 15:00:00";24;275;4;21;3;"2025-12-10 11:33:52";"2025-12-23 13:26:15"
906;"2025-12-16 17:00:00";24;273;4;21;3;"2025-12-10 11:33:52";"2025-12-22 15:14:34"
907;"2025-12-15 13:00:00";24;291;4;22;1;"2025-12-10 11:33:52";"2025-12-17 14:12:06"
908;"2025-12-12 15:00:00";24;288;4;22;1;"2025-12-10 11:33:52";"2025-12-17 14:13:35"
909;"2025-12-16 13:00:00";24;286;4;22;3;"2025-12-10 11:33:52";"2025-12-18 12:00:41"
910;"2025-12-12 15:00:00";24;271;4;21;1;"2025-12-10 11:33:52";"2025-12-16 11:21:01"
911;"2025-12-18 13:00:00";24;271;4;21;2;"2025-12-10 11:33:52";"2025-12-23 13:22:07"
912;"2025-12-16 13:00:00";24;271;4;21;3;"2025-12-10 11:33:52";"2025-12-22 14:33:04"
913;"2025-12-17 15:00:00";24;292;4;22;1;"2025-12-10 11:33:52";"2025-12-18 11:28:50"
914;"2025-12-15 13:00:00";24;292;4;22;2;"2025-12-10 11:33:52";"2025-12-17 14:19:22"
915;"2025-12-17 13:00:00";24;292;4;22;3;"2025-12-10 11:33:52";"2025-12-18 11:34:40"
916;"2025-12-18 15:00:00";24;255;4;20;1;"2025-12-10 11:33:52";"2025-12-23 12:09:55"
917;"2025-12-12 13:00:00";24;260;4;20;2;"2025-12-10 11:33:52";"2025-12-16 11:42:30"
918;"2025-12-15 15:00:00";24;259;4;20;2;"2025-12-10 11:33:52";"2025-12-16 12:33:01"
919;"2025-12-18 13:00:00";24;274;4;21;1;"2025-12-10 11:33:52";"2025-12-23 12:54:21"
920;"2025-12-12 10:30:00";24;277;4;21;2;"2025-12-10 11:33:52";"2025-12-15 15:22:05"
921;"2025-12-12 10:30:00";24;289;4;22;1;"2025-12-10 11:33:52";"2025-12-15 14:34:30"
922;"2025-12-17 10:30:00";24;276;4;21;3;"2025-12-10 11:33:52";"2025-12-22 14:39:57"
923;"2025-12-15 10:30:00";24;277;4;21;1;"2025-12-10 11:33:52";"2025-12-16 12:27:15"
924;"2025-12-15 13:00:00";24;258;4;20;1;"2025-12-10 11:33:52";"2025-12-17 12:33:58"
925;"2025-12-12 10:30:00";24;289;4;22;3;"2025-12-10 11:33:52";"2025-12-15 14:28:05"
926;"2025-12-12 15:00:00";24;258;4;20;3;"2025-12-10 11:33:52";"2025-12-16 14:36:00"
927;"2025-12-12 13:00:00";24;272;4;21;1;"2025-12-10 11:33:52";"2025-12-15 13:53:23"
928;"2025-12-16 13:00:00";24;281;4;22;2;"2025-12-10 11:33:52";"2025-12-17 14:16:34"
929;"2025-12-16 10:20:00";24;221;4;17;3;"2025-12-10 11:33:52";"2025-12-23 13:50:27"
930;"2025-12-16 13:00:00";24;238;4;19;3;"2025-12-10 11:33:52";"2025-12-22 12:46:33"
931;"2025-12-16 12:20:00";24;238;4;19;2;"2025-12-10 11:33:52";"2025-12-17 14:04:03"
932;"2025-12-17 17:00:00";24;250;4;20;2;"2025-12-10 11:33:52";"2025-12-23 12:24:26"
933;"2025-12-17 13:00:00";24;250;4;20;3;"2025-12-10 11:33:53";"2025-12-18 11:35:33"
934;"2025-12-16 10:20:00";24;278;4;22;3;"2025-12-10 11:33:53";"2025-12-17 14:35:24"
935;"2025-12-18 10:30:00";24;263;4;21;3;"2025-12-10 11:33:53";"2025-12-23 13:23:18"
936;"2025-12-18 13:00:00";24;250;4;20;1;"2025-12-10 11:33:53";"2025-12-23 12:11:55"
937;"2025-12-17 10:20:00";24;278;4;22;1;"2025-12-10 11:33:53";"2025-12-18 12:15:49"
938;"2025-12-17 10:20:00";24;263;4;21;2;"2025-12-10 11:33:53";"2025-12-22 14:15:48"
939;"2025-12-17 08:00:00";24;263;4;21;1;"2025-12-10 11:33:53";"2025-12-23 13:35:11"
940;"2025-12-15 08:00:00";24;249;4;19;3;"2025-12-10 11:33:53";"2025-12-16 13:53:39"
941;"2025-12-19 12:20:00";24;249;4;19;2;"2025-12-10 11:33:53";"2025-12-22 13:13:46"
942;"2025-12-16 15:00:00";24;257;4;20;2;"2025-12-10 11:33:53";"2025-12-17 13:36:39"
943;"2025-12-17 13:00:00";24;256;4;20;1;"2025-12-10 11:33:53";"2025-12-18 11:37:10"
944;"2025-12-18 08:00:00";24;236;4;18;3;"2025-12-10 11:33:53";"2025-12-22 12:31:03"
945;"2025-12-16 15:00:00";24;283;4;22;3;"2025-12-10 11:33:53";"2025-12-23 13:29:44"
946;"2025-12-15 08:00:00";24;248;4;19;1;"2025-12-10 11:33:53";"2025-12-16 12:59:09"
947;"2025-12-16 08:00:00";24;248;4;19;2;"2025-12-10 11:33:53";"2025-12-17 14:10:10"
948;"2025-12-16 10:20:00";24;222;4;17;2;"2025-12-10 11:33:53";"2025-12-17 14:34:21"
949;"2025-12-15 08:00:00";24;241;4;19;2;"2025-12-10 11:33:53";"2025-12-16 12:49:40"
950;"2025-12-19 10:20:00";24;242;4;19;2;"2025-12-10 11:33:53";"2025-12-22 13:09:55"
951;"2025-12-16 13:00:00";24;283;4;22;1;"2025-12-10 11:33:53";"2025-12-17 14:27:52"
952;"2025-12-16 10:20:00";24;218;4;17;1;"2025-12-10 11:33:53";"2025-12-17 14:31:24"
953;"2025-12-19 10:20:00";24;218;4;17;3;"2025-12-10 11:33:53";"2025-12-22 15:27:17"
954;"2025-12-17 13:00:00";24;228;4;18;1;"2025-12-10 11:33:53";"2025-12-22 14:36:34"
955;"2025-12-18 08:00:00";24;228;4;18;2;"2025-12-10 11:33:53";"2025-12-23 11:39:04"
956;"2025-12-19 08:00:00";24;228;4;18;3;"2025-12-10 11:33:53";"2025-12-22 13:18:32"
957;"2025-12-12 15:00:00";24;272;4;21;3;"2025-12-10 11:33:53";"2025-12-15 14:21:18"
958;"2025-12-12 15:00:00";24;252;4;20;2;"2025-12-10 12:37:03";"2025-12-16 11:25:25"
959;"2025-12-18 13:00:00";24;270;4;21;3;"2025-12-10 12:38:50";"2025-12-23 13:24:21"
960;"2025-12-19 10:20:00";24;225;4;17;1;"2025-12-10 12:51:21";"2025-12-23 11:31:07"
961;"2025-12-15 08:00:00";24;226;4;17;1;"2025-12-10 13:12:09";"2025-12-16 13:01:42"
962;"2025-12-15 10:20:00";24;224;4;17;1;"2025-12-10 13:24:51";"2025-12-16 12:18:06"
963;"2025-12-18 08:00:00";24;224;4;17;2;"2025-12-10 13:25:56";"2025-12-23 11:20:46"
964;"2025-12-15 10:20:00";24;227;4;17;2;"2025-12-10 13:27:18";"2025-12-22 11:52:46"
965;"2025-12-15 08:00:00";24;226;4;17;2;"2025-12-10 13:28:46";"2025-12-16 13:13:08"
966;"2025-12-16 08:00:00";24;224;4;17;3;"2025-12-10 13:35:15";"2025-12-22 15:24:59"
967;"2025-12-18 10:20:00";24;234;4;18;1;"2025-12-10 13:37:09";"2025-12-22 12:16:41"
968;"2025-12-16 08:00:00";24;236;4;18;2;"2025-12-10 13:48:21";"2025-12-17 13:55:43"
969;"2025-12-15 10:20:00";24;234;4;18;2;"2025-12-10 13:50:13";"2025-12-16 14:06:08"
970;"2025-12-17 08:00:00";24;235;4;18;3;"2025-12-10 13:51:13";"2025-12-22 14:02:54"
971;"2025-12-12 15:00:00";24;257;4;20;1;"2025-12-10 14:01:37";"2025-12-17 12:47:29"
972;"2025-12-16 10:20:00";24;276;4;21;1;"2025-12-10 15:30:15";"2025-12-23 12:40:01"
973;"2025-12-17 15:00:00";24;270;4;21;2;"2025-12-10 15:35:52";"2025-12-22 14:37:22"
974;"2025-12-15 17:00:00";24;267;4;21;2;"2025-12-10 15:36:40";"2025-12-23 13:14:47"
975;"2025-12-12 15:00:00";24;288;4;22;3;"2025-12-10 15:40:22";"2025-12-16 12:45:11"
976;"2025-12-17 13:00:00";24;270;4;21;1;"2025-12-11 11:09:00";"2025-12-23 12:29:59"
977;"2025-12-15 10:20:00";24;242;4;19;1;"2025-12-11 13:47:54";"2025-12-16 12:46:33"
978;"2025-12-18 10:20:00";24;223;3;0;0;"2025-12-15 11:13:07";"2025-12-23 11:28:24"
979;"2025-12-17 08:00:00";24;219;3;0;0;"2025-12-15 11:13:36";"2025-12-17 13:43:44"
980;"2025-12-18 08:00:00";24;224;3;0;0;"2025-12-15 11:23:28";"2025-12-17 14:11:05"
981;"2025-12-19 10:30:00";24;231;3;0;0;"2025-12-15 11:39:18";"2025-12-22 14:17:55"
982;"2025-12-19 10:20:00";24;220;3;0;0;"2025-12-15 11:41:30";"2025-12-16 12:14:02"
983;"2025-12-18 10:20:00";24;229;3;0;0;"2025-12-15 11:42:00";"2025-12-22 12:05:43"
984;"2025-12-17 08:00:00";24;230;3;0;0;"2025-12-15 11:44:52";"2025-12-23 14:01:28"
985;"2025-12-19 08:00:00";24;233;3;0;0;"2025-12-15 11:56:41";"2025-12-22 14:20:25"
986;"2025-12-18 08:00:00";24;240;3;0;0;"2025-12-15 11:57:29";"2025-12-23 14:35:36"
987;"2025-12-17 10:20:00";24;245;3;0;0;"2025-12-15 11:57:49";"2025-12-23 14:33:35"
988;"2025-12-18 10:20:00";24;234;3;0;0;"2025-12-15 12:04:09";"2025-12-23 14:35:55"
989;"2025-12-16 10:20:00";24;247;3;0;0;"2025-12-15 12:20:20";"2025-12-17 13:53:04"
990;"2025-12-19 08:00:00";24;239;3;0;0;"2025-12-15 12:24:03";"2025-12-23 14:12:30"
991;"2025-12-17 13:00:00";24;260;3;0;0;"2025-12-15 12:26:01";"2025-12-23 14:34:35"
992;"2025-12-16 13:00:00";24;256;3;0;0;"2025-12-15 12:26:34";"2025-12-23 14:18:03"
993;"2025-12-17 15:00:00";24;252;3;0;0;"2025-12-15 12:26:58";"2025-12-23 14:35:16"
994;"2025-12-17 17:00:00";24;259;3;0;0;"2025-12-15 12:28:00";"2025-12-17 13:02:03"
995;"2025-12-18 15:00:00";24;273;3;0;0;"2025-12-15 12:30:22";"2025-12-23 14:12:20"
996;"2025-12-17 10:30:00";24;276;3;0;0;"2025-12-15 12:35:56";"2025-12-23 12:41:03"
997;"2025-12-17 13:00:00";24;269;3;0;0;"2025-12-15 12:36:31";"2025-12-23 14:34:53"
998;"2025-12-23 08:00:00";24;230;1;0;0;"2025-12-18 12:23:49";"2025-12-23 13:11:46"
999;"2025-12-23 08:00:00";24;281;1;0;0;"2025-12-18 12:29:17";"2025-12-23 13:07:13"
1000;"2025-12-22 08:00:00";24;229;1;0;0;"2025-12-18 13:03:02";"2025-12-22 13:35:50"
1001;"2025-12-22 08:00:00";24;219;1;0;0;"2025-12-18 13:03:18";"2025-12-22 13:35:17"
1002;"2025-12-23 13:00:00";24;243;1;0;0;"2025-12-18 13:03:32";"2025-12-26 11:32:34"
1003;"2025-12-23 08:00:00";24;248;1;0;0;"2025-12-18 13:03:51";"2025-12-23 13:06:39"
1004;"2025-12-22 13:00:00";24;259;2;0;0;"2025-12-18 13:04:24";"2025-12-23 11:10:10"
1005;"2025-12-23 08:00:00";24;242;1;0;0;"2025-12-18 13:04:47";"2025-12-23 13:07:51"
1006;"2025-12-23 13:00:00";24;244;1;0;0;"2025-12-18 13:08:09";"2025-12-26 11:33:01"
1007;"2025-12-22 08:00:00";24;245;1;0;0;"2025-12-18 13:08:58";"2025-12-22 12:59:18"
1008;"2025-12-23 13:00:00";24;254;1;0;0;"2025-12-18 13:09:34";"2025-12-26 11:30:57"
1009;"2025-12-23 08:00:00";24;265;1;0;0;"2025-12-18 13:16:12";"2025-12-23 13:08:42"
1010;"2025-12-22 13:00:00";24;260;2;0;0;"2025-12-18 13:19:32";"2025-12-23 11:08:10"
1011;"2025-12-22 13:00:00";24;259;1;0;0;"2025-12-18 13:19:49";"2025-12-23 11:05:56"
1012;"2025-12-22 08:00:00";24;234;1;0;0;"2025-12-18 13:20:30";"2025-12-22 13:00:30"
1013;"2025-12-22 13:00:00";24;260;1;0;0;"2025-12-18 13:45:00";"2025-12-23 11:05:33"
1014;"2025-12-22 08:00:00";24;239;1;0;0;"2025-12-18 13:46:00";"2025-12-22 13:36:08"
1015;"2025-12-22 08:00:00";24;251;1;0;0;"2025-12-18 13:46:15";"2025-12-22 13:36:28"
1016;"2025-12-22 13:00:00";24;274;2;0;0;"2025-12-18 13:46:28";"2025-12-23 11:08:37"
1017;"2025-12-22 08:00:00";24;224;1;0;0;"2025-12-18 13:46:40";"2025-12-22 13:00:52"
1018;"2025-12-23 08:00:00";24;252;1;0;0;"2025-12-18 13:46:56";"2025-12-23 13:10:27"
1019;"2025-12-23 08:00:00";24;220;1;0;0;"2025-12-18 13:48:46";"2025-12-23 13:11:06"
1020;"2025-12-23 08:00:00";24;221;1;0;0;"2025-12-18 13:50:56";"2025-12-23 13:05:22"
1021;"2025-12-23 08:00:00";24;240;1;0;0;"2025-12-18 14:12:23";"2025-12-18 14:46:01"
1022;"2025-12-23 08:00:00";24;280;1;0;0;"2025-12-18 14:12:55";"2025-12-23 13:08:15"
1023;"2025-12-22 08:00:00";24;256;1;0;0;"2025-12-18 14:13:19";"2025-12-22 12:59:48"
1024;"2025-12-23 08:00:00";24;232;1;0;0;"2025-12-18 14:16:04";"2025-12-23 13:05:53"
1025;"2025-12-23 13:00:00";24;292;1;0;0;"2025-12-18 14:16:34";"2025-12-26 11:33:58"
1026;"2025-12-22 13:00:00";24;288;1;0;0;"2025-12-18 14:16:50";"2025-12-23 11:04:45"
1027;"2025-12-23 13:00:00";24;271;1;0;0;"2025-12-18 14:17:46";"2025-12-26 11:34:53"
1028;"2025-12-22 13:00:00";24;261;1;0;0;"2025-12-18 14:19:21";"2025-12-23 11:04:16"
1029;"2025-12-22 13:00:00";24;273;1;0;0;"2025-12-18 14:27:13";"2025-12-23 11:06:42"
1030;"2025-12-23 13:00:00";24;237;1;0;0;"2025-12-18 14:28:30";"2025-12-26 11:34:28"
1031;"2025-12-22 13:00:00";24;286;1;0;0;"2025-12-18 14:32:15";"2025-12-23 11:07:13"
1032;"2025-12-22 13:00:00";24;293;6;0;0;"2025-12-19 14:04:44";"2025-12-23 11:20:23"
1033;"2025-12-22 08:00:00";24;256;6;0;0;"2025-12-19 14:04:51";"2025-12-22 12:21:57"
1034;"2025-12-23 08:00:00";24;252;6;0;0;"2025-12-19 14:04:58";"2025-12-23 13:19:12"
1035;"2025-12-23 13:00:00";24;255;6;0;0;"2025-12-19 14:05:07";"2025-12-26 11:33:32"
1036;"2025-12-22 08:00:00";24;279;1;0;0;"2025-12-22 11:27:07";"2025-12-23 11:11:33"
1037;"2025-12-22 09:20:00";24;251;6;0;0;"2025-12-22 12:19:51";"2025-12-22 13:54:37"
1038;"2025-12-23 13:00:00";24;254;6;0;0;"2025-12-23 13:17:01";"2025-12-26 11:32:03"
1039;"2025-12-26 14:51:34";24;246;4;19;3;"2025-12-26 14:51:34";"2025-12-26 14:51:34"
1040;"2026-02-23 08:00:00";25;220;1;0;0;"2026-02-18 12:10:04";"2026-02-19 13:19:28"
1041;"2026-02-24 08:00:00";25;282;1;0;0;"2026-02-19 11:38:16";"2026-02-19 13:52:32"
1042;"2026-02-23 08:00:00";25;250;6;0;0;"2026-02-19 11:40:03";"2026-02-19 13:53:50"
1043;"2026-02-23 08:00:00";25;257;6;0;0;"2026-02-19 11:40:11";"2026-02-19 14:02:41"
1044;"2026-02-23 08:00:00";25;258;6;0;0;"2026-02-19 11:40:34";"2026-02-19 14:04:18"
1045;"2026-02-23 08:00:00";25;252;6;0;0;"2026-02-19 11:40:42";"2026-02-19 14:01:10"
1046;"2026-02-23 10:00:00";25;253;6;0;0;"2026-02-19 11:42:38";"2026-02-19 14:02:27"
1047;"2026-02-24 08:00:00";25;251;6;0;0;"2026-02-19 11:42:48";"2026-02-19 14:00:58"
1048;"2026-02-24 13:00:00";25;259;6;0;0;"2026-02-19 11:43:04";"2026-02-19 14:04:33"
1049;"2026-02-24 13:00:00";25;260;6;0;0;"2026-02-19 11:43:30";"2026-02-19 14:04:46"
1050;"2026-02-24 08:00:00";25;224;1;0;0;"2026-02-19 11:48:29";"2026-02-19 13:20:15"
1051;"2026-02-23 08:00:00";25;230;1;0;0;"2026-02-19 11:51:03";"2026-02-19 13:23:23"
1052;"2026-02-23 08:00:00";25;225;1;0;0;"2026-02-19 11:53:28";"2026-02-19 13:21:50"
1053;"2026-02-24 08:00:00";25;219;1;0;0;"2026-02-19 12:03:55";"2026-02-19 13:18:56"
1054;"2026-02-24 13:00:00";25;290;1;0;0;"2026-02-19 12:04:30";"2026-02-19 14:11:06"
1055;"2026-02-24 08:00:00";25;245;1;0;0;"2026-02-19 12:14:31";"2026-02-19 13:28:20"
1056;"2026-02-24 13:00:00";25;259;1;0;0;"2026-02-19 12:15:52";"2026-02-19 13:46:23"
1057;"2026-02-24 08:00:00";25;245;3;0;0;"2026-02-19 12:16:31";"2026-02-19 14:06:54"
1058;"2026-02-23 08:00:00";25;280;1;0;0;"2026-02-19 12:17:20";"2026-02-19 13:48:47"
1059;"2026-02-24 13:00:00";25;286;1;0;0;"2026-02-19 12:17:40";"2026-02-19 13:52:47"
1060;"2026-02-24 13:00:00";25;259;3;0;0;"2026-02-19 12:18:10";"2026-02-19 14:07:40"
1061;"2026-02-24 08:00:00";25;229;1;0;0;"2026-02-19 12:19:40";"2026-02-19 13:22:14"
1062;"2026-02-24 08:00:00";25;279;1;0;0;"2026-02-19 12:19:58";"2026-02-19 13:48:19"
1063;"2026-02-23 13:00:00";25;267;1;0;0;"2026-02-19 12:20:31";"2026-02-19 13:47:05"
1064;"2026-02-24 13:00:00";25;273;1;0;0;"2026-02-19 12:20:33";"2026-02-19 13:47:16"
1065;"2026-02-23 10:00:00";25;281;1;0;0;"2026-02-19 12:20:36";"2026-02-19 13:48:59"
1066;"2026-02-23 13:30:00";25;223;1;0;0;"2026-02-19 12:32:59";"2026-02-19 13:19:45"
1067;"2026-02-23 10:00:00";25;232;1;0;0;"2026-02-19 12:37:22";"2026-02-19 13:23:40"
1068;"2026-02-23 10:00:00";25;242;1;0;0;"2026-02-19 12:38:19";"2026-02-19 13:28:06"
1069;"2026-02-23 08:00:00";25;252;1;0;0;"2026-02-19 12:39:27";"2026-02-19 13:46:11"
1070;"2026-02-23 08:00:00";25;240;1;0;0;"2026-02-19 12:41:29";"2026-02-19 13:24:35"
1071;"2026-02-23 08:00:00";25;265;1;0;0;"2026-02-19 12:41:32";"2026-02-19 13:46:51"
1072;"2026-02-24 13:00:00";25;259;2;0;0;"2026-02-19 12:58:08";"2026-02-19 13:53:12"
1073;"2026-02-24 13:00:00";25;260;2;0;0;"2026-02-19 12:58:13";"2026-02-19 13:53:22"
1074;"2026-02-24 10:00:00";25;261;1;0;0;"2026-02-19 12:58:56";"2026-02-19 13:46:35"
1075;"2026-02-24 08:00:00";25;251;1;0;0;"2026-02-19 12:59:19";"2026-02-19 13:45:57"
1076;"2026-02-23 08:00:00";25;230;3;0;0;"2026-02-19 13:00:38";"2026-02-19 14:06:07"
1077;"2026-02-23 13:00:00";25;233;3;0;0;"2026-02-19 13:13:55";"2026-02-19 14:06:17"
1078;"2026-02-24 08:00:00";25;234;1;0;0;"2026-02-19 13:13:59";"2026-02-19 13:24:15"
1079;"2026-02-23 08:00:00";25;247;3;0;0;"2026-02-19 13:15:42";"2026-02-19 14:07:10"
