"id_previa";"id_alumno";"id_materia";"id_condicion";"id_calificacion";"createdAt";"updatedAt";"id_curso";"id_ciclo";"id_plan"
1;77;222;1;1;"2024-09-02 00:00:00";"2024-09-02 00:00:00";17;56;5
2;266;220;1;1;"2024-09-02 00:00:00";"2024-09-02 00:00:00";17;56;5
3;328;224;1;1;"2024-09-02 00:00:00";"2024-09-02 00:00:00";17;56;5
4;332;225;1;1;"2024-09-02 00:00:00";"2024-09-02 00:00:00";17;54;5
5;332;218;1;1;"2024-09-02 00:00:00";"2024-09-02 00:00:00";17;54;5
6;332;220;1;1;"2024-09-02 00:00:00";"2024-09-02 00:00:00";17;54;5
7;387;226;1;1;"2024-09-02 00:00:00";"2024-09-02 00:00:00";17;54;5
8;425;224;1;1;"2024-09-02 00:00:00";"2024-09-02 00:00:00";17;56;5
9;425;220;1;1;"2024-09-02 00:00:00";"2024-09-02 00:00:00";17;56;5
10;748;224;1;1;"2024-09-02 00:00:00";"2024-09-02 00:00:00";17;55;5
11;748;219;1;1;"2024-09-02 00:00:00";"2024-09-02 00:00:00";17;55;5
12;115;224;1;1;"2024-09-02 00:00:00";"2024-09-02 00:00:00";17;54;5
13;161;224;1;1;"2024-09-02 00:00:00";"2024-09-02 00:00:00";17;56;5
14;161;220;1;1;"2024-09-02 00:00:00";"2024-09-02 00:00:00";17;56;5
15;186;223;1;1;"2024-09-02 00:00:00";"2024-09-02 00:00:00";17;56;5
16;186;220;1;1;"2024-09-02 00:00:00";"2024-09-02 00:00:00";17;56;5
17;205;226;1;1;"2024-09-02 00:00:00";"2024-09-02 00:00:00";17;54;5
18;205;219;1;1;"2024-09-02 00:00:00";"2024-09-02 00:00:00";17;54;5
19;303;221;1;1;"2024-09-02 00:00:00";"2024-09-02 00:00:00";17;56;5
20;303;222;1;1;"2024-09-02 00:00:00";"2024-09-02 00:00:00";17;56;5
21;303;219;3;1;"2024-09-02 00:00:00";"2024-09-02 00:00:00";17;56;5
22;327;223;1;1;"2024-09-02 00:00:00";"2024-09-02 00:00:00";17;56;5
23;327;220;1;1;"2024-09-02 00:00:00";"2024-09-02 00:00:00";17;56;5
24;426;219;1;1;"2024-09-02 00:00:00";"2024-09-02 00:00:00";17;55;5
25;426;220;1;1;"2024-09-02 00:00:00";"2024-09-02 00:00:00";17;55;5
26;429;220;1;1;"2024-09-02 00:00:00";"2024-09-02 00:00:00";17;56;5
27;455;220;1;1;"2024-09-02 00:00:00";"2024-09-02 00:00:00";17;56;5
28;472;222;3;1;"2024-09-02 00:00:00";"2024-09-02 00:00:00";17;56;5
29;472;223;1;9;"2024-09-02 00:00:00";"2024-12-26 13:09:47";17;56;5
30;472;220;1;1;"2024-09-02 00:00:00";"2024-09-02 00:00:00";17;56;5
31;501;221;1;1;"2024-09-02 00:00:00";"2024-09-02 00:00:00";17;55;5
32;501;223;1;1;"2024-09-02 00:00:00";"2024-09-02 00:00:00";17;55;5
33;501;224;1;1;"2024-09-02 00:00:00";"2024-09-02 00:00:00";17;55;5
34;518;220;1;9;"2024-09-02 00:00:00";"2024-09-02 00:00:00";17;56;5
35;564;224;1;1;"2024-09-02 00:00:00";"2024-09-02 00:00:00";17;56;5
36;564;220;1;1;"2024-09-02 00:00:00";"2024-09-02 00:00:00";17;56;5
37;640;220;1;1;"2024-09-02 00:00:00";"2024-09-02 00:00:00";17;54;5
38;660;221;1;1;"2024-09-02 00:00:00";"2024-09-02 00:00:00";17;54;5
39;660;222;1;1;"2024-09-02 00:00:00";"2024-09-02 00:00:00";17;54;5
40;660;224;1;1;"2024-09-02 00:00:00";"2024-09-02 00:00:00";17;54;5
41;756;221;1;9;"2024-09-02 00:00:00";"2024-12-20 13:10:26";17;56;5
42;756;224;1;1;"2024-09-02 00:00:00";"2024-09-02 00:00:00";17;56;5
43;209;223;1;9;"2024-09-02 00:00:00";"2024-09-02 00:00:00";17;56;5
44;209;219;1;1;"2024-09-02 00:00:00";"2024-09-02 00:00:00";17;56;5
45;209;220;3;1;"2024-09-02 00:00:00";"2024-09-02 00:00:00";17;56;5
46;313;220;1;1;"2024-09-02 00:00:00";"2024-09-02 00:00:00";17;56;5
47;326;224;1;1;"2024-09-02 00:00:00";"2024-09-02 00:00:00";17;54;5
48;326;220;1;1;"2024-09-02 00:00:00";"2024-09-02 00:00:00";17;54;5
49;343;219;1;1;"2024-09-02 00:00:00";"2024-09-02 00:00:00";17;55;5
50;343;220;1;1;"2024-09-02 00:00:00";"2024-09-02 00:00:00";17;55;5
51;376;219;1;1;"2024-09-02 00:00:00";"2024-09-02 00:00:00";17;56;5
52;376;220;1;1;"2024-09-02 00:00:00";"2024-09-02 00:00:00";17;56;5
53;442;221;1;1;"2024-09-02 00:00:00";"2024-09-02 00:00:00";17;55;5
54;462;219;1;9;"2024-09-02 00:00:00";"2024-09-02 00:00:00";17;56;5
55;494;220;1;9;"2024-09-02 00:00:00";"2024-12-20 12:33:48";17;55;5
56;570;220;1;1;"2024-09-02 00:00:00";"2024-09-02 00:00:00";17;56;5
57;600;220;1;1;"2024-09-02 00:00:00";"2024-09-02 00:00:00";17;56;5
58;647;221;1;1;"2024-09-02 00:00:00";"2024-09-02 00:00:00";17;56;5
59;647;220;1;1;"2024-09-02 00:00:00";"2024-09-02 00:00:00";17;56;5
60;655;221;1;1;"2024-09-02 00:00:00";"2024-09-02 00:00:00";17;55;5
61;655;225;1;1;"2024-09-02 00:00:00";"2024-09-02 00:00:00";17;55;5
62;681;221;1;1;"2024-09-02 00:00:00";"2024-09-02 00:00:00";17;56;5
63;681;219;1;1;"2024-09-02 00:00:00";"2024-09-02 00:00:00";17;56;5
64;681;220;3;1;"2024-09-02 00:00:00";"2024-09-02 00:00:00";17;56;5
65;747;221;3;1;"2024-09-02 00:00:00";"2024-09-02 00:00:00";17;56;5
66;747;219;1;1;"2024-09-02 00:00:00";"2024-09-02 00:00:00";17;56;5
67;747;220;1;1;"2024-09-02 00:00:00";"2024-09-02 00:00:00";17;56;5
68;54;236;1;1;"2024-09-02 00:00:00";"2024-09-02 00:00:00";18;56;5
69;54;234;3;1;"2024-09-02 00:00:00";"2024-09-02 00:00:00";18;56;5
70;54;229;1;1;"2024-09-02 00:00:00";"2024-09-02 00:00:00";18;56;5
71;60;229;1;1;"2024-09-02 00:00:00";"2024-09-02 00:00:00";18;56;5
72;64;233;1;1;"2024-09-02 00:00:00";"2024-09-02 00:00:00";18;55;5
73;64;234;1;1;"2024-09-02 00:00:00";"2024-09-02 00:00:00";18;55;5
74;64;230;3;1;"2024-09-02 00:00:00";"2024-09-02 00:00:00";18;55;5
75;281;222;1;1;"2024-09-02 00:00:00";"2024-09-02 00:00:00";17;55;5
76;281;227;1;1;"2024-09-02 00:00:00";"2024-09-02 00:00:00";17;55;5
77;441;220;1;1;"2024-09-02 00:00:00";"2024-09-02 00:00:00";17;54;5
78;441;229;1;1;"2024-09-02 00:00:00";"2024-09-02 00:00:00";18;55;5
79;441;230;3;1;"2024-09-02 00:00:00";"2024-09-02 00:00:00";18;55;5
80;553;233;1;1;"2024-09-02 00:00:00";"2024-09-02 00:00:00";18;56;5
81;553;230;1;1;"2024-09-02 00:00:00";"2024-09-02 00:00:00";18;56;5
82;797;233;1;1;"2024-09-02 00:00:00";"2024-09-02 00:00:00";18;56;5
83;797;230;1;1;"2024-09-02 00:00:00";"2024-09-02 00:00:00";18;56;5
84;601;233;1;1;"2024-09-02 00:00:00";"2024-09-02 00:00:00";18;54;5
85;601;237;1;1;"2024-09-02 00:00:00";"2024-09-02 00:00:00";18;54;5
86;601;236;1;1;"2024-09-02 00:00:00";"2024-09-02 00:00:00";18;54;5
87;611;220;1;1;"2024-09-02 00:00:00";"2024-09-02 00:00:00";17;54;5
88;654;230;1;1;"2024-09-02 00:00:00";"2024-09-02 00:00:00";18;56;5
89;669;234;1;1;"2024-09-02 00:00:00";"2024-09-02 00:00:00";18;56;5
90;725;233;1;1;"2024-09-02 00:00:00";"2024-09-02 00:00:00";18;56;5
91;725;235;1;9;"2024-09-02 00:00:00";"2024-09-02 00:00:00";18;56;5
92;725;230;3;1;"2024-09-02 00:00:00";"2024-09-02 00:00:00";18;56;5
93;745;220;1;1;"2024-09-02 00:00:00";"2024-09-02 00:00:00";17;54;5
94;745;230;1;1;"2024-09-02 00:00:00";"2024-09-02 00:00:00";18;56;5
95;16;232;3;1;"2024-09-02 00:00:00";"2024-09-02 00:00:00";18;56;5
96;16;237;1;1;"2024-09-02 00:00:00";"2024-09-02 00:00:00";18;56;5
97;16;230;1;1;"2024-09-02 00:00:00";"2024-09-02 00:00:00";18;56;5
98;816;232;1;9;"2024-09-02 00:00:00";"2024-09-02 00:00:00";18;56;5
99;793;229;1;1;"2024-09-02 00:00:00";"2024-09-02 00:00:00";18;56;5
100;75;223;3;1;"2024-09-02 00:00:00";"2024-09-02 00:00:00";17;55;5
101;75;219;1;1;"2024-09-02 00:00:00";"2024-09-02 00:00:00";17;55;5
102;75;230;1;1;"2024-09-02 00:00:00";"2024-09-02 00:00:00";18;56;5
103;248;230;1;1;"2024-09-02 00:00:00";"2024-09-02 00:00:00";18;56;5
104;276;232;3;1;"2024-09-02 00:00:00";"2024-09-02 00:00:00";18;56;5
105;276;229;1;1;"2024-09-02 00:00:00";"2024-09-02 00:00:00";18;56;5
106;276;230;1;1;"2024-09-02 00:00:00";"2024-09-02 00:00:00";18;56;5
107;290;230;1;1;"2024-09-02 00:00:00";"2024-09-02 00:00:00";18;56;5
108;339;220;1;1;"2024-09-02 00:00:00";"2024-09-02 00:00:00";17;54;5
109;339;233;3;1;"2024-09-02 00:00:00";"2024-09-02 00:00:00";18;55;5
110;339;230;1;9;"2024-09-02 00:00:00";"2024-09-02 00:00:00";18;55;5
111;520;233;1;1;"2024-09-02 00:00:00";"2024-09-02 00:00:00";18;55;5
112;520;234;3;1;"2024-09-02 00:00:00";"2024-09-02 00:00:00";18;55;5
113;520;230;1;1;"2024-09-02 00:00:00";"2024-09-02 00:00:00";18;55;5
114;534;233;1;1;"2024-09-02 00:00:00";"2024-09-02 00:00:00";18;55;5
115;534;234;3;1;"2024-09-02 00:00:00";"2024-09-02 00:00:00";18;55;5
116;534;230;1;1;"2024-09-02 00:00:00";"2024-09-02 00:00:00";18;55;5
117;796;235;1;9;"2024-09-02 00:00:00";"2024-09-02 00:00:00";18;56;5
118;796;230;1;1;"2024-09-02 00:00:00";"2024-09-02 00:00:00";18;56;5
119;630;221;1;1;"2024-09-02 00:00:00";"2024-09-02 00:00:00";17;53;5
120;630;220;1;1;"2024-09-02 00:00:00";"2024-09-02 00:00:00";17;53;5
121;630;230;1;1;"2024-09-02 00:00:00";"2024-09-02 00:00:00";18;54;5
122;668;229;1;1;"2024-09-02 00:00:00";"2024-09-02 00:00:00";18;56;5
123;668;230;1;1;"2024-09-02 00:00:00";"2024-09-02 00:00:00";18;56;5
124;665;220;1;1;"2024-09-02 00:00:00";"2024-09-02 00:00:00";17;55;5
125;665;229;3;1;"2024-09-02 00:00:00";"2024-09-02 00:00:00";18;56;5
126;665;230;1;1;"2024-09-02 00:00:00";"2024-09-02 00:00:00";18;56;5
127;736;225;1;1;"2024-09-02 00:00:00";"2024-09-02 00:00:00";17;53;5
128;736;234;1;1;"2024-09-02 00:00:00";"2024-09-02 00:00:00";18;54;5
129;742;220;1;1;"2024-09-02 00:00:00";"2024-09-02 00:00:00";17;53;5
130;742;234;1;1;"2024-09-02 00:00:00";"2024-09-02 00:00:00";18;54;5
131;5;220;1;1;"2024-09-02 00:00:00";"2024-09-02 00:00:00";17;54;5
132;5;230;1;1;"2024-09-02 00:00:00";"2024-09-02 00:00:00";18;56;5
133;97;229;1;1;"2024-09-02 00:00:00";"2024-09-02 00:00:00";18;56;5
134;97;230;1;9;"2024-09-02 00:00:00";"2024-09-02 00:00:00";18;56;5
135;227;234;1;1;"2024-09-02 00:00:00";"2024-09-02 00:00:00";18;54;5
136;227;230;1;1;"2024-09-02 00:00:00";"2024-09-02 00:00:00";18;54;5
137;356;229;1;1;"2024-09-02 00:00:00";"2024-09-02 00:00:00";18;56;5
138;356;230;1;1;"2024-09-02 00:00:00";"2024-09-02 00:00:00";18;56;5
139;391;220;1;1;"2024-09-02 00:00:00";"2024-09-02 00:00:00";17;54;5
140;391;229;3;1;"2024-09-02 00:00:00";"2024-09-02 00:00:00";18;56;5
141;391;230;1;1;"2024-09-02 00:00:00";"2024-09-02 00:00:00";18;56;5
142;490;230;1;1;"2024-09-02 00:00:00";"2024-09-02 00:00:00";18;56;5
143;558;230;1;1;"2024-09-02 00:00:00";"2024-09-02 00:00:00";18;56;5
144;563;229;1;9;"2024-09-02 00:00:00";"2024-12-19 14:32:43";18;56;5
145;563;230;1;9;"2024-09-02 00:00:00";"2024-12-20 12:35:27";18;56;5
146;610;230;1;9;"2024-09-02 00:00:00";"2024-09-02 00:00:00";18;56;5
147;799;229;1;1;"2024-09-02 00:00:00";"2024-09-02 00:00:00";18;56;5
148;799;230;1;1;"2024-09-02 00:00:00";"2024-09-02 00:00:00";18;56;5
149;741;220;1;1;"2024-09-02 00:00:00";"2024-09-02 00:00:00";17;55;5
150;741;230;1;1;"2024-09-02 00:00:00";"2024-09-02 00:00:00";18;56;5
151;23;223;1;1;"2024-09-02 00:00:00";"2024-09-02 00:00:00";17;51;5
152;23;240;1;1;"2024-09-02 00:00:00";"2024-09-02 00:00:00";19;54;5
153;81;240;1;1;"2024-09-02 00:00:00";"2024-09-02 00:00:00";19;56;5
154;110;234;1;1;"2024-09-02 00:00:00";"2024-09-02 00:00:00";18;54;5
155;110;230;1;1;"2024-09-02 00:00:00";"2024-09-02 00:00:00";18;54;5
156;110;240;3;1;"2024-09-02 00:00:00";"2024-09-02 00:00:00";19;56;5
157;131;234;1;1;"2024-09-02 00:00:00";"2024-09-02 00:00:00";18;55;5
158;131;245;1;1;"2024-09-02 00:00:00";"2024-09-02 00:00:00";19;56;5
159;131;240;3;1;"2024-09-02 00:00:00";"2024-09-02 00:00:00";19;56;5
160;133;229;1;1;"2024-09-02 00:00:00";"2024-09-02 00:00:00";18;53;5
161;133;243;1;1;"2024-09-02 00:00:00";"2024-09-02 00:00:00";19;54;5
162;133;244;3;1;"2024-09-02 00:00:00";"2024-09-02 00:00:00";19;54;5
163;143;240;1;1;"2024-09-02 00:00:00";"2024-09-02 00:00:00";19;54;5
164;285;240;1;9;"2024-09-02 00:00:00";"2024-12-20 12:36:14";19;56;5
165;377;229;1;1;"2024-09-02 00:00:00";"2024-09-02 00:00:00";18;55;5
166;420;244;1;1;"2024-09-02 00:00:00";"2024-09-02 00:00:00";19;56;5
167;420;240;1;1;"2024-09-02 00:00:00";"2024-09-02 00:00:00";19;56;5
168;475;243;3;1;"2024-09-02 00:00:00";"2024-09-02 00:00:00";19;56;5
169;475;245;1;9;"2024-09-02 00:00:00";"2024-09-02 00:00:00";19;56;5
170;475;240;1;1;"2024-09-02 00:00:00";"2024-09-02 00:00:00";19;56;5
171;643;229;1;9;"2024-09-02 00:00:00";"2024-09-02 00:00:00";18;55;5
172;643;239;1;9;"2024-09-02 00:00:00";"2024-09-02 00:00:00";19;56;5
173;643;240;3;1;"2024-09-02 00:00:00";"2024-09-02 00:00:00";19;56;5
174;726;245;1;1;"2024-09-02 00:00:00";"2024-09-02 00:00:00";19;55;5
175;726;239;1;1;"2024-09-02 00:00:00";"2024-09-02 00:00:00";19;55;5
176;766;230;1;1;"2024-09-02 00:00:00";"2024-09-02 00:00:00";18;55;5
177;766;244;1;1;"2024-09-02 00:00:00";"2024-09-02 00:00:00";19;56;5
178;766;240;3;1;"2024-09-02 00:00:00";"2024-09-02 00:00:00";19;56;5
179;271;243;1;1;"2024-09-02 00:00:00";"2024-09-02 00:00:00";19;56;5
180;317;230;1;1;"2024-09-02 00:00:00";"2024-09-02 00:00:00";18;54;5
181;317;238;1;1;"2024-09-02 00:00:00";"2024-09-02 00:00:00";19;55;5
182;317;245;3;1;"2024-09-02 00:00:00";"2024-09-02 00:00:00";19;55;5
183;319;240;1;1;"2024-09-02 00:00:00";"2024-09-02 00:00:00";19;56;5
185;754;248;1;1;"2024-09-02 00:00:00";"2024-09-02 00:00:00";19;56;5
186;754;245;1;1;"2024-09-02 00:00:00";"2024-09-02 00:00:00";19;56;5
187;757;240;1;1;"2024-09-02 00:00:00";"2024-09-02 00:00:00";19;55;5
188;35;240;1;9;"2024-09-02 00:00:00";"2024-09-02 00:00:00";19;56;5
189;94;233;1;1;"2024-09-02 00:00:00";"2024-09-02 00:00:00";18;55;5
190;94;243;1;1;"2024-09-02 00:00:00";"2024-09-02 00:00:00";19;56;5
191;94;245;3;1;"2024-09-02 00:00:00";"2024-09-02 00:00:00";19;56;5
192;805;240;1;9;"2024-09-02 00:00:00";"2024-09-02 00:00:00";19;56;5
193;806;244;1;1;"2024-09-02 00:00:00";"2024-09-02 00:00:00";19;56;5
194;806;240;1;9;"2024-09-02 00:00:00";"2024-09-02 00:00:00";19;56;5
195;561;230;1;1;"2024-09-02 00:00:00";"2024-09-02 00:00:00";18;55;5
196;561;249;1;1;"2024-09-02 00:00:00";"2024-09-02 00:00:00";19;56;5
197;561;239;3;1;"2024-09-02 00:00:00";"2024-09-02 00:00:00";19;56;5
198;646;234;1;1;"2024-09-02 00:00:00";"2024-09-02 00:00:00";18;53;5
199;646;246;1;1;"2024-09-02 00:00:00";"2024-09-02 00:00:00";19;54;5
200;646;247;1;1;"2024-09-02 00:00:00";"2024-09-02 00:00:00";19;54;5
201;646;238;1;1;"2024-09-02 00:00:00";"2024-09-02 00:00:00";19;54;5
202;723;249;1;9;"2024-09-02 00:00:00";"2024-09-02 00:00:00";19;56;5
203;723;243;1;1;"2024-09-02 00:00:00";"2024-09-02 00:00:00";19;56;5
204;723;240;3;1;"2024-09-02 00:00:00";"2024-09-02 00:00:00";19;56;5
205;763;240;1;1;"2024-09-02 00:00:00";"2024-09-02 00:00:00";19;56;5
206;780;229;1;1;"2024-09-02 00:00:00";"2024-09-02 00:00:00";18;55;5
207;780;243;1;1;"2024-09-02 00:00:00";"2024-09-02 00:00:00";19;56;5
208;41;236;1;9;"2024-09-02 00:00:00";"2024-12-20 12:48:49";18;53;5
209;41;229;3;1;"2024-09-02 00:00:00";"2024-09-02 00:00:00";18;53;5
210;41;248;1;9;"2024-09-02 00:00:00";"2024-12-20 12:49:04";19;54;5
211;57;259;1;1;"2024-09-02 00:00:00";"2024-09-02 00:00:00";20;56;6
212;355;232;1;9;"2024-09-02 00:00:00";"2024-09-02 00:00:00";18;54;5
213;355;258;1;9;"2024-09-02 00:00:00";"2024-12-20 12:30:48";20;56;6
214;355;252;3;1;"2024-09-02 00:00:00";"2024-09-02 00:00:00";20;56;6
215;814;260;2;1;"2024-09-02 00:00:00";"2024-09-02 00:00:00";20;57;6
216;814;259;2;11;"2024-09-02 00:00:00";"2024-12-20 12:44:40";20;57;6
217;694;258;1;1;"2024-09-02 00:00:00";"2024-09-02 00:00:00";20;56;6
218;694;256;1;1;"2024-09-02 00:00:00";"2024-09-02 00:00:00";20;56;6
219;811;240;1;1;"2024-09-02 00:00:00";"2024-09-02 00:00:00";19;55;5
220;811;252;1;1;"2024-09-02 00:00:00";"2024-09-02 00:00:00";20;56;6
221;176;230;1;1;"2024-09-02 00:00:00";"2024-09-02 00:00:00";18;54;5
222;176;245;1;9;"2024-09-02 00:00:00";"2024-09-02 00:00:00";19;55;5
223;226;228;1;1;"2024-09-02 00:00:00";"2024-09-02 00:00:00";18;53;5
224;226;245;1;1;"2024-09-02 00:00:00";"2024-09-02 00:00:00";19;54;5
225;226;239;3;1;"2024-09-02 00:00:00";"2024-09-02 00:00:00";19;54;5
226;341;240;1;9;"2024-09-02 00:00:00";"2024-09-02 00:00:00";19;54;5
227;579;245;1;1;"2024-09-02 00:00:00";"2024-09-02 00:00:00";19;54;5
228;579;256;1;1;"2024-09-02 00:00:00";"2024-09-02 00:00:00";20;56;6
229;579;252;3;1;"2024-09-02 00:00:00";"2024-09-02 00:00:00";20;56;6
230;682;245;1;1;"2024-09-02 00:00:00";"2024-09-02 00:00:00";19;54;5
231;682;254;1;1;"2024-09-02 00:00:00";"2024-09-02 00:00:00";20;56;6
232;682;256;3;1;"2024-09-02 00:00:00";"2024-09-02 00:00:00";20;56;6
233;815;260;2;11;"2024-09-02 00:00:00";"2024-09-02 00:00:00";20;57;6
234;815;259;2;11;"2024-09-02 00:00:00";"2024-09-02 00:00:00";20;57;6
235;813;260;2;1;"2024-09-02 00:00:00";"2024-09-02 00:00:00";20;57;6
236;813;259;2;1;"2024-09-02 00:00:00";"2024-09-02 00:00:00";20;57;6
237;202;256;1;1;"2024-09-02 00:00:00";"2024-09-02 00:00:00";20;56;6
238;275;230;1;9;"2024-09-02 00:00:00";"2024-12-20 12:35:27";18;54;5
239;275;240;1;1;"2024-09-02 00:00:00";"2024-09-02 00:00:00";19;55;5
240;275;261;3;1;"2024-09-02 00:00:00";"2024-09-02 00:00:00";20;56;6
241;282;230;1;1;"2024-09-02 00:00:00";"2024-09-02 00:00:00";18;53;5
242;282;240;1;1;"2024-09-02 00:00:00";"2024-09-02 00:00:00";19;54;5
243;282;252;3;1;"2024-09-02 00:00:00";"2024-09-02 00:00:00";20;56;6
244;289;245;1;1;"2024-09-02 00:00:00";"2024-09-02 00:00:00";19;55;5
245;316;228;1;9;"2024-09-02 00:00:00";"2024-12-19 13:20:45";18;53;5
246;316;229;1;1;"2024-09-02 00:00:00";"2024-09-02 00:00:00";18;53;5
247;316;240;3;1;"2024-09-02 00:00:00";"2024-09-02 00:00:00";19;55;5
248;390;260;1;1;"2024-09-02 00:00:00";"2024-09-02 00:00:00";20;56;6
249;390;258;1;1;"2024-09-02 00:00:00";"2024-09-02 00:00:00";20;56;6
250;390;251;3;1;"2024-09-02 00:00:00";"2024-09-02 00:00:00";20;56;6
251;416;239;1;9;"2024-09-02 00:00:00";"2024-09-02 00:00:00";19;55;5
252;416;261;1;1;"2024-09-02 00:00:00";"2024-09-02 00:00:00";20;56;6
253;511;248;1;1;"2024-09-02 00:00:00";"2024-09-02 00:00:00";19;55;5
254;511;245;1;1;"2024-09-02 00:00:00";"2024-09-02 00:00:00";19;55;5
255;511;251;3;1;"2024-09-02 00:00:00";"2024-09-02 00:00:00";20;56;6
256;519;230;1;1;"2024-09-02 00:00:00";"2024-09-02 00:00:00";18;54;5
257;519;240;1;1;"2024-09-02 00:00:00";"2024-09-02 00:00:00";19;55;5
258;519;252;3;1;"2024-09-02 00:00:00";"2024-09-02 00:00:00";20;56;6
259;781;256;1;1;"2024-09-02 00:00:00";"2024-09-02 00:00:00";20;56;6
260;781;252;3;1;"2024-09-02 00:00:00";"2024-09-02 00:00:00";20;56;6
261;781;259;1;1;"2024-09-02 00:00:00";"2024-09-02 00:00:00";20;56;6
262;49;259;1;1;"2024-09-02 00:00:00";"2024-09-02 00:00:00";20;55;6
263;204;252;1;1;"2024-09-02 00:00:00";"2024-09-02 00:00:00";20;55;6
264;204;269;3;1;"2024-09-02 00:00:00";"2024-09-02 00:00:00";21;56;6
265;204;265;1;1;"2024-09-02 00:00:00";"2024-09-02 00:00:00";21;56;6
266;250;265;1;1;"2024-09-02 00:00:00";"2024-09-02 00:00:00";21;56;6
267;295;265;1;1;"2024-09-02 00:00:00";"2024-09-02 00:00:00";21;56;6
268;295;273;1;1;"2024-09-02 00:00:00";"2024-09-02 00:00:00";21;56;6
269;395;265;1;1;"2024-09-02 00:00:00";"2024-09-02 00:00:00";21;56;6
270;532;265;1;1;"2024-09-02 00:00:00";"2024-09-02 00:00:00";21;56;6
271;532;273;1;1;"2024-09-02 00:00:00";"2024-09-02 00:00:00";21;56;6
272;585;265;1;9;"2024-09-02 00:00:00";"2024-12-20 12:25:40";21;56;6
273;727;260;2;1;"2024-09-02 00:00:00";"2024-09-02 00:00:00";20;57;6
274;727;259;2;9;"2024-09-02 00:00:00";"2024-09-02 00:00:00";20;57;6
275;727;274;2;9;"2024-09-02 00:00:00";"2024-09-02 00:00:00";21;57;6
276;727;275;2;1;"2024-09-02 00:00:00";"2024-09-02 00:00:00";21;57;6
277;727;273;2;1;"2024-09-02 00:00:00";"2024-09-02 00:00:00";21;57;6
278;487;259;1;1;"2024-09-02 00:00:00";"2024-09-02 00:00:00";20;55;6
279;487;277;1;9;"2024-09-02 00:00:00";"2024-09-02 00:00:00";21;56;6
280;487;265;3;1;"2024-09-02 00:00:00";"2024-09-02 00:00:00";21;56;6
281;40;273;1;1;"2024-09-02 00:00:00";"2024-09-02 00:00:00";21;56;6
282;91;234;1;1;"2024-09-02 00:00:00";"2024-09-02 00:00:00";18;53;5
283;91;256;1;1;"2024-09-02 00:00:00";"2024-09-02 00:00:00";20;55;6
284;122;245;1;9;"2024-09-02 00:00:00";"2024-12-19 13:24:14";19;54;5
285;284;273;1;1;"2024-09-02 00:00:00";"2024-09-02 00:00:00";21;56;6
286;398;233;3;1;"2024-09-02 00:00:00";"2024-09-02 00:00:00";18;53;5
287;398;230;1;1;"2024-09-02 00:00:00";"2024-09-02 00:00:00";18;53;5
288;398;245;1;1;"2024-09-02 00:00:00";"2024-09-02 00:00:00";19;54;5
289;443;260;2;9;"2024-09-02 00:00:00";"2024-09-02 00:00:00";20;56;6
290;473;260;1;1;"2024-09-02 00:00:00";"2024-09-02 00:00:00";20;55;6
291;473;258;1;1;"2024-09-02 00:00:00";"2024-09-02 00:00:00";20;55;6
292;498;260;1;9;"2024-09-02 00:00:00";"2024-09-02 00:00:00";20;55;6
293;550;232;1;1;"2024-09-02 00:00:00";"2024-09-02 00:00:00";18;53;5
294;550;229;1;1;"2024-09-02 00:00:00";"2024-09-02 00:00:00";18;53;5
295;550;272;3;1;"2024-09-02 00:00:00";"2024-09-02 00:00:00";21;56;6
296;642;240;1;1;"2024-09-02 00:00:00";"2024-09-02 00:00:00";19;54;5
297;642;273;1;1;"2024-09-02 00:00:00";"2024-09-02 00:00:00";21;56;6
298;778;255;1;1;"2024-09-02 00:00:00";"2024-09-02 00:00:00";20;55;6
299;778;272;3;1;"2024-09-02 00:00:00";"2024-09-02 00:00:00";21;56;6
300;778;273;1;1;"2024-09-02 00:00:00";"2024-09-02 00:00:00";21;56;6
301;121;173;1;1;"2024-09-02 00:00:00";"2024-09-02 00:00:00";14;41;4
302;121;193;1;1;"2024-09-02 00:00:00";"2024-09-02 00:00:00";15;42;4
303;121;210;1;1;"2024-09-02 00:00:00";"2024-09-02 00:00:00";16;43;4
304;121;216;1;1;"2024-09-02 00:00:00";"2024-09-02 00:00:00";16;43;4
305;121;217;1;1;"2024-09-02 00:00:00";"2024-09-02 00:00:00";16;43;4
306;315;245;1;1;"2024-09-02 00:00:00";"2024-09-02 00:00:00";19;44;5
307;120;234;1;1;"2024-09-02 00:00:00";"2024-09-02 00:00:00";18;45;5
308;120;256;1;1;"2024-09-02 00:00:00";"2024-09-02 00:00:00";20;47;6
309;120;265;1;1;"2024-09-02 00:00:00";"2024-09-02 00:00:00";21;48;6
310;120;282;1;1;"2024-09-02 00:00:00";"2024-09-02 00:00:00";22;49;6
311;528;282;1;1;"2024-09-02 00:00:00";"2024-09-02 00:00:00";22;49;6
312;818;254;1;1;"2024-09-02 00:00:00";"2024-09-02 00:00:00";20;47;6
313;818;256;1;1;"2024-09-02 00:00:00";"2024-09-02 00:00:00";20;47;6
314;818;275;1;1;"2024-09-02 00:00:00";"2024-09-02 00:00:00";21;48;6
315;818;285;1;1;"2024-09-02 00:00:00";"2024-09-02 00:00:00";22;50;6
316;818;289;1;1;"2024-09-02 00:00:00";"2024-09-02 00:00:00";22;50;6
317;818;290;1;1;"2024-09-02 00:00:00";"2024-09-02 00:00:00";22;50;6
318;222;244;1;1;"2024-09-02 00:00:00";"2024-09-02 00:00:00";19;47;5
319;486;278;1;1;"2024-09-02 00:00:00";"2024-09-02 00:00:00";22;50;6
320;486;282;1;1;"2024-09-02 00:00:00";"2024-09-02 00:00:00";22;50;6
321;486;279;1;1;"2024-09-02 00:00:00";"2024-09-02 00:00:00";22;50;6
322;378;285;1;1;"2024-09-02 00:00:00";"2024-09-02 00:00:00";22;52;6
323;378;286;1;1;"2024-09-02 00:00:00";"2024-09-02 00:00:00";22;52;6
324;378;292;1;1;"2024-09-02 00:00:00";"2024-09-02 00:00:00";22;52;6
325;378;291;1;1;"2024-09-02 00:00:00";"2024-09-02 00:00:00";22;52;6
326;378;288;1;1;"2024-09-02 00:00:00";"2024-09-02 00:00:00";22;52;6
327;676;254;1;1;"2024-09-02 00:00:00";"2024-09-02 00:00:00";20;50;6
328;676;259;1;1;"2024-09-02 00:00:00";"2024-09-02 00:00:00";20;50;6
329;676;285;1;1;"2024-09-02 00:00:00";"2024-09-02 00:00:00";22;52;6
330;676;288;1;1;"2024-09-02 00:00:00";"2024-09-02 00:00:00";22;52;6
331;63;285;1;1;"2024-09-02 00:00:00";"2024-09-02 00:00:00";22;53;6
332;63;290;1;1;"2024-09-02 00:00:00";"2024-09-02 00:00:00";22;53;6
333;65;261;5;1;"2024-09-02 00:00:00";"2024-09-02 00:00:00";20;51;6
334;65;280;5;1;"2024-09-02 00:00:00";"2024-09-02 00:00:00";22;53;6
335;89;256;1;1;"2024-09-02 00:00:00";"2024-09-02 00:00:00";20;51;6
336;89;252;1;1;"2024-09-02 00:00:00";"2024-09-02 00:00:00";20;51;6
337;89;285;1;1;"2024-09-02 00:00:00";"2024-09-02 00:00:00";22;53;6
338;89;284;1;1;"2024-09-02 00:00:00";"2024-09-02 00:00:00";22;53;6
339;89;287;1;1;"2024-09-02 00:00:00";"2024-09-02 00:00:00";22;53;6
340;89;286;1;1;"2024-09-02 00:00:00";"2024-09-02 00:00:00";22;53;6
341;89;292;1;1;"2024-09-02 00:00:00";"2024-09-02 00:00:00";22;53;6
342;89;291;1;1;"2024-09-02 00:00:00";"2024-09-02 00:00:00";22;53;6
343;89;282;1;1;"2024-09-02 00:00:00";"2024-09-02 00:00:00";22;53;6
344;89;279;1;1;"2024-09-02 00:00:00";"2024-09-02 00:00:00";22;53;6
345;89;280;1;1;"2024-09-02 00:00:00";"2024-09-02 00:00:00";22;53;6
346;89;281;1;1;"2024-09-02 00:00:00";"2024-09-02 00:00:00";22;53;6
347;89;288;1;1;"2024-09-02 00:00:00";"2024-09-02 00:00:00";22;53;6
348;89;290;1;1;"2024-09-02 00:00:00";"2024-09-02 00:00:00";22;53;6
349;252;244;1;1;"2024-09-02 00:00:00";"2024-09-02 00:00:00";19;50;5
350;252;240;1;1;"2024-09-02 00:00:00";"2024-09-02 00:00:00";19;50;5
351;252;285;1;1;"2024-09-02 00:00:00";"2024-09-02 00:00:00";22;53;6
352;252;284;1;1;"2024-09-02 00:00:00";"2024-09-02 00:00:00";22;53;6
353;252;287;1;1;"2024-09-02 00:00:00";"2024-09-02 00:00:00";22;53;6
354;252;286;1;1;"2024-09-02 00:00:00";"2024-09-02 00:00:00";22;53;6
355;252;292;1;1;"2024-09-02 00:00:00";"2024-09-02 00:00:00";22;53;6
356;252;291;1;1;"2024-09-02 00:00:00";"2024-09-02 00:00:00";22;53;6
357;252;282;1;1;"2024-09-02 00:00:00";"2024-09-02 00:00:00";22;53;6
358;252;279;1;1;"2024-09-02 00:00:00";"2024-09-02 00:00:00";22;53;6
359;252;280;1;1;"2024-09-02 00:00:00";"2024-09-02 00:00:00";22;53;6
360;252;281;1;1;"2024-09-02 00:00:00";"2024-09-02 00:00:00";22;53;6
361;252;288;1;1;"2024-09-02 00:00:00";"2024-09-02 00:00:00";22;53;6
362;252;290;1;1;"2024-09-02 00:00:00";"2024-09-02 00:00:00";22;53;6
363;263;285;1;1;"2024-09-02 00:00:00";"2024-09-02 00:00:00";22;53;6
364;263;289;1;1;"2024-09-02 00:00:00";"2024-09-02 00:00:00";22;53;6
365;263;290;1;1;"2024-09-02 00:00:00";"2024-09-02 00:00:00";22;53;6
366;280;275;1;1;"2024-09-02 00:00:00";"2024-09-02 00:00:00";21;52;6
367;280;290;1;1;"2024-09-02 00:00:00";"2024-09-02 00:00:00";22;53;6
368;292;239;1;1;"2024-09-02 00:00:00";"2024-09-02 00:00:00";19;50;5
369;292;255;1;1;"2024-09-02 00:00:00";"2024-09-02 00:00:00";20;51;6
370;292;275;1;1;"2024-09-02 00:00:00";"2024-09-02 00:00:00";21;52;6
371;292;285;1;1;"2024-09-02 00:00:00";"2024-09-02 00:00:00";22;53;6
372;292;284;1;1;"2024-09-02 00:00:00";"2024-09-02 00:00:00";22;53;6
373;292;287;1;1;"2024-09-02 00:00:00";"2024-09-02 00:00:00";22;53;6
374;292;286;1;1;"2024-09-02 00:00:00";"2024-09-02 00:00:00";22;53;6
375;292;292;1;1;"2024-09-02 00:00:00";"2024-09-02 00:00:00";22;53;6
376;292;291;1;1;"2024-09-02 00:00:00";"2024-09-02 00:00:00";22;53;6
377;292;282;1;1;"2024-09-02 00:00:00";"2024-09-02 00:00:00";22;53;6
378;292;279;1;1;"2024-09-02 00:00:00";"2024-09-02 00:00:00";22;53;6
379;292;280;1;1;"2024-09-02 00:00:00";"2024-09-02 00:00:00";22;53;6
380;292;281;1;1;"2024-09-02 00:00:00";"2024-09-02 00:00:00";22;53;6
381;292;288;1;1;"2024-09-02 00:00:00";"2024-09-02 00:00:00";22;53;6
382;292;290;1;1;"2024-09-02 00:00:00";"2024-09-02 00:00:00";22;53;6
383;450;274;1;1;"2024-09-02 00:00:00";"2024-09-02 00:00:00";21;52;6
384;450;285;1;1;"2024-09-02 00:00:00";"2024-09-02 00:00:00";22;53;6
385;450;289;1;1;"2024-09-02 00:00:00";"2024-09-02 00:00:00";22;53;6
386;450;284;1;1;"2024-09-02 00:00:00";"2024-09-02 00:00:00";22;53;6
387;450;287;1;1;"2024-09-02 00:00:00";"2024-09-02 00:00:00";22;53;6
388;450;292;1;1;"2024-09-02 00:00:00";"2024-09-02 00:00:00";22;53;6
389;450;282;1;1;"2024-09-02 00:00:00";"2024-09-02 00:00:00";22;53;6
390;450;279;1;1;"2024-09-02 00:00:00";"2024-09-02 00:00:00";22;53;6
391;450;280;1;1;"2024-09-02 00:00:00";"2024-09-02 00:00:00";22;53;6
392;450;281;1;1;"2024-09-02 00:00:00";"2024-09-02 00:00:00";22;53;6
393;452;252;1;1;"2024-09-02 00:00:00";"2024-09-02 00:00:00";20;51;6
394;452;273;1;1;"2024-09-02 00:00:00";"2024-09-02 00:00:00";21;52;6
395;452;285;1;1;"2024-09-02 00:00:00";"2024-09-02 00:00:00";22;53;6
396;452;286;1;1;"2024-09-02 00:00:00";"2024-09-02 00:00:00";22;53;6
397;452;292;1;1;"2024-09-02 00:00:00";"2024-09-02 00:00:00";22;53;6
398;452;282;1;1;"2024-09-02 00:00:00";"2024-09-02 00:00:00";22;53;6
399;452;280;1;1;"2024-09-02 00:00:00";"2024-09-02 00:00:00";22;53;6
400;452;290;1;1;"2024-09-02 00:00:00";"2024-09-02 00:00:00";22;53;6
401;474;285;1;1;"2024-09-02 00:00:00";"2024-09-02 00:00:00";22;53;6
402;474;284;1;1;"2024-09-02 00:00:00";"2024-09-02 00:00:00";22;53;6
403;474;287;1;1;"2024-09-02 00:00:00";"2024-09-02 00:00:00";22;53;6
404;474;286;1;1;"2024-09-02 00:00:00";"2024-09-02 00:00:00";22;53;6
405;474;292;1;1;"2024-09-02 00:00:00";"2024-09-02 00:00:00";22;53;6
406;474;291;1;1;"2024-09-02 00:00:00";"2024-09-02 00:00:00";22;53;6
407;474;282;1;1;"2024-09-02 00:00:00";"2024-09-02 00:00:00";22;53;6
408;474;279;1;1;"2024-09-02 00:00:00";"2024-09-02 00:00:00";22;53;6
409;474;280;1;1;"2024-09-02 00:00:00";"2024-09-02 00:00:00";22;53;6
410;474;281;1;1;"2024-09-02 00:00:00";"2024-09-02 00:00:00";22;53;6
411;474;288;1;1;"2024-09-02 00:00:00";"2024-09-02 00:00:00";22;53;6
412;474;290;1;1;"2024-09-02 00:00:00";"2024-09-02 00:00:00";22;53;6
413;89;245;1;1;"2024-09-02 00:00:00";"2024-09-02 00:00:00";19;50;5
414;636;245;1;1;"2024-09-02 00:00:00";"2024-09-02 00:00:00";19;50;5
415;636;255;1;1;"2024-09-02 00:00:00";"2024-09-02 00:00:00";20;51;6
416;636;264;1;1;"2024-09-02 00:00:00";"2024-09-02 00:00:00";21;52;6
417;636;285;1;1;"2024-09-02 00:00:00";"2024-09-02 00:00:00";22;53;6
418;636;284;1;1;"2024-09-02 00:00:00";"2024-09-02 00:00:00";22;53;6
419;636;287;1;1;"2024-09-02 00:00:00";"2024-09-02 00:00:00";22;53;6
420;636;286;1;1;"2024-09-02 00:00:00";"2024-09-02 00:00:00";22;53;6
421;636;292;1;1;"2024-09-02 00:00:00";"2024-09-02 00:00:00";22;53;6
422;636;291;1;1;"2024-09-02 00:00:00";"2024-09-02 00:00:00";22;53;6
423;636;282;1;1;"2024-09-02 00:00:00";"2024-09-02 00:00:00";22;53;6
424;636;279;1;1;"2024-09-02 00:00:00";"2024-09-02 00:00:00";22;53;6
425;636;280;1;1;"2024-09-02 00:00:00";"2024-09-02 00:00:00";22;53;6
426;636;281;1;1;"2024-09-02 00:00:00";"2024-09-02 00:00:00";22;53;6
427;636;288;1;1;"2024-09-02 00:00:00";"2024-09-02 00:00:00";22;53;6
428;636;290;1;1;"2024-09-02 00:00:00";"2024-09-02 00:00:00";22;53;6
429;663;274;1;1;"2024-09-02 00:00:00";"2024-09-02 00:00:00";21;52;6
430;663;275;1;1;"2024-09-02 00:00:00";"2024-09-02 00:00:00";21;52;6
431;663;285;1;1;"2024-09-02 00:00:00";"2024-09-02 00:00:00";22;53;6
432;663;289;1;1;"2024-09-02 00:00:00";"2024-09-02 00:00:00";22;53;6
433;663;287;1;1;"2024-09-02 00:00:00";"2024-09-02 00:00:00";22;53;6
434;663;292;1;1;"2024-09-02 00:00:00";"2024-09-02 00:00:00";22;53;6
435;663;282;1;1;"2024-09-02 00:00:00";"2024-09-02 00:00:00";22;53;6
436;663;281;1;1;"2024-09-02 00:00:00";"2024-09-02 00:00:00";22;53;6
437;663;290;1;1;"2024-09-02 00:00:00";"2024-09-02 00:00:00";22;53;6
438;709;229;1;1;"2024-09-02 00:00:00";"2024-09-02 00:00:00";18;49;5
439;709;274;2;1;"2024-09-02 00:00:00";"2024-09-02 00:00:00";21;52;6
440;709;275;2;1;"2024-09-02 00:00:00";"2024-09-02 00:00:00";21;52;6
441;709;273;2;1;"2024-09-02 00:00:00";"2024-09-02 00:00:00";21;52;6
442;709;285;1;1;"2024-09-02 00:00:00";"2024-09-02 00:00:00";22;53;6
443;709;284;1;1;"2024-09-02 00:00:00";"2024-09-02 00:00:00";22;53;6
444;709;287;1;1;"2024-09-02 00:00:00";"2024-09-02 00:00:00";22;53;6
445;709;286;1;1;"2024-09-02 00:00:00";"2024-09-02 00:00:00";22;53;6
446;709;292;1;1;"2024-09-02 00:00:00";"2024-09-02 00:00:00";22;53;6
447;709;291;1;1;"2024-09-02 00:00:00";"2024-09-02 00:00:00";22;53;6
448;709;279;1;1;"2024-09-02 00:00:00";"2024-09-02 00:00:00";22;53;6
449;709;280;1;1;"2024-09-02 00:00:00";"2024-09-02 00:00:00";22;53;6
450;709;281;1;1;"2024-09-02 00:00:00";"2024-09-02 00:00:00";22;53;6
451;709;288;1;1;"2024-09-02 00:00:00";"2024-09-02 00:00:00";22;53;6
452;709;290;1;1;"2024-09-02 00:00:00";"2024-09-02 00:00:00";22;53;6
453;221;281;1;1;"2024-09-02 00:00:00";"2024-09-02 00:00:00";22;53;6
454;221;290;1;1;"2024-09-02 00:00:00";"2024-09-02 00:00:00";22;53;6
455;239;282;1;1;"2024-09-02 00:00:00";"2024-09-02 00:00:00";22;53;6
456;239;290;1;1;"2024-09-02 00:00:00";"2024-09-02 00:00:00";22;53;6
457;253;259;1;1;"2024-09-02 00:00:00";"2024-09-02 00:00:00";20;51;6
458;253;273;1;1;"2024-09-02 00:00:00";"2024-09-02 00:00:00";21;52;6
459;253;282;1;1;"2024-09-02 00:00:00";"2024-09-02 00:00:00";22;53;6
460;253;290;1;1;"2024-09-02 00:00:00";"2024-09-02 00:00:00";22;53;6
461;256;273;1;1;"2024-09-02 00:00:00";"2024-09-02 00:00:00";21;52;6
462;256;285;1;1;"2024-09-02 00:00:00";"2024-09-02 00:00:00";22;53;6
463;256;284;1;1;"2024-09-02 00:00:00";"2024-09-02 00:00:00";22;53;6
464;256;287;1;1;"2024-09-02 00:00:00";"2024-09-02 00:00:00";22;53;6
465;256;286;1;1;"2024-09-02 00:00:00";"2024-09-02 00:00:00";22;53;6
466;256;282;1;1;"2024-09-02 00:00:00";"2024-09-02 00:00:00";22;53;6
467;256;279;1;1;"2024-09-02 00:00:00";"2024-09-02 00:00:00";22;53;6
468;256;280;1;1;"2024-09-02 00:00:00";"2024-09-02 00:00:00";22;53;6
469;256;281;1;1;"2024-09-02 00:00:00";"2024-09-02 00:00:00";22;53;6
470;256;288;1;1;"2024-09-02 00:00:00";"2024-09-02 00:00:00";22;53;6
471;256;290;1;1;"2024-09-02 00:00:00";"2024-09-02 00:00:00";22;53;6
472;576;254;1;1;"2024-09-02 00:00:00";"2024-09-02 00:00:00";20;51;6
473;576;274;1;1;"2024-09-02 00:00:00";"2024-09-02 00:00:00";21;52;6
474;576;268;1;1;"2024-09-02 00:00:00";"2024-09-02 00:00:00";21;52;6
475;576;284;1;1;"2024-09-02 00:00:00";"2024-09-02 00:00:00";22;53;6
476;576;287;1;1;"2024-09-02 00:00:00";"2024-09-02 00:00:00";22;53;6
477;576;286;1;1;"2024-09-02 00:00:00";"2024-09-02 00:00:00";22;53;6
478;576;292;1;1;"2024-09-02 00:00:00";"2024-09-02 00:00:00";22;53;6
479;576;282;1;1;"2024-09-02 00:00:00";"2024-09-02 00:00:00";22;53;6
480;576;279;1;1;"2024-09-02 00:00:00";"2024-09-02 00:00:00";22;53;6
481;576;280;1;1;"2024-09-02 00:00:00";"2024-09-02 00:00:00";22;53;6
482;576;288;1;1;"2024-09-02 00:00:00";"2024-09-02 00:00:00";22;53;6
483;576;290;1;1;"2024-09-02 00:00:00";"2024-09-02 00:00:00";22;53;6
484;606;243;1;1;"2024-09-02 00:00:00";"2024-09-02 00:00:00";19;50;5
485;606;285;1;1;"2024-09-02 00:00:00";"2024-09-02 00:00:00";22;53;6
486;606;284;1;1;"2024-09-02 00:00:00";"2024-09-02 00:00:00";22;53;6
487;606;287;1;1;"2024-09-02 00:00:00";"2024-09-02 00:00:00";22;53;6
488;606;286;1;1;"2024-09-02 00:00:00";"2024-09-02 00:00:00";22;53;6
489;606;292;1;1;"2024-09-02 00:00:00";"2024-09-02 00:00:00";22;53;6
490;606;291;1;1;"2024-09-02 00:00:00";"2024-09-02 00:00:00";22;53;6
491;606;282;1;1;"2024-09-02 00:00:00";"2024-09-02 00:00:00";22;53;6
492;606;279;1;1;"2024-09-02 00:00:00";"2024-09-02 00:00:00";22;53;6
493;606;280;1;1;"2024-09-02 00:00:00";"2024-09-02 00:00:00";22;53;6
494;606;281;1;1;"2024-09-02 00:00:00";"2024-09-02 00:00:00";22;53;6
495;606;288;1;1;"2024-09-02 00:00:00";"2024-09-02 00:00:00";22;53;6
496;606;290;1;1;"2024-09-02 00:00:00";"2024-09-02 00:00:00";22;53;6
497;627;285;1;1;"2024-09-02 00:00:00";"2024-09-02 00:00:00";22;53;6
498;627;286;1;1;"2024-09-02 00:00:00";"2024-09-02 00:00:00";22;53;6
499;627;280;1;1;"2024-09-02 00:00:00";"2024-09-02 00:00:00";22;53;6
500;627;281;1;1;"2024-09-02 00:00:00";"2024-09-02 00:00:00";22;53;6
501;627;290;1;1;"2024-09-02 00:00:00";"2024-09-02 00:00:00";22;53;6
502;637;265;1;1;"2024-09-02 00:00:00";"2024-09-02 00:00:00";21;52;6
503;637;285;1;1;"2024-09-02 00:00:00";"2024-09-02 00:00:00";22;53;6
504;637;289;1;1;"2024-09-02 00:00:00";"2024-09-02 00:00:00";22;53;6
505;637;284;1;1;"2024-09-02 00:00:00";"2024-09-02 00:00:00";22;53;6
506;637;287;1;1;"2024-09-02 00:00:00";"2024-09-02 00:00:00";22;53;6
507;637;286;1;1;"2024-09-02 00:00:00";"2024-09-02 00:00:00";22;53;6
508;637;292;1;1;"2024-09-02 00:00:00";"2024-09-02 00:00:00";22;53;6
509;637;291;1;1;"2024-09-02 00:00:00";"2024-09-02 00:00:00";22;53;6
510;637;282;1;1;"2024-09-02 00:00:00";"2024-09-02 00:00:00";22;53;6
511;637;279;1;1;"2024-09-02 00:00:00";"2024-09-02 00:00:00";22;53;6
512;637;281;1;1;"2024-09-02 00:00:00";"2024-09-02 00:00:00";22;53;6
513;637;290;1;1;"2024-09-02 00:00:00";"2024-09-02 00:00:00";22;53;6
514;701;279;1;1;"2024-09-02 00:00:00";"2024-09-02 00:00:00";22;53;6
515;769;289;1;1;"2024-09-02 00:00:00";"2024-09-02 00:00:00";22;53;6
516;769;287;1;1;"2024-09-02 00:00:00";"2024-09-02 00:00:00";22;53;6
517;769;286;1;1;"2024-09-02 00:00:00";"2024-09-02 00:00:00";22;53;6
518;769;292;1;1;"2024-09-02 00:00:00";"2024-09-02 00:00:00";22;53;6
519;769;279;1;1;"2024-09-02 00:00:00";"2024-09-02 00:00:00";22;53;6
520;769;280;1;1;"2024-09-02 00:00:00";"2024-09-02 00:00:00";22;53;6
521;769;281;1;1;"2024-09-02 00:00:00";"2024-09-02 00:00:00";22;53;6
522;11;264;1;1;"2024-09-02 00:00:00";"2024-09-02 00:00:00";21;52;6
523;11;282;1;1;"2024-09-02 00:00:00";"2024-09-02 00:00:00";22;53;6
524;11;279;1;1;"2024-09-02 00:00:00";"2024-09-02 00:00:00";22;53;6
525;11;280;1;1;"2024-09-02 00:00:00";"2024-09-02 00:00:00";22;53;6
526;20;285;1;1;"2024-09-02 00:00:00";"2024-09-02 00:00:00";22;53;6
527;20;289;1;1;"2024-09-02 00:00:00";"2024-09-02 00:00:00";22;53;6
528;20;286;1;1;"2024-09-02 00:00:00";"2024-09-02 00:00:00";22;53;6
529;20;280;1;1;"2024-09-02 00:00:00";"2024-09-02 00:00:00";22;53;6
530;20;290;1;1;"2024-09-02 00:00:00";"2024-09-02 00:00:00";22;53;6
531;46;229;1;1;"2024-09-02 00:00:00";"2024-09-02 00:00:00";18;49;5
532;46;268;1;1;"2024-09-02 00:00:00";"2024-09-02 00:00:00";21;52;6
533;46;265;1;1;"2024-09-02 00:00:00";"2024-09-02 00:00:00";21;52;6
534;46;285;1;1;"2024-09-02 00:00:00";"2024-09-02 00:00:00";22;53;6
535;46;284;1;1;"2024-09-02 00:00:00";"2024-09-02 00:00:00";22;53;6
536;46;287;1;1;"2024-09-02 00:00:00";"2024-09-02 00:00:00";22;53;6
537;46;286;1;1;"2024-09-02 00:00:00";"2024-09-02 00:00:00";22;53;6
538;46;292;1;1;"2024-09-02 00:00:00";"2024-09-02 00:00:00";22;53;6
539;46;291;1;1;"2024-09-02 00:00:00";"2024-09-02 00:00:00";22;53;6
540;46;282;1;1;"2024-09-02 00:00:00";"2024-09-02 00:00:00";22;53;6
541;46;279;1;1;"2024-09-02 00:00:00";"2024-09-02 00:00:00";22;53;6
542;46;280;1;1;"2024-09-02 00:00:00";"2024-09-02 00:00:00";22;53;6
543;46;281;1;1;"2024-09-02 00:00:00";"2024-09-02 00:00:00";22;53;6
544;46;288;1;1;"2024-09-02 00:00:00";"2024-09-02 00:00:00";22;53;6
545;46;290;1;1;"2024-09-02 00:00:00";"2024-09-02 00:00:00";22;53;6
546;67;265;1;1;"2024-09-02 00:00:00";"2024-09-02 00:00:00";21;52;6
547;67;285;1;1;"2024-09-02 00:00:00";"2024-09-02 00:00:00";22;53;6
548;67;286;1;1;"2024-09-02 00:00:00";"2024-09-02 00:00:00";22;53;6
549;67;282;1;1;"2024-09-02 00:00:00";"2024-09-02 00:00:00";22;53;6
550;67;280;1;1;"2024-09-02 00:00:00";"2024-09-02 00:00:00";22;53;6
551;67;288;1;1;"2024-09-02 00:00:00";"2024-09-02 00:00:00";22;53;6
552;67;290;1;1;"2024-09-02 00:00:00";"2024-09-02 00:00:00";22;53;6
553;99;255;1;1;"2024-09-02 00:00:00";"2024-09-02 00:00:00";20;51;6
554;99;251;1;1;"2024-09-02 00:00:00";"2024-09-02 00:00:00";20;51;6
555;99;259;1;1;"2024-09-02 00:00:00";"2024-09-02 00:00:00";20;51;6
556;99;285;1;1;"2024-09-02 00:00:00";"2024-09-02 00:00:00";22;53;6
557;99;284;1;1;"2024-09-02 00:00:00";"2024-09-02 00:00:00";22;53;6
558;99;287;1;1;"2024-09-02 00:00:00";"2024-09-02 00:00:00";22;53;6
559;99;278;1;1;"2024-09-02 00:00:00";"2024-09-02 00:00:00";22;53;6
560;99;292;1;1;"2024-09-02 00:00:00";"2024-09-02 00:00:00";22;53;6
561;99;291;1;1;"2024-09-02 00:00:00";"2024-09-02 00:00:00";22;53;6
562;99;282;1;1;"2024-09-02 00:00:00";"2024-09-02 00:00:00";22;53;6
563;99;279;1;1;"2024-09-02 00:00:00";"2024-09-02 00:00:00";22;53;6
564;99;280;1;1;"2024-09-02 00:00:00";"2024-09-02 00:00:00";22;53;6
565;99;281;1;1;"2024-09-02 00:00:00";"2024-09-02 00:00:00";22;53;6
566;99;288;1;1;"2024-09-02 00:00:00";"2024-09-02 00:00:00";22;53;6
567;99;290;1;1;"2024-09-02 00:00:00";"2024-09-02 00:00:00";22;53;6
568;145;252;1;1;"2024-09-02 00:00:00";"2024-09-02 00:00:00";20;51;6
569;145;265;1;1;"2024-09-02 00:00:00";"2024-09-02 00:00:00";21;52;6
570;145;285;1;1;"2024-09-02 00:00:00";"2024-09-02 00:00:00";22;53;6
571;145;289;1;1;"2024-09-02 00:00:00";"2024-09-02 00:00:00";22;53;6
572;145;284;1;1;"2024-09-02 00:00:00";"2024-09-02 00:00:00";22;53;6
573;145;287;1;1;"2024-09-02 00:00:00";"2024-09-02 00:00:00";22;53;6
574;145;286;1;1;"2024-09-02 00:00:00";"2024-09-02 00:00:00";22;53;6
575;145;292;1;1;"2024-09-02 00:00:00";"2024-09-02 00:00:00";22;53;6
576;145;291;1;1;"2024-09-02 00:00:00";"2024-09-02 00:00:00";22;53;6
577;145;279;1;1;"2024-09-02 00:00:00";"2024-09-02 00:00:00";22;53;6
578;145;280;1;1;"2024-09-02 00:00:00";"2024-09-02 00:00:00";22;53;6
579;145;281;1;1;"2024-09-02 00:00:00";"2024-09-02 00:00:00";22;53;6
580;145;290;1;1;"2024-09-02 00:00:00";"2024-09-02 00:00:00";22;53;6
581;152;288;1;1;"2024-09-02 00:00:00";"2024-09-02 00:00:00";22;53;6
582;184;275;1;1;"2024-09-02 00:00:00";"2024-09-02 00:00:00";21;52;6
583;184;265;1;1;"2024-09-02 00:00:00";"2024-09-02 00:00:00";21;52;6
584;184;285;1;1;"2024-09-02 00:00:00";"2024-09-02 00:00:00";22;53;6
585;184;289;1;1;"2024-09-02 00:00:00";"2024-09-02 00:00:00";22;53;6
586;184;284;1;1;"2024-09-02 00:00:00";"2024-09-02 00:00:00";22;53;6
587;184;287;1;1;"2024-09-02 00:00:00";"2024-09-02 00:00:00";22;53;6
588;184;286;1;1;"2024-09-02 00:00:00";"2024-09-02 00:00:00";22;53;6
589;184;278;1;1;"2024-09-02 00:00:00";"2024-09-02 00:00:00";22;53;6
590;184;292;1;1;"2024-09-02 00:00:00";"2024-09-02 00:00:00";22;53;6
591;184;291;1;1;"2024-09-02 00:00:00";"2024-09-02 00:00:00";22;53;6
592;184;282;1;1;"2024-09-02 00:00:00";"2024-09-02 00:00:00";22;53;6
593;184;279;1;1;"2024-09-02 00:00:00";"2024-09-02 00:00:00";22;53;6
594;184;280;1;1;"2024-09-02 00:00:00";"2024-09-02 00:00:00";22;53;6
595;184;281;1;1;"2024-09-02 00:00:00";"2024-09-02 00:00:00";22;53;6
596;184;290;1;1;"2024-09-02 00:00:00";"2024-09-02 00:00:00";22;53;6
597;259;285;1;1;"2024-09-02 00:00:00";"2024-09-02 00:00:00";22;53;6
598;259;289;1;1;"2024-09-02 00:00:00";"2024-09-02 00:00:00";22;53;6
599;259;284;1;1;"2024-09-02 00:00:00";"2024-09-02 00:00:00";22;53;6
600;259;287;1;1;"2024-09-02 00:00:00";"2024-09-02 00:00:00";22;53;6
601;259;286;1;1;"2024-09-02 00:00:00";"2024-09-02 00:00:00";22;53;6
602;259;292;1;1;"2024-09-02 00:00:00";"2024-09-02 00:00:00";22;53;6
603;259;291;1;1;"2024-09-02 00:00:00";"2024-09-02 00:00:00";22;53;6
604;259;279;1;1;"2024-09-02 00:00:00";"2024-09-02 00:00:00";22;53;6
605;259;280;1;1;"2024-09-02 00:00:00";"2024-09-02 00:00:00";22;53;6
606;259;281;1;1;"2024-09-02 00:00:00";"2024-09-02 00:00:00";22;53;6
607;259;290;1;1;"2024-09-02 00:00:00";"2024-09-02 00:00:00";22;53;6
608;304;266;1;1;"2024-09-02 00:00:00";"2024-09-02 00:00:00";21;52;6
609;304;269;1;1;"2024-09-02 00:00:00";"2024-09-02 00:00:00";21;52;6
610;304;265;1;1;"2024-09-02 00:00:00";"2024-09-02 00:00:00";21;52;6
611;304;285;1;1;"2024-09-02 00:00:00";"2024-09-02 00:00:00";22;53;6
612;304;284;1;1;"2024-09-02 00:00:00";"2024-09-02 00:00:00";22;53;6
613;304;287;1;1;"2024-09-02 00:00:00";"2024-09-02 00:00:00";22;53;6
614;304;286;1;1;"2024-09-02 00:00:00";"2024-09-02 00:00:00";22;53;6
615;304;278;1;1;"2024-09-02 00:00:00";"2024-09-02 00:00:00";22;53;6
616;304;292;1;1;"2024-09-02 00:00:00";"2024-09-02 00:00:00";22;53;6
617;304;291;1;1;"2024-09-02 00:00:00";"2024-09-02 00:00:00";22;53;6
618;304;282;1;1;"2024-09-02 00:00:00";"2024-09-02 00:00:00";22;53;6
619;304;279;1;1;"2024-09-02 00:00:00";"2024-09-02 00:00:00";22;53;6
620;304;280;1;1;"2024-09-02 00:00:00";"2024-09-02 00:00:00";22;53;6
621;304;281;1;1;"2024-09-02 00:00:00";"2024-09-02 00:00:00";22;53;6
622;304;288;1;1;"2024-09-02 00:00:00";"2024-09-02 00:00:00";22;53;6
623;304;290;1;1;"2024-09-02 00:00:00";"2024-09-02 00:00:00";22;53;6
624;775;269;1;1;"2024-09-02 00:00:00";"2024-09-02 00:00:00";21;52;6
625;775;265;1;1;"2024-09-02 00:00:00";"2024-09-02 00:00:00";21;52;6
626;775;285;1;1;"2024-09-02 00:00:00";"2024-09-02 00:00:00";22;53;6
627;775;289;1;1;"2024-09-02 00:00:00";"2024-09-02 00:00:00";22;53;6
628;775;284;1;1;"2024-09-02 00:00:00";"2024-09-02 00:00:00";22;53;6
629;775;287;1;1;"2024-09-02 00:00:00";"2024-09-02 00:00:00";22;53;6
630;775;286;1;1;"2024-09-02 00:00:00";"2024-09-02 00:00:00";22;53;6
631;775;278;1;1;"2024-09-02 00:00:00";"2024-09-02 00:00:00";22;53;6
632;775;292;1;1;"2024-09-02 00:00:00";"2024-09-02 00:00:00";22;53;6
633;775;291;1;1;"2024-09-02 00:00:00";"2024-09-02 00:00:00";22;53;6
634;775;282;1;1;"2024-09-02 00:00:00";"2024-09-02 00:00:00";22;53;6
635;775;279;1;1;"2024-09-02 00:00:00";"2024-09-02 00:00:00";22;53;6
636;775;280;1;1;"2024-09-02 00:00:00";"2024-09-02 00:00:00";22;53;6
637;775;281;1;1;"2024-09-02 00:00:00";"2024-09-02 00:00:00";22;53;6
638;775;290;1;1;"2024-09-02 00:00:00";"2024-09-02 00:00:00";22;53;6
639;13;285;1;1;"2024-09-02 00:00:00";"2024-09-02 00:00:00";22;54;6
640;13;289;1;1;"2024-09-02 00:00:00";"2024-09-02 00:00:00";22;54;6
641;13;287;1;1;"2024-09-02 00:00:00";"2024-09-02 00:00:00";22;54;6
642;13;286;1;1;"2024-09-02 00:00:00";"2024-09-02 00:00:00";22;54;6
643;13;288;1;1;"2024-09-02 00:00:00";"2024-09-02 00:00:00";22;54;6
644;13;290;1;1;"2024-09-02 00:00:00";"2024-09-02 00:00:00";22;54;6
645;25;260;2;1;"2024-09-02 00:00:00";"2024-09-02 00:00:00";20;52;6
646;25;259;2;1;"2024-09-02 00:00:00";"2024-09-02 00:00:00";20;52;6
647;25;285;1;1;"2024-09-02 00:00:00";"2024-09-02 00:00:00";22;54;6
648;25;289;1;1;"2024-09-02 00:00:00";"2024-09-02 00:00:00";22;54;6
649;25;284;1;1;"2024-09-02 00:00:00";"2024-09-02 00:00:00";22;54;6
650;25;287;1;1;"2024-09-02 00:00:00";"2024-09-02 00:00:00";22;54;6
651;25;286;1;1;"2024-09-02 00:00:00";"2024-09-02 00:00:00";22;54;6
652;25;292;1;1;"2024-09-02 00:00:00";"2024-09-02 00:00:00";22;54;6
653;25;291;1;1;"2024-09-02 00:00:00";"2024-09-02 00:00:00";22;54;6
654;25;280;1;1;"2024-09-02 00:00:00";"2024-09-02 00:00:00";22;54;6
655;25;281;1;1;"2024-09-02 00:00:00";"2024-09-02 00:00:00";22;54;6
656;25;288;1;1;"2024-09-02 00:00:00";"2024-09-02 00:00:00";22;54;6
657;25;290;1;1;"2024-09-02 00:00:00";"2024-09-02 00:00:00";22;54;6
658;58;265;1;1;"2024-09-02 00:00:00";"2024-09-02 00:00:00";21;53;6
659;169;265;1;1;"2024-09-02 00:00:00";"2024-09-02 00:00:00";21;53;6
660;169;271;1;1;"2024-09-02 00:00:00";"2024-09-02 00:00:00";21;53;6
661;169;285;1;1;"2024-09-02 00:00:00";"2024-09-02 00:00:00";22;54;6
662;169;289;1;1;"2024-09-02 00:00:00";"2024-09-02 00:00:00";22;54;6
663;169;284;1;1;"2024-09-02 00:00:00";"2024-09-02 00:00:00";22;54;6
664;169;287;1;1;"2024-09-02 00:00:00";"2024-09-02 00:00:00";22;54;6
665;169;286;1;1;"2024-09-02 00:00:00";"2024-09-02 00:00:00";22;54;6
666;169;292;1;1;"2024-09-02 00:00:00";"2024-09-02 00:00:00";22;54;6
667;169;291;1;1;"2024-09-02 00:00:00";"2024-09-02 00:00:00";22;54;6
668;169;282;1;1;"2024-09-02 00:00:00";"2024-09-02 00:00:00";22;54;6
669;169;279;1;1;"2024-09-02 00:00:00";"2024-09-02 00:00:00";22;54;6
670;169;280;1;1;"2024-09-02 00:00:00";"2024-09-02 00:00:00";22;54;6
671;169;281;1;1;"2024-09-02 00:00:00";"2024-09-02 00:00:00";22;54;6
672;169;288;1;1;"2024-09-02 00:00:00";"2024-09-02 00:00:00";22;54;6
673;169;290;1;1;"2024-09-02 00:00:00";"2024-09-02 00:00:00";22;54;6
674;255;265;1;1;"2024-09-02 00:00:00";"2024-09-02 00:00:00";21;53;6
675;299;271;1;1;"2024-09-02 00:00:00";"2024-09-02 00:00:00";21;53;6
676;299;273;1;1;"2024-09-02 00:00:00";"2024-09-02 00:00:00";21;53;6
677;299;285;1;1;"2024-09-02 00:00:00";"2024-09-02 00:00:00";22;54;6
678;299;289;1;1;"2024-09-02 00:00:00";"2024-09-02 00:00:00";22;54;6
679;299;287;1;1;"2024-09-02 00:00:00";"2024-09-02 00:00:00";22;54;6
680;299;286;1;1;"2024-09-02 00:00:00";"2024-09-02 00:00:00";22;54;6
681;299;288;1;1;"2024-09-02 00:00:00";"2024-09-02 00:00:00";22;54;6
682;299;290;1;1;"2024-09-02 00:00:00";"2024-09-02 00:00:00";22;54;6
683;335;252;1;1;"2024-09-02 00:00:00";"2024-09-02 00:00:00";20;52;6
684;335;285;1;1;"2024-09-02 00:00:00";"2024-09-02 00:00:00";22;54;6
685;335;289;1;1;"2024-09-02 00:00:00";"2024-09-02 00:00:00";22;54;6
686;335;287;1;1;"2024-09-02 00:00:00";"2024-09-02 00:00:00";22;54;6
687;335;286;1;1;"2024-09-02 00:00:00";"2024-09-02 00:00:00";22;54;6
688;335;280;1;1;"2024-09-02 00:00:00";"2024-09-02 00:00:00";22;54;6
689;335;288;1;1;"2024-09-02 00:00:00";"2024-09-02 00:00:00";22;54;6
690;335;290;1;1;"2024-09-02 00:00:00";"2024-09-02 00:00:00";22;54;6
691;344;265;1;1;"2024-09-02 00:00:00";"2024-09-02 00:00:00";21;53;6
692;344;273;1;1;"2024-09-02 00:00:00";"2024-09-02 00:00:00";21;53;6
693;344;285;1;1;"2024-09-02 00:00:00";"2024-09-02 00:00:00";22;54;6
694;344;289;1;1;"2024-09-02 00:00:00";"2024-09-02 00:00:00";22;54;6
695;344;287;1;1;"2024-09-02 00:00:00";"2024-09-02 00:00:00";22;54;6
696;344;286;1;1;"2024-09-02 00:00:00";"2024-09-02 00:00:00";22;54;6
697;344;280;1;1;"2024-09-02 00:00:00";"2024-09-02 00:00:00";22;54;6
698;344;288;1;1;"2024-09-02 00:00:00";"2024-09-02 00:00:00";22;54;6
699;344;290;1;1;"2024-09-02 00:00:00";"2024-09-02 00:00:00";22;54;6
700;555;250;1;1;"2024-09-02 00:00:00";"2024-09-02 00:00:00";20;52;6
701;555;265;1;1;"2024-09-02 00:00:00";"2024-09-02 00:00:00";21;53;6
702;555;273;1;1;"2024-09-02 00:00:00";"2024-09-02 00:00:00";21;53;6
703;555;285;1;1;"2024-09-02 00:00:00";"2024-09-02 00:00:00";22;54;6
704;555;289;1;1;"2024-09-02 00:00:00";"2024-09-02 00:00:00";22;54;6
705;555;287;1;1;"2024-09-02 00:00:00";"2024-09-02 00:00:00";22;54;6
706;555;286;1;1;"2024-09-02 00:00:00";"2024-09-02 00:00:00";22;54;6
707;555;279;1;1;"2024-09-02 00:00:00";"2024-09-02 00:00:00";22;54;6
708;555;281;1;1;"2024-09-02 00:00:00";"2024-09-02 00:00:00";22;54;6
709;555;288;1;1;"2024-09-02 00:00:00";"2024-09-02 00:00:00";22;54;6
710;555;290;1;1;"2024-09-02 00:00:00";"2024-09-02 00:00:00";22;54;6
711;574;285;1;1;"2024-09-02 00:00:00";"2024-09-02 00:00:00";22;54;6
712;574;289;1;1;"2024-09-02 00:00:00";"2024-09-02 00:00:00";22;54;6
713;574;287;1;1;"2024-09-02 00:00:00";"2024-09-02 00:00:00";22;54;6
714;574;286;1;1;"2024-09-02 00:00:00";"2024-09-02 00:00:00";22;54;6
715;574;288;1;1;"2024-09-02 00:00:00";"2024-09-02 00:00:00";22;54;6
716;574;290;1;1;"2024-09-02 00:00:00";"2024-09-02 00:00:00";22;54;6
717;776;270;1;1;"2024-09-02 00:00:00";"2024-09-02 00:00:00";21;53;6
718;776;273;1;1;"2024-09-02 00:00:00";"2024-09-02 00:00:00";21;53;6
719;776;284;1;1;"2024-09-02 00:00:00";"2024-09-02 00:00:00";22;54;6
720;776;292;1;1;"2024-09-02 00:00:00";"2024-09-02 00:00:00";22;54;6
721;776;279;1;1;"2024-09-02 00:00:00";"2024-09-02 00:00:00";22;54;6
722;776;281;1;1;"2024-09-02 00:00:00";"2024-09-02 00:00:00";22;54;6
723;779;267;1;1;"2024-09-02 00:00:00";"2024-09-02 00:00:00";21;53;6
724;779;273;1;1;"2024-09-02 00:00:00";"2024-09-02 00:00:00";21;53;6
725;779;285;1;1;"2024-09-02 00:00:00";"2024-09-02 00:00:00";22;54;6
726;779;289;1;1;"2024-09-02 00:00:00";"2024-09-02 00:00:00";22;54;6
727;779;287;1;1;"2024-09-02 00:00:00";"2024-09-02 00:00:00";22;54;6
728;779;286;1;1;"2024-09-02 00:00:00";"2024-09-02 00:00:00";22;54;6
729;779;281;1;1;"2024-09-02 00:00:00";"2024-09-02 00:00:00";22;54;6
730;779;288;1;1;"2024-09-02 00:00:00";"2024-09-02 00:00:00";22;54;6
731;779;290;1;1;"2024-09-02 00:00:00";"2024-09-02 00:00:00";22;54;6
732;179;285;1;1;"2024-09-02 00:00:00";"2024-09-02 00:00:00";22;54;6
733;179;289;1;1;"2024-09-02 00:00:00";"2024-09-02 00:00:00";22;54;6
734;179;287;1;1;"2024-09-02 00:00:00";"2024-09-02 00:00:00";22;54;6
735;179;286;1;1;"2024-09-02 00:00:00";"2024-09-02 00:00:00";22;54;6
736;179;288;1;1;"2024-09-02 00:00:00";"2024-09-02 00:00:00";22;54;6
737;179;290;1;1;"2024-09-02 00:00:00";"2024-09-02 00:00:00";22;54;6
738;258;285;1;1;"2024-09-02 00:00:00";"2024-09-02 00:00:00";22;54;6
739;258;289;1;1;"2024-09-02 00:00:00";"2024-09-02 00:00:00";22;54;6
740;258;287;1;1;"2024-09-02 00:00:00";"2024-09-02 00:00:00";22;54;6
741;258;286;1;1;"2024-09-02 00:00:00";"2024-09-02 00:00:00";22;54;6
742;258;288;1;1;"2024-09-02 00:00:00";"2024-09-02 00:00:00";22;54;6
743;258;290;1;1;"2024-09-02 00:00:00";"2024-09-02 00:00:00";22;54;6
744;261;260;2;1;"2024-09-02 00:00:00";"2024-09-02 00:00:00";20;52;6
745;261;274;1;1;"2024-09-02 00:00:00";"2024-09-02 00:00:00";21;53;6
746;261;271;1;1;"2024-09-02 00:00:00";"2024-09-02 00:00:00";21;53;6
747;331;285;1;1;"2024-09-02 00:00:00";"2024-09-02 00:00:00";22;54;6
748;331;289;1;1;"2024-09-02 00:00:00";"2024-09-02 00:00:00";22;54;6
749;331;287;1;1;"2024-09-02 00:00:00";"2024-09-02 00:00:00";22;54;6
750;331;286;1;1;"2024-09-02 00:00:00";"2024-09-02 00:00:00";22;54;6
751;331;288;1;1;"2024-09-02 00:00:00";"2024-09-02 00:00:00";22;54;6
752;331;290;1;1;"2024-09-02 00:00:00";"2024-09-02 00:00:00";22;54;6
753;434;285;1;1;"2024-09-02 00:00:00";"2024-09-02 00:00:00";22;54;6
754;434;289;1;1;"2024-09-02 00:00:00";"2024-09-02 00:00:00";22;54;6
755;434;284;1;1;"2024-09-02 00:00:00";"2024-09-02 00:00:00";22;54;6
756;434;287;1;1;"2024-09-02 00:00:00";"2024-09-02 00:00:00";22;54;6
757;434;286;1;1;"2024-09-02 00:00:00";"2024-09-02 00:00:00";22;54;6
758;434;292;1;1;"2024-09-02 00:00:00";"2024-09-02 00:00:00";22;54;6
759;434;288;1;1;"2024-09-02 00:00:00";"2024-09-02 00:00:00";22;54;6
760;434;290;1;1;"2024-09-02 00:00:00";"2024-09-02 00:00:00";22;54;6
761;512;233;1;1;"2024-09-02 00:00:00";"2024-09-02 00:00:00";18;50;5
762;512;266;1;1;"2024-09-02 00:00:00";"2024-09-02 00:00:00";21;53;6
763;512;285;1;1;"2024-09-02 00:00:00";"2024-09-02 00:00:00";22;54;6
764;512;289;1;1;"2024-09-02 00:00:00";"2024-09-02 00:00:00";22;54;6
765;512;287;1;1;"2024-09-02 00:00:00";"2024-09-02 00:00:00";22;54;6
766;512;286;1;1;"2024-09-02 00:00:00";"2024-09-02 00:00:00";22;54;6
767;512;288;1;1;"2024-09-02 00:00:00";"2024-09-02 00:00:00";22;54;6
768;512;290;1;1;"2024-09-02 00:00:00";"2024-09-02 00:00:00";22;54;6
769;733;260;2;1;"2024-09-02 00:00:00";"2024-09-02 00:00:00";20;52;6
770;733;259;2;1;"2024-09-02 00:00:00";"2024-09-02 00:00:00";20;52;6
771;733;274;2;1;"2024-09-02 00:00:00";"2024-09-02 00:00:00";21;53;6
772;733;275;2;1;"2024-09-02 00:00:00";"2024-09-02 00:00:00";21;53;6
773;733;268;1;1;"2024-09-02 00:00:00";"2024-09-02 00:00:00";21;53;6
774;733;273;2;1;"2024-09-02 00:00:00";"2024-09-02 00:00:00";21;53;6
775;733;285;1;1;"2024-09-02 00:00:00";"2024-09-02 00:00:00";22;54;6
776;733;289;1;1;"2024-09-02 00:00:00";"2024-09-02 00:00:00";22;54;6
777;733;284;1;1;"2024-09-02 00:00:00";"2024-09-02 00:00:00";22;54;6
778;733;287;1;1;"2024-09-02 00:00:00";"2024-09-02 00:00:00";22;54;6
779;733;286;1;1;"2024-09-02 00:00:00";"2024-09-02 00:00:00";22;54;6
780;733;292;1;1;"2024-09-02 00:00:00";"2024-09-02 00:00:00";22;54;6
781;733;288;1;1;"2024-09-02 00:00:00";"2024-09-02 00:00:00";22;54;6
782;733;290;1;1;"2024-09-02 00:00:00";"2024-09-02 00:00:00";22;54;6
783;39;244;1;1;"2024-09-02 00:00:00";"2024-09-02 00:00:00";19;51;5
784;39;259;1;1;"2024-09-02 00:00:00";"2024-09-02 00:00:00";20;52;6
785;39;265;1;1;"2024-09-02 00:00:00";"2024-09-02 00:00:00";21;53;6
786;39;285;1;1;"2024-09-02 00:00:00";"2024-09-02 00:00:00";22;54;6
787;39;289;1;1;"2024-09-02 00:00:00";"2024-09-02 00:00:00";22;54;6
788;39;287;1;1;"2024-09-02 00:00:00";"2024-09-02 00:00:00";22;54;6
789;39;286;1;1;"2024-09-02 00:00:00";"2024-09-02 00:00:00";22;54;6
790;39;282;1;1;"2024-09-02 00:00:00";"2024-09-02 00:00:00";22;54;6
791;39;280;1;1;"2024-09-02 00:00:00";"2024-09-02 00:00:00";22;54;6
792;39;288;1;1;"2024-09-02 00:00:00";"2024-09-02 00:00:00";22;54;6
793;39;290;1;1;"2024-09-02 00:00:00";"2024-09-02 00:00:00";22;54;6
794;102;265;1;1;"2024-09-02 00:00:00";"2024-09-02 00:00:00";21;53;6
795;102;282;1;1;"2024-09-02 00:00:00";"2024-09-02 00:00:00";22;54;6
796;142;285;1;1;"2024-09-02 00:00:00";"2024-09-02 00:00:00";22;54;6
797;142;289;1;1;"2024-09-02 00:00:00";"2024-09-02 00:00:00";22;54;6
798;142;287;1;1;"2024-09-02 00:00:00";"2024-09-02 00:00:00";22;54;6
799;142;286;1;1;"2024-09-02 00:00:00";"2024-09-02 00:00:00";22;54;6
800;142;279;1;1;"2024-09-02 00:00:00";"2024-09-02 00:00:00";22;54;6
801;142;288;1;1;"2024-09-02 00:00:00";"2024-09-02 00:00:00";22;54;6
802;142;290;1;1;"2024-09-02 00:00:00";"2024-09-02 00:00:00";22;54;6
803;225;284;1;1;"2024-09-02 00:00:00";"2024-09-02 00:00:00";22;54;6
804;225;292;1;1;"2024-09-02 00:00:00";"2024-09-02 00:00:00";22;54;6
805;225;279;1;1;"2024-09-02 00:00:00";"2024-09-02 00:00:00";22;54;6
806;228;240;1;1;"2024-09-02 00:00:00";"2024-09-02 00:00:00";19;51;5
807;228;282;1;1;"2024-09-02 00:00:00";"2024-09-02 00:00:00";22;54;6
808;228;280;1;1;"2024-09-02 00:00:00";"2024-09-02 00:00:00";22;54;6
809;703;265;1;1;"2024-09-02 00:00:00";"2024-09-02 00:00:00";21;53;6
810;755;245;1;1;"2024-09-02 00:00:00";"2024-09-02 00:00:00";19;51;5
811;755;256;1;1;"2024-09-02 00:00:00";"2024-09-02 00:00:00";20;52;6
812;755;259;1;1;"2024-09-02 00:00:00";"2024-09-02 00:00:00";20;52;6
813;755;285;1;1;"2024-09-02 00:00:00";"2024-09-02 00:00:00";22;52;6
814;755;289;1;1;"2024-09-02 00:00:00";"2024-09-02 00:00:00";22;52;6
815;755;284;1;1;"2024-09-02 00:00:00";"2024-09-02 00:00:00";22;52;6
816;755;287;1;1;"2024-09-02 00:00:00";"2024-09-02 00:00:00";22;52;6
817;755;286;1;1;"2024-09-02 00:00:00";"2024-09-02 00:00:00";22;52;6
818;755;292;1;1;"2024-09-02 00:00:00";"2024-09-02 00:00:00";22;52;6
819;755;282;1;1;"2024-09-02 00:00:00";"2024-09-02 00:00:00";22;52;6
820;755;280;1;1;"2024-09-02 00:00:00";"2024-09-02 00:00:00";22;52;6
821;755;288;1;1;"2024-09-02 00:00:00";"2024-09-02 00:00:00";22;52;6
822;755;290;1;1;"2024-09-02 00:00:00";"2024-09-02 00:00:00";22;52;6
823;37;286;1;1;"2024-09-02 00:00:00";"2024-09-02 00:00:00";22;55;6
824;37;292;1;1;"2024-09-02 00:00:00";"2024-09-02 00:00:00";22;55;6
825;37;288;1;1;"2024-09-02 00:00:00";"2024-09-02 00:00:00";22;55;6
826;37;290;1;1;"2024-09-02 00:00:00";"2024-09-02 00:00:00";22;55;6
827;82;229;1;1;"2024-09-02 00:00:00";"2024-09-02 00:00:00";18;51;5
828;82;274;1;1;"2024-09-02 00:00:00";"2024-09-02 00:00:00";21;54;6
829;82;277;1;1;"2024-09-02 00:00:00";"2024-09-02 00:00:00";21;54;6
830;82;276;1;1;"2024-09-02 00:00:00";"2024-09-02 00:00:00";21;54;6
831;82;275;1;1;"2024-09-02 00:00:00";"2024-09-02 00:00:00";21;54;6
832;82;264;1;1;"2024-09-02 00:00:00";"2024-09-02 00:00:00";21;54;6
833;82;273;1;1;"2024-09-02 00:00:00";"2024-09-02 00:00:00";21;54;6
834;82;287;1;1;"2024-09-02 00:00:00";"2024-09-02 00:00:00";22;55;6
835;82;286;1;1;"2024-09-02 00:00:00";"2024-09-02 00:00:00";22;55;6
836;82;278;1;1;"2024-09-02 00:00:00";"2024-09-02 00:00:00";22;55;6
837;82;292;1;1;"2024-09-02 00:00:00";"2024-09-02 00:00:00";22;55;6
838;82;291;1;1;"2024-09-02 00:00:00";"2024-09-02 00:00:00";22;55;6
839;82;282;1;1;"2024-09-02 00:00:00";"2024-09-02 00:00:00";22;55;6
840;82;280;1;1;"2024-09-02 00:00:00";"2024-09-02 00:00:00";22;55;6
841;82;288;1;1;"2024-09-02 00:00:00";"2024-09-02 00:00:00";22;55;6
842;82;290;1;1;"2024-09-02 00:00:00";"2024-09-02 00:00:00";22;55;6
843;90;243;1;1;"2024-09-02 00:00:00";"2024-09-02 00:00:00";19;52;5
844;90;245;1;1;"2024-09-02 00:00:00";"2024-09-02 00:00:00";19;52;5
845;90;240;1;1;"2024-09-02 00:00:00";"2024-09-02 00:00:00";19;52;5
846;90;284;1;1;"2024-09-02 00:00:00";"2024-09-02 00:00:00";22;55;6
847;90;287;1;1;"2024-09-02 00:00:00";"2024-09-02 00:00:00";22;55;6
848;90;286;1;1;"2024-09-02 00:00:00";"2024-09-02 00:00:00";22;55;6
849;90;292;1;1;"2024-09-02 00:00:00";"2024-09-02 00:00:00";22;55;6
850;90;279;1;1;"2024-09-02 00:00:00";"2024-09-02 00:00:00";22;55;6
851;90;281;1;1;"2024-09-02 00:00:00";"2024-09-02 00:00:00";22;55;6
852;90;288;1;1;"2024-09-02 00:00:00";"2024-09-02 00:00:00";22;55;6
853;90;290;1;1;"2024-09-02 00:00:00";"2024-09-02 00:00:00";22;55;6
854;128;274;1;9;"2024-09-02 00:00:00";"2024-09-02 00:00:00";21;54;6
855;128;277;1;9;"2024-09-02 00:00:00";"2024-09-02 00:00:00";21;54;6
856;128;276;1;9;"2024-09-02 00:00:00";"2024-09-02 00:00:00";21;54;6
857;128;275;1;9;"2024-09-02 00:00:00";"2024-09-02 00:00:00";21;54;6
858;128;273;1;9;"2024-09-02 00:00:00";"2024-09-02 00:00:00";21;54;6
859;128;289;1;1;"2024-09-02 00:00:00";"2024-09-02 00:00:00";22;55;6
860;128;292;1;1;"2024-09-02 00:00:00";"2024-09-02 00:00:00";22;55;6
861;128;291;1;1;"2024-09-02 00:00:00";"2024-09-02 00:00:00";22;55;6
862;130;244;1;1;"2024-09-02 00:00:00";"2024-09-02 00:00:00";19;52;5
863;130;252;1;1;"2024-09-02 00:00:00";"2024-09-02 00:00:00";20;53;6
864;130;265;1;1;"2024-09-02 00:00:00";"2024-09-02 00:00:00";21;54;6
865;130;285;1;1;"2024-09-02 00:00:00";"2024-09-02 00:00:00";22;55;6
866;130;284;1;1;"2024-09-02 00:00:00";"2024-09-02 00:00:00";22;55;6
867;130;287;1;1;"2024-09-02 00:00:00";"2024-09-02 00:00:00";22;55;6
868;130;286;1;1;"2024-09-02 00:00:00";"2024-09-02 00:00:00";22;55;6
869;130;283;1;1;"2024-09-02 00:00:00";"2024-09-02 00:00:00";22;55;6
870;130;278;1;1;"2024-09-02 00:00:00";"2024-09-02 00:00:00";22;55;6
871;130;292;1;1;"2024-09-02 00:00:00";"2024-09-02 00:00:00";22;55;6
872;130;291;1;1;"2024-09-02 00:00:00";"2024-09-02 00:00:00";22;55;6
873;130;282;1;1;"2024-09-02 00:00:00";"2024-09-02 00:00:00";22;55;6
874;130;279;1;1;"2024-09-02 00:00:00";"2024-09-02 00:00:00";22;55;6
875;130;280;1;1;"2024-09-02 00:00:00";"2024-09-02 00:00:00";22;55;6
876;130;281;1;1;"2024-09-02 00:00:00";"2024-09-02 00:00:00";22;55;6
877;130;288;1;1;"2024-09-02 00:00:00";"2024-09-02 00:00:00";22;55;6
878;130;290;1;1;"2024-09-02 00:00:00";"2024-09-02 00:00:00";22;55;6
879;144;251;1;1;"2024-09-02 00:00:00";"2024-09-02 00:00:00";20;53;6
880;229;265;1;1;"2024-09-02 00:00:00";"2024-09-02 00:00:00";21;54;6
881;229;273;1;1;"2024-09-02 00:00:00";"2024-09-02 00:00:00";21;54;6
882;229;284;1;1;"2024-09-02 00:00:00";"2024-09-02 00:00:00";22;55;6
883;229;286;1;1;"2024-09-02 00:00:00";"2024-09-02 00:00:00";22;55;6
884;229;292;1;1;"2024-09-02 00:00:00";"2024-09-02 00:00:00";22;55;6
885;229;280;1;1;"2024-09-02 00:00:00";"2024-09-02 00:00:00";22;55;6
886;229;288;1;1;"2024-09-02 00:00:00";"2024-09-02 00:00:00";22;55;6
887;229;290;1;1;"2024-09-02 00:00:00";"2024-09-02 00:00:00";22;55;6
888;274;261;1;1;"2024-09-02 00:00:00";"2024-09-02 00:00:00";20;53;6
889;274;259;1;1;"2024-09-02 00:00:00";"2024-09-02 00:00:00";20;53;6
890;274;265;1;1;"2024-09-02 00:00:00";"2024-09-02 00:00:00";21;54;6
891;274;282;1;1;"2024-09-02 00:00:00";"2024-09-02 00:00:00";22;55;6
892;394;269;1;1;"2024-09-02 00:00:00";"2024-09-02 00:00:00";21;54;6
893;394;265;1;1;"2024-09-02 00:00:00";"2024-09-02 00:00:00";21;54;6
894;394;282;1;1;"2024-09-02 00:00:00";"2024-09-02 00:00:00";22;55;6
895;394;290;1;1;"2024-09-02 00:00:00";"2024-09-02 00:00:00";22;55;6
896;417;259;1;1;"2024-09-02 00:00:00";"2024-09-02 00:00:00";20;53;6
897;417;274;1;1;"2024-09-02 00:00:00";"2024-09-02 00:00:00";21;54;6
898;417;277;1;1;"2024-09-02 00:00:00";"2024-09-02 00:00:00";21;54;6
899;417;276;1;1;"2024-09-02 00:00:00";"2024-09-02 00:00:00";21;54;6
900;417;275;1;1;"2024-09-02 00:00:00";"2024-09-02 00:00:00";21;54;6
901;417;273;1;1;"2024-09-02 00:00:00";"2024-09-02 00:00:00";21;54;6
902;417;285;1;1;"2024-09-02 00:00:00";"2024-09-02 00:00:00";22;55;6
903;417;284;1;1;"2024-09-02 00:00:00";"2024-09-02 00:00:00";22;55;6
904;417;287;1;1;"2024-09-02 00:00:00";"2024-09-02 00:00:00";22;55;6
905;417;286;1;1;"2024-09-02 00:00:00";"2024-09-02 00:00:00";22;55;6
906;417;292;1;1;"2024-09-02 00:00:00";"2024-09-02 00:00:00";22;55;6
907;417;291;1;1;"2024-09-02 00:00:00";"2024-09-02 00:00:00";22;55;6
908;417;282;1;1;"2024-09-02 00:00:00";"2024-09-02 00:00:00";22;55;6
909;417;279;1;1;"2024-09-02 00:00:00";"2024-09-02 00:00:00";22;55;6
910;417;280;1;1;"2024-09-02 00:00:00";"2024-09-02 00:00:00";22;55;6
911;417;281;1;1;"2024-09-02 00:00:00";"2024-09-02 00:00:00";22;55;6
912;417;288;1;1;"2024-09-02 00:00:00";"2024-09-02 00:00:00";22;55;6
913;417;290;1;1;"2024-09-02 00:00:00";"2024-09-02 00:00:00";22;55;6
914;428;247;1;1;"2024-09-02 00:00:00";"2024-09-02 00:00:00";19;52;5
915;428;245;1;1;"2024-09-02 00:00:00";"2024-09-02 00:00:00";19;52;5
916;428;274;1;1;"2024-09-02 00:00:00";"2024-09-02 00:00:00";21;54;6
917;428;277;1;1;"2024-09-02 00:00:00";"2024-09-02 00:00:00";21;54;6
918;428;276;1;1;"2024-09-02 00:00:00";"2024-09-02 00:00:00";21;54;6
919;428;275;1;1;"2024-09-02 00:00:00";"2024-09-02 00:00:00";21;54;6
920;428;273;1;1;"2024-09-02 00:00:00";"2024-09-02 00:00:00";21;54;6
921;428;280;1;1;"2024-09-02 00:00:00";"2024-09-02 00:00:00";22;55;6
922;495;260;2;1;"2024-09-02 00:00:00";"2024-09-02 00:00:00";20;54;6
923;495;290;1;1;"2024-09-02 00:00:00";"2024-09-02 00:00:00";22;55;6
924;525;255;1;1;"2024-09-02 00:00:00";"2024-09-02 00:00:00";20;53;6
925;525;274;1;1;"2024-09-02 00:00:00";"2024-09-02 00:00:00";21;54;6
926;525;277;1;1;"2024-09-02 00:00:00";"2024-09-02 00:00:00";21;54;6
927;525;276;1;1;"2024-09-02 00:00:00";"2024-09-02 00:00:00";21;54;6
928;525;275;1;1;"2024-09-02 00:00:00";"2024-09-02 00:00:00";21;54;6
929;525;273;1;1;"2024-09-02 00:00:00";"2024-09-02 00:00:00";21;54;6
930;525;286;1;1;"2024-09-02 00:00:00";"2024-09-02 00:00:00";22;55;6
931;525;278;1;1;"2024-09-02 00:00:00";"2024-09-02 00:00:00";22;55;6
932;525;292;1;1;"2024-09-02 00:00:00";"2024-09-02 00:00:00";22;55;6
933;525;290;1;1;"2024-09-02 00:00:00";"2024-09-02 00:00:00";22;55;6
934;526;282;1;1;"2024-09-02 00:00:00";"2024-09-02 00:00:00";22;55;6
935;541;286;1;1;"2024-09-02 00:00:00";"2024-09-02 00:00:00";22;55;6
936;551;286;1;1;"2024-09-02 00:00:00";"2024-09-02 00:00:00";22;55;6
937;551;279;1;1;"2024-09-02 00:00:00";"2024-09-02 00:00:00";22;55;6
938;551;280;1;1;"2024-09-02 00:00:00";"2024-09-02 00:00:00";22;55;6
939;551;290;1;1;"2024-09-02 00:00:00";"2024-09-02 00:00:00";22;55;6
940;575;244;1;1;"2024-09-02 00:00:00";"2024-09-02 00:00:00";19;52;5
941;575;257;1;1;"2024-09-02 00:00:00";"2024-09-02 00:00:00";20;53;6
942;575;265;1;1;"2024-09-02 00:00:00";"2024-09-02 00:00:00";21;54;6
943;575;286;1;1;"2024-09-02 00:00:00";"2024-09-02 00:00:00";22;55;6
944;575;292;1;1;"2024-09-02 00:00:00";"2024-09-02 00:00:00";22;55;6
945;575;282;1;1;"2024-09-02 00:00:00";"2024-09-02 00:00:00";22;55;6
946;575;279;1;1;"2024-09-02 00:00:00";"2024-09-02 00:00:00";22;55;6
947;575;280;1;1;"2024-09-02 00:00:00";"2024-09-02 00:00:00";22;55;6
948;575;288;1;1;"2024-09-02 00:00:00";"2024-09-02 00:00:00";22;55;6
949;575;290;1;1;"2024-09-02 00:00:00";"2024-09-02 00:00:00";22;55;6
950;580;240;1;1;"2024-09-02 00:00:00";"2024-09-02 00:00:00";19;52;5
951;580;252;1;1;"2024-09-02 00:00:00";"2024-09-02 00:00:00";20;53;6
952;580;274;1;1;"2024-09-02 00:00:00";"2024-09-02 00:00:00";21;54;6
953;580;277;1;1;"2024-09-02 00:00:00";"2024-09-02 00:00:00";21;54;6
954;580;276;1;1;"2024-09-02 00:00:00";"2024-09-02 00:00:00";21;54;6
955;580;275;1;1;"2024-09-02 00:00:00";"2024-09-02 00:00:00";21;54;6
956;580;273;1;1;"2024-09-02 00:00:00";"2024-09-02 00:00:00";21;54;6
957;580;286;1;1;"2024-09-02 00:00:00";"2024-09-02 00:00:00";22;55;6
958;580;292;1;1;"2024-09-02 00:00:00";"2024-09-02 00:00:00";22;55;6
959;580;291;1;9;"2024-09-02 00:00:00";"2024-09-02 00:00:00";22;55;6
960;580;282;1;1;"2024-09-02 00:00:00";"2024-09-02 00:00:00";22;55;6
961;580;280;1;1;"2024-09-02 00:00:00";"2024-09-02 00:00:00";22;55;6
962;580;290;1;1;"2024-09-02 00:00:00";"2024-09-02 00:00:00";22;55;6
963;582;259;2;1;"2024-09-02 00:00:00";"2024-09-02 00:00:00";20;54;6
964;582;274;2;1;"2024-09-02 00:00:00";"2024-09-02 00:00:00";21;54;6
965;582;275;2;1;"2024-09-02 00:00:00";"2024-09-02 00:00:00";21;54;6
966;582;273;2;1;"2024-09-02 00:00:00";"2024-09-02 00:00:00";21;54;6
967;582;286;1;1;"2024-09-02 00:00:00";"2024-09-02 00:00:00";22;55;6
968;582;291;1;1;"2024-09-02 00:00:00";"2024-09-02 00:00:00";22;55;6
969;582;280;1;1;"2024-09-02 00:00:00";"2024-09-02 00:00:00";22;55;6
970;582;290;1;1;"2024-09-02 00:00:00";"2024-09-02 00:00:00";22;55;6
971;593;277;1;1;"2024-09-02 00:00:00";"2024-09-02 00:00:00";21;54;6
972;593;275;1;1;"2024-09-02 00:00:00";"2024-09-02 00:00:00";21;54;6
973;603;229;1;1;"2024-09-02 00:00:00";"2024-09-02 00:00:00";18;51;5
974;603;240;1;1;"2024-09-02 00:00:00";"2024-09-02 00:00:00";19;52;5
975;603;274;1;1;"2024-09-02 00:00:00";"2024-09-02 00:00:00";21;54;6
976;603;277;1;1;"2024-09-02 00:00:00";"2024-09-02 00:00:00";21;54;6
977;603;276;1;1;"2024-09-02 00:00:00";"2024-09-02 00:00:00";21;54;6
978;603;275;1;1;"2024-09-02 00:00:00";"2024-09-02 00:00:00";21;54;6
979;603;273;1;1;"2024-09-02 00:00:00";"2024-09-02 00:00:00";21;54;6
980;603;286;1;1;"2024-09-02 00:00:00";"2024-09-02 00:00:00";22;55;6
981;603;291;1;1;"2024-09-02 00:00:00";"2024-09-02 00:00:00";22;55;6
982;603;280;1;1;"2024-09-02 00:00:00";"2024-09-02 00:00:00";22;55;6
983;603;288;1;1;"2024-09-02 00:00:00";"2024-09-02 00:00:00";22;55;6
984;603;290;1;1;"2024-09-02 00:00:00";"2024-09-02 00:00:00";22;55;6
985;632;274;1;1;"2024-09-02 00:00:00";"2024-09-02 00:00:00";21;54;6
986;632;277;1;1;"2024-09-02 00:00:00";"2024-09-02 00:00:00";21;54;6
987;632;276;1;1;"2024-09-02 00:00:00";"2024-09-02 00:00:00";21;54;6
988;632;275;1;1;"2024-09-02 00:00:00";"2024-09-02 00:00:00";21;54;6
989;632;264;1;1;"2024-09-02 00:00:00";"2024-09-02 00:00:00";21;54;6
990;632;265;1;1;"2024-09-02 00:00:00";"2024-09-02 00:00:00";21;54;6
991;632;273;1;1;"2024-09-02 00:00:00";"2024-09-02 00:00:00";21;54;6
992;632;284;1;1;"2024-09-02 00:00:00";"2024-09-02 00:00:00";22;55;6
993;632;286;1;1;"2024-09-02 00:00:00";"2024-09-02 00:00:00";22;55;6
994;632;278;1;1;"2024-09-02 00:00:00";"2024-09-02 00:00:00";22;55;6
995;632;291;1;1;"2024-09-02 00:00:00";"2024-09-02 00:00:00";22;55;6
996;632;279;1;1;"2024-09-02 00:00:00";"2024-09-02 00:00:00";22;55;6
997;632;280;1;1;"2024-09-02 00:00:00";"2024-09-02 00:00:00";22;55;6
998;632;281;1;1;"2024-09-02 00:00:00";"2024-09-02 00:00:00";22;55;6
999;632;288;1;1;"2024-09-02 00:00:00";"2024-09-02 00:00:00";22;55;6
1000;632;290;1;1;"2024-09-02 00:00:00";"2024-09-02 00:00:00";22;55;6
1001;648;286;1;1;"2024-09-02 00:00:00";"2024-09-02 00:00:00";22;55;6
1002;648;292;1;1;"2024-09-02 00:00:00";"2024-09-02 00:00:00";22;55;6
1003;648;282;1;1;"2024-09-02 00:00:00";"2024-09-02 00:00:00";22;55;6
1004;648;279;1;1;"2024-09-02 00:00:00";"2024-09-02 00:00:00";22;55;6
1005;648;280;1;1;"2024-09-02 00:00:00";"2024-09-02 00:00:00";22;55;6
1006;648;281;1;1;"2024-09-02 00:00:00";"2024-09-02 00:00:00";22;55;6
1007;648;288;1;1;"2024-09-02 00:00:00";"2024-09-02 00:00:00";22;55;6
1008;648;290;1;1;"2024-09-02 00:00:00";"2024-09-02 00:00:00";22;55;6
1009;651;274;1;1;"2024-09-02 00:00:00";"2024-09-02 00:00:00";21;54;6
1010;651;277;1;1;"2024-09-02 00:00:00";"2024-09-02 00:00:00";21;54;6
1011;651;276;1;1;"2024-09-02 00:00:00";"2024-09-02 00:00:00";21;54;6
1012;651;275;1;1;"2024-09-02 00:00:00";"2024-09-02 00:00:00";21;54;6
1013;651;267;1;1;"2024-09-02 00:00:00";"2024-09-02 00:00:00";21;54;6
1014;651;268;1;1;"2024-09-02 00:00:00";"2024-09-02 00:00:00";21;54;6
1015;651;265;1;1;"2024-09-02 00:00:00";"2024-09-02 00:00:00";21;54;6
1016;651;271;1;1;"2024-09-02 00:00:00";"2024-09-02 00:00:00";21;54;6
1017;651;273;1;1;"2024-09-02 00:00:00";"2024-09-02 00:00:00";21;54;6
1018;651;285;1;1;"2024-09-02 00:00:00";"2024-09-02 00:00:00";22;55;6
1019;651;287;1;1;"2024-09-02 00:00:00";"2024-09-02 00:00:00";22;55;6
1020;651;286;1;1;"2024-09-02 00:00:00";"2024-09-02 00:00:00";22;55;6
1021;651;278;1;1;"2024-09-02 00:00:00";"2024-09-02 00:00:00";22;55;6
1022;651;291;1;1;"2024-09-02 00:00:00";"2024-09-02 00:00:00";22;55;6
1023;651;279;1;1;"2024-09-02 00:00:00";"2024-09-02 00:00:00";22;55;6
1024;651;280;1;1;"2024-09-02 00:00:00";"2024-09-02 00:00:00";22;55;6
1025;651;281;1;1;"2024-09-02 00:00:00";"2024-09-02 00:00:00";22;55;6
1026;651;288;1;1;"2024-09-02 00:00:00";"2024-09-02 00:00:00";22;55;6
1027;651;290;1;1;"2024-09-02 00:00:00";"2024-09-02 00:00:00";22;55;6
1028;765;260;1;1;"2024-09-02 00:00:00";"2024-09-02 00:00:00";20;53;6
1029;768;280;1;9;"2024-09-02 00:00:00";"2024-09-02 00:00:00";22;55;6
1030;66;239;1;1;"2024-09-02 00:00:00";"2024-09-02 00:00:00";19;53;5
1031;358;251;1;1;"2024-09-02 00:00:00";"2024-09-02 00:00:00";20;54;6
1032;358;275;1;1;"2024-09-02 00:00:00";"2024-09-02 00:00:00";21;55;6
1033;358;271;1;1;"2024-09-02 00:00:00";"2024-09-02 00:00:00";21;55;6
1034;358;286;1;1;"2024-09-02 00:00:00";"2024-09-02 00:00:00";22;56;6
1035;358;279;1;1;"2024-09-02 00:00:00";"2024-09-02 00:00:00";22;56;6
1036;358;280;1;1;"2024-09-02 00:00:00";"2024-09-02 00:00:00";22;56;6
1037;358;290;1;1;"2024-09-02 00:00:00";"2024-09-02 00:00:00";22;56;6
1038;368;279;1;1;"2024-09-02 00:00:00";"2024-09-02 00:00:00";22;56;6
1039;427;272;1;1;"2024-09-02 00:00:00";"2024-09-02 00:00:00";21;55;6
1040;427;273;1;1;"2024-09-02 00:00:00";"2024-09-02 00:00:00";21;55;6
1041;427;279;1;1;"2024-09-02 00:00:00";"2024-09-02 00:00:00";22;56;6
1042;427;280;1;1;"2024-09-02 00:00:00";"2024-09-02 00:00:00";22;56;6
1043;427;290;1;1;"2024-09-02 00:00:00";"2024-09-02 00:00:00";22;56;6
1044;438;272;1;1;"2024-09-02 00:00:00";"2024-09-02 00:00:00";21;55;6
1045;438;265;1;1;"2024-09-02 00:00:00";"2024-09-02 00:00:00";21;55;6
1046;438;273;1;1;"2024-09-02 00:00:00";"2024-09-02 00:00:00";21;55;6
1047;438;286;1;1;"2024-09-02 00:00:00";"2024-09-02 00:00:00";22;56;6
1048;438;279;1;1;"2024-09-02 00:00:00";"2024-09-02 00:00:00";22;56;6
1049;438;280;1;1;"2024-09-02 00:00:00";"2024-09-02 00:00:00";22;56;6
1050;438;290;1;1;"2024-09-02 00:00:00";"2024-09-02 00:00:00";22;56;6
1051;509;272;1;9;"2024-09-02 00:00:00";"2024-09-02 00:00:00";21;55;6
1052;509;273;1;9;"2024-09-02 00:00:00";"2024-09-02 00:00:00";21;55;6
1053;509;279;1;10;"2024-09-02 00:00:00";"2024-12-19 14:36:23";22;56;6
1054;509;288;1;1;"2024-09-02 00:00:00";"2024-09-02 00:00:00";22;56;6
1055;509;290;1;9;"2024-09-02 00:00:00";"2024-12-26 13:13:39";22;56;6
1056;686;273;1;9;"2024-09-02 00:00:00";"2024-09-02 00:00:00";21;55;6
1057;686;279;1;9;"2024-09-02 00:00:00";"2024-09-02 00:00:00";22;56;6
1058;686;290;1;9;"2024-09-02 00:00:00";"2024-09-02 00:00:00";22;56;6
1059;758;279;1;9;"2024-09-02 00:00:00";"2024-12-19 14:36:23";22;56;6
1060;758;290;1;1;"2024-09-02 00:00:00";"2024-09-02 00:00:00";22;56;6
1061;21;266;1;1;"2024-09-02 00:00:00";"2024-09-02 00:00:00";21;55;6
1062;21;269;1;1;"2024-09-02 00:00:00";"2024-09-02 00:00:00";21;55;6
1063;21;285;1;1;"2024-09-02 00:00:00";"2024-09-02 00:00:00";22;56;6
1064;21;284;1;1;"2024-09-02 00:00:00";"2024-09-02 00:00:00";22;56;6
1065;21;287;1;1;"2024-09-02 00:00:00";"2024-09-02 00:00:00";22;56;6
1066;21;286;1;1;"2024-09-02 00:00:00";"2024-09-02 00:00:00";22;56;6
1067;21;283;1;1;"2024-09-02 00:00:00";"2024-09-02 00:00:00";22;56;6
1068;21;278;1;1;"2024-09-02 00:00:00";"2024-09-02 00:00:00";22;56;6
1069;21;292;1;1;"2024-09-02 00:00:00";"2024-09-02 00:00:00";22;56;6
1070;21;291;1;1;"2024-09-02 00:00:00";"2024-09-02 00:00:00";22;56;6
1071;21;282;1;1;"2024-09-02 00:00:00";"2024-09-02 00:00:00";22;56;6
1072;21;279;1;1;"2024-09-02 00:00:00";"2024-09-02 00:00:00";22;56;6
1073;21;280;1;1;"2024-09-02 00:00:00";"2024-09-02 00:00:00";22;56;6
1074;21;281;1;1;"2024-09-02 00:00:00";"2024-09-02 00:00:00";22;56;6
1075;21;288;1;1;"2024-09-02 00:00:00";"2024-09-02 00:00:00";22;56;6
1076;21;290;1;1;"2024-09-02 00:00:00";"2024-09-02 00:00:00";22;56;6
1077;73;266;1;1;"2024-09-02 00:00:00";"2024-09-02 00:00:00";21;55;6
1078;73;269;1;1;"2024-09-02 00:00:00";"2024-09-02 00:00:00";21;55;6
1079;73;292;1;1;"2024-09-02 00:00:00";"2024-09-02 00:00:00";22;56;6
1080;73;282;1;1;"2024-09-02 00:00:00";"2024-09-02 00:00:00";22;56;6
1081;73;288;1;1;"2024-09-02 00:00:00";"2024-09-02 00:00:00";22;56;6
1082;73;290;1;1;"2024-09-02 00:00:00";"2024-09-02 00:00:00";22;56;6
1083;101;260;2;1;"2024-09-02 00:00:00";"2024-09-02 00:00:00";20;55;6
1084;101;292;1;1;"2024-09-02 00:00:00";"2024-09-02 00:00:00";22;56;6
1085;101;282;1;1;"2024-09-02 00:00:00";"2024-09-02 00:00:00";22;56;6
1086;101;281;1;1;"2024-09-02 00:00:00";"2024-09-02 00:00:00";22;56;6
1087;101;288;1;1;"2024-09-02 00:00:00";"2024-09-02 00:00:00";22;56;6
1088;101;290;1;1;"2024-09-02 00:00:00";"2024-09-02 00:00:00";22;56;6
1089;107;266;1;1;"2024-09-02 00:00:00";"2024-09-02 00:00:00";21;55;6
1090;107;271;1;1;"2024-09-02 00:00:00";"2024-09-02 00:00:00";21;55;6
1091;107;292;1;1;"2024-09-02 00:00:00";"2024-09-02 00:00:00";22;56;6
1092;107;282;1;1;"2024-09-02 00:00:00";"2024-09-02 00:00:00";22;56;6
1093;107;281;1;1;"2024-09-02 00:00:00";"2024-09-02 00:00:00";22;56;6
1094;107;288;1;1;"2024-09-02 00:00:00";"2024-09-02 00:00:00";22;56;6
1095;107;290;1;1;"2024-09-02 00:00:00";"2024-09-02 00:00:00";22;56;6
1096;235;274;2;10;"2024-09-02 00:00:00";"2024-09-02 00:00:00";21;56;6
1097;235;275;2;10;"2024-09-02 00:00:00";"2024-09-02 00:00:00";21;56;6
1098;235;273;2;1;"2024-09-02 00:00:00";"2024-09-02 00:00:00";21;56;6
1099;235;290;1;9;"2024-09-02 00:00:00";"2024-09-02 00:00:00";22;56;6
1100;338;253;1;9;"2024-09-02 00:00:00";"2024-09-02 00:00:00";20;54;6
1101;338;251;1;9;"2024-09-02 00:00:00";"2024-12-19 14:35:48";20;54;6
1102;338;264;1;1;"2024-09-02 00:00:00";"2024-09-02 00:00:00";21;55;6
1103;338;292;1;9;"2024-09-02 00:00:00";"2024-09-02 00:00:00";22;56;6
1104;338;279;1;1;"2024-09-02 00:00:00";"2024-09-02 00:00:00";22;56;6
1105;338;281;1;9;"2024-09-02 00:00:00";"2024-12-20 12:37:13";22;56;6
1106;338;288;1;9;"2024-09-02 00:00:00";"2024-09-02 00:00:00";22;56;6
1107;338;290;1;1;"2024-09-02 00:00:00";"2024-09-02 00:00:00";22;56;6
1108;536;252;1;1;"2024-09-02 00:00:00";"2024-09-02 00:00:00";20;55;6
1109;536;273;1;1;"2024-09-02 00:00:00";"2024-09-02 00:00:00";21;55;6
1110;536;292;1;1;"2024-09-02 00:00:00";"2024-09-02 00:00:00";22;56;6
1111;536;282;1;1;"2024-09-02 00:00:00";"2024-09-02 00:00:00";22;56;6
1112;536;281;1;1;"2024-09-02 00:00:00";"2024-09-02 00:00:00";22;56;6
1113;536;288;1;1;"2024-09-02 00:00:00";"2024-09-02 00:00:00";22;56;6
1114;536;290;1;1;"2024-09-02 00:00:00";"2024-09-02 00:00:00";22;56;6
1115;581;281;1;9;"2024-09-02 00:00:00";"2024-09-02 00:00:00";22;56;6
1116;716;230;1;9;"2024-09-02 00:00:00";"2024-09-02 00:00:00";18;52;5
1117;716;263;1;11;"2024-09-02 00:00:00";"2024-09-02 00:00:00";21;55;6
1118;716;288;1;9;"2024-09-02 00:00:00";"2024-09-02 00:00:00";22;56;6
1119;786;281;1;9;"2024-09-02 00:00:00";"2024-12-20 12:37:13";22;56;6
1120;786;288;1;9;"2024-09-02 00:00:00";"2024-09-02 00:00:00";22;56;6
1121;84;273;1;1;"2024-09-02 00:00:00";"2024-09-02 00:00:00";21;55;6
1122;84;281;1;1;"2024-09-02 00:00:00";"2024-09-02 00:00:00";22;56;6
1123;84;290;1;1;"2024-09-02 00:00:00";"2024-09-02 00:00:00";22;56;6
1124;86;269;1;1;"2024-09-02 00:00:00";"2024-09-02 00:00:00";21;55;6
1125;86;273;1;1;"2024-09-02 00:00:00";"2024-09-02 00:00:00";21;55;6
1126;86;285;1;1;"2024-09-02 00:00:00";"2024-09-02 00:00:00";22;56;6
1127;86;284;1;1;"2024-09-02 00:00:00";"2024-09-02 00:00:00";22;56;6
1128;86;287;1;1;"2024-09-02 00:00:00";"2024-09-02 00:00:00";22;56;6
1129;86;286;1;1;"2024-09-02 00:00:00";"2024-09-02 00:00:00";22;56;6
1130;86;283;1;1;"2024-09-02 00:00:00";"2024-09-02 00:00:00";22;56;6
1131;86;292;1;1;"2024-09-02 00:00:00";"2024-09-02 00:00:00";22;56;6
1132;86;282;1;1;"2024-09-02 00:00:00";"2024-09-02 00:00:00";22;56;6
1133;86;279;1;1;"2024-09-02 00:00:00";"2024-09-02 00:00:00";22;56;6
1134;86;280;1;1;"2024-09-02 00:00:00";"2024-09-02 00:00:00";22;56;6
1135;86;281;1;1;"2024-09-02 00:00:00";"2024-09-02 00:00:00";22;56;6
1136;86;290;1;1;"2024-09-02 00:00:00";"2024-09-02 00:00:00";22;56;6
1137;196;273;1;1;"2024-09-02 00:00:00";"2024-09-02 00:00:00";21;55;6
1138;296;274;1;1;"2024-09-02 00:00:00";"2024-09-02 00:00:00";21;55;6
1139;296;273;1;1;"2024-09-02 00:00:00";"2024-09-02 00:00:00";21;55;6
1140;296;285;1;1;"2024-09-02 00:00:00";"2024-09-02 00:00:00";22;56;6
1141;296;284;1;1;"2024-09-02 00:00:00";"2024-09-02 00:00:00";22;56;6
1142;296;287;1;1;"2024-09-02 00:00:00";"2024-09-02 00:00:00";22;56;6
1143;296;286;1;1;"2024-09-02 00:00:00";"2024-09-02 00:00:00";22;56;6
1144;296;283;1;1;"2024-09-02 00:00:00";"2024-09-02 00:00:00";22;56;6
1145;296;292;1;1;"2024-09-02 00:00:00";"2024-09-02 00:00:00";22;56;6
1146;296;291;1;1;"2024-09-02 00:00:00";"2024-09-02 00:00:00";22;56;6
1147;296;282;1;1;"2024-09-02 00:00:00";"2024-09-02 00:00:00";22;56;6
1148;296;279;1;1;"2024-09-02 00:00:00";"2024-09-02 00:00:00";22;56;6
1149;296;280;1;1;"2024-09-02 00:00:00";"2024-09-02 00:00:00";22;56;6
1150;296;281;1;1;"2024-09-02 00:00:00";"2024-09-02 00:00:00";22;56;6
1151;296;288;1;1;"2024-09-02 00:00:00";"2024-09-02 00:00:00";22;56;6
1152;296;290;1;1;"2024-09-02 00:00:00";"2024-09-02 00:00:00";22;56;6
1153;325;290;1;9;"2024-09-02 00:00:00";"2024-09-02 00:00:00";22;56;6
1154;349;240;1;1;"2024-09-02 00:00:00";"2024-09-02 00:00:00";19;53;5
1155;349;252;1;1;"2024-09-02 00:00:00";"2024-09-02 00:00:00";20;54;6
1156;349;273;1;1;"2024-09-02 00:00:00";"2024-09-02 00:00:00";21;55;6
1157;349;281;1;1;"2024-09-02 00:00:00";"2024-09-02 00:00:00";22;56;6
1158;349;290;1;1;"2024-09-02 00:00:00";"2024-09-02 00:00:00";22;56;6
1159;403;260;2;1;"2024-09-02 00:00:00";"2024-09-02 00:00:00";20;56;6
1160;448;273;1;1;"2024-09-02 00:00:00";"2024-09-02 00:00:00";21;55;6
1161;448;282;1;1;"2024-09-02 00:00:00";"2024-09-02 00:00:00";22;56;6
1162;448;281;1;1;"2024-09-02 00:00:00";"2024-09-02 00:00:00";22;56;6
1163;448;290;1;1;"2024-09-02 00:00:00";"2024-09-02 00:00:00";22;56;6
1164;628;240;1;9;"2024-09-02 00:00:00";"2024-12-20 12:36:14";19;53;5
1165;628;252;1;1;"2024-09-02 00:00:00";"2024-09-02 00:00:00";20;54;6
1166;628;265;1;1;"2024-09-02 00:00:00";"2024-09-02 00:00:00";21;55;6
1167;628;281;1;9;"2024-09-02 00:00:00";"2024-12-20 12:37:13";22;56;6
1168;628;290;1;1;"2024-09-02 00:00:00";"2024-09-02 00:00:00";22;56;6
1169;760;268;1;1;"2024-09-02 00:00:00";"2024-09-02 00:00:00";21;55;6
1170;760;273;1;1;"2024-09-02 00:00:00";"2024-09-02 00:00:00";21;55;6
1171;760;282;1;1;"2024-09-02 00:00:00";"2024-09-02 00:00:00";22;56;6
1172;760;281;1;1;"2024-09-02 00:00:00";"2024-09-02 00:00:00";22;56;6
1173;760;290;1;1;"2024-09-02 00:00:00";"2024-09-02 00:00:00";22;56;6
1174;3;219;1;1;"2024-09-02 00:00:00";"2024-09-02 00:00:00";17;51;5
1175;3;233;1;1;"2024-09-02 00:00:00";"2024-09-02 00:00:00";18;52;5
1176;3;240;1;1;"2024-09-02 00:00:00";"2024-09-02 00:00:00";19;53;5
1177;2;221;1;1;"2024-09-02 00:00:00";"2024-09-02 00:00:00";17;54;5
1178;2;222;1;1;"2024-09-02 00:00:00";"2024-09-02 00:00:00";17;54;5
1179;12;222;1;1;"2024-09-02 00:00:00";"2024-09-02 00:00:00";17;51;5
1180;12;239;1;1;"2024-09-02 00:00:00";"2024-09-02 00:00:00";19;53;5
1181;12;242;1;1;"2024-09-02 00:00:00";"2024-09-02 00:00:00";19;53;5
1182;18;245;1;1;"2024-09-02 00:00:00";"2024-09-02 00:00:00";19;55;5
1183;18;239;1;1;"2024-09-02 00:00:00";"2024-09-02 00:00:00";19;55;5
1184;29;221;1;1;"2024-09-02 00:00:00";"2024-09-02 00:00:00";17;54;5
1185;29;222;1;1;"2024-09-02 00:00:00";"2024-09-02 00:00:00";17;54;5
1186;29;224;1;1;"2024-09-02 00:00:00";"2024-09-02 00:00:00";17;54;5
1187;29;220;1;1;"2024-09-02 00:00:00";"2024-09-02 00:00:00";17;54;5
1188;61;228;1;1;"2024-09-02 00:00:00";"2024-09-02 00:00:00";18;53;5
1189;92;225;1;1;"2024-09-02 00:00:00";"2024-09-02 00:00:00";17;53;5
1190;92;234;1;1;"2024-09-02 00:00:00";"2024-09-02 00:00:00";18;54;5
1191;92;229;1;1;"2024-09-02 00:00:00";"2024-09-02 00:00:00";18;54;5
1192;93;220;1;1;"2024-09-02 00:00:00";"2024-09-02 00:00:00";17;52;5
1193;93;243;1;1;"2024-09-02 00:00:00";"2024-09-02 00:00:00";19;54;5
1194;93;244;1;1;"2024-09-02 00:00:00";"2024-09-02 00:00:00";19;54;5
1195;104;260;1;1;"2024-09-02 00:00:00";"2024-09-02 00:00:00";20;54;6
1196;104;262;1;1;"2024-09-02 00:00:00";"2024-09-02 00:00:00";20;54;6
1197;104;261;1;1;"2024-09-02 00:00:00";"2024-09-02 00:00:00";20;54;6
1198;104;256;1;1;"2024-09-02 00:00:00";"2024-09-02 00:00:00";20;54;6
1199;104;252;1;1;"2024-09-02 00:00:00";"2024-09-02 00:00:00";20;54;6
1200;104;259;1;1;"2024-09-02 00:00:00";"2024-09-02 00:00:00";20;54;6
1201;105;229;1;1;"2024-09-02 00:00:00";"2024-09-02 00:00:00";18;53;5
1202;105;246;1;1;"2024-09-02 00:00:00";"2024-09-02 00:00:00";19;54;5
1203;105;247;1;1;"2024-09-02 00:00:00";"2024-09-02 00:00:00";19;54;5
1204;105;238;1;1;"2024-09-02 00:00:00";"2024-09-02 00:00:00";19;54;5
1205;105;240;1;1;"2024-09-02 00:00:00";"2024-09-02 00:00:00";19;54;5
1206;108;231;1;1;"2024-09-02 00:00:00";"2024-09-02 00:00:00";18;55;5
1207;108;230;1;1;"2024-09-02 00:00:00";"2024-09-02 00:00:00";18;55;5
1208;113;232;1;1;"2024-09-02 00:00:00";"2024-09-02 00:00:00";18;53;5
1209;113;243;1;1;"2024-09-02 00:00:00";"2024-09-02 00:00:00";19;54;5
1210;113;244;1;1;"2024-09-02 00:00:00";"2024-09-02 00:00:00";19;54;5
1211;114;219;1;1;"2024-09-02 00:00:00";"2024-09-02 00:00:00";17;52;5
1212;114;220;1;1;"2024-09-02 00:00:00";"2024-09-02 00:00:00";17;52;5
1213;114;240;1;1;"2024-09-02 00:00:00";"2024-09-02 00:00:00";19;54;5
1214;117;223;1;1;"2024-09-02 00:00:00";"2024-09-02 00:00:00";17;53;5
1215;117;230;1;1;"2024-09-02 00:00:00";"2024-09-02 00:00:00";18;54;5
1216;117;244;1;1;"2024-09-02 00:00:00";"2024-09-02 00:00:00";19;55;5
1217;124;233;1;1;"2024-09-02 00:00:00";"2024-09-02 00:00:00";18;52;5
1218;124;234;1;1;"2024-09-02 00:00:00";"2024-09-02 00:00:00";18;52;5
1219;126;232;1;1;"2024-09-02 00:00:00";"2024-09-02 00:00:00";18;54;5
1220;126;229;1;1;"2024-09-02 00:00:00";"2024-09-02 00:00:00";18;54;5
1221;134;220;1;1;"2024-09-02 00:00:00";"2024-09-02 00:00:00";17;54;5
1222;139;252;1;1;"2024-09-02 00:00:00";"2024-09-02 00:00:00";20;53;6
1223;140;221;1;1;"2024-09-02 00:00:00";"2024-09-02 00:00:00";17;53;5
1224;140;234;1;1;"2024-09-02 00:00:00";"2024-09-02 00:00:00";18;54;5
1225;140;230;1;1;"2024-09-02 00:00:00";"2024-09-02 00:00:00";18;54;5
1226;141;218;1;1;"2024-09-02 00:00:00";"2024-09-02 00:00:00";17;53;5
1227;162;219;1;1;"2024-09-02 00:00:00";"2024-09-02 00:00:00";17;53;5
1228;167;233;1;1;"2024-09-02 00:00:00";"2024-09-02 00:00:00";18;52;5
1229;167;243;1;1;"2024-09-02 00:00:00";"2024-09-02 00:00:00";19;54;5
1230;167;244;1;1;"2024-09-02 00:00:00";"2024-09-02 00:00:00";19;54;5
1231;203;260;1;1;"2024-09-02 00:00:00";"2024-09-02 00:00:00";20;54;6
1232;203;262;1;1;"2024-09-02 00:00:00";"2024-09-02 00:00:00";20;54;6
1233;203;261;1;1;"2024-09-02 00:00:00";"2024-09-02 00:00:00";20;54;6
1234;203;251;1;1;"2024-09-02 00:00:00";"2024-09-02 00:00:00";20;54;6
1235;203;259;1;1;"2024-09-02 00:00:00";"2024-09-02 00:00:00";20;54;6
1236;231;249;1;1;"2024-09-02 00:00:00";"2024-09-02 00:00:00";19;56;5
1237;231;243;1;1;"2024-09-02 00:00:00";"2024-09-02 00:00:00";19;56;5
1238;231;239;1;1;"2024-09-02 00:00:00";"2024-09-02 00:00:00";19;56;5
1239;233;238;1;1;"2024-09-02 00:00:00";"2024-09-02 00:00:00";19;55;5
1240;232;244;1;1;"2024-09-02 00:00:00";"2024-09-02 00:00:00";19;53;5
1241;232;239;1;1;"2024-09-02 00:00:00";"2024-09-02 00:00:00";19;53;5
1242;262;244;1;1;"2024-09-02 00:00:00";"2024-09-02 00:00:00";19;53;5
1243;262;245;1;1;"2024-09-02 00:00:00";"2024-09-02 00:00:00";19;53;5
1244;287;221;1;1;"2024-09-02 00:00:00";"2024-09-02 00:00:00";17;53;5
1245;287;232;1;1;"2024-09-02 00:00:00";"2024-09-02 00:00:00";18;54;5
1246;287;231;1;1;"2024-09-02 00:00:00";"2024-09-02 00:00:00";18;54;5
1247;293;223;1;1;"2024-09-02 00:00:00";"2024-09-02 00:00:00";17;50;5
1248;293;259;1;1;"2024-09-02 00:00:00";"2024-09-02 00:00:00";20;53;6
1249;297;234;1;1;"2024-09-02 00:00:00";"2024-09-02 00:00:00";18;54;5
1250;308;241;1;1;"2024-09-02 00:00:00";"2024-09-02 00:00:00";19;55;5
1251;308;242;1;1;"2024-09-02 00:00:00";"2024-09-02 00:00:00";19;55;5
1252;309;219;1;1;"2024-09-02 00:00:00";"2024-09-02 00:00:00";17;54;5
1253;318;220;1;1;"2024-09-02 00:00:00";"2024-09-02 00:00:00";17;53;5
1254;318;237;1;1;"2024-09-02 00:00:00";"2024-09-02 00:00:00";18;55;5
1255;318;228;1;1;"2024-09-02 00:00:00";"2024-09-02 00:00:00";18;55;5
1256;320;245;1;1;"2024-09-02 00:00:00";"2024-09-02 00:00:00";19;54;5
1257;320;259;1;1;"2024-09-02 00:00:00";"2024-09-02 00:00:00";20;55;6
1258;321;219;1;1;"2024-09-02 00:00:00";"2024-09-02 00:00:00";17;52;5
1259;321;233;1;1;"2024-09-02 00:00:00";"2024-09-02 00:00:00";18;53;5
1260;321;234;1;1;"2024-09-02 00:00:00";"2024-09-02 00:00:00";18;53;5
1261;330;242;1;1;"2024-09-02 00:00:00";"2024-09-02 00:00:00";19;55;5
1262;330;260;2;1;"2024-09-02 00:00:00";"2024-09-02 00:00:00";20;56;6
1263;330;252;1;1;"2024-09-02 00:00:00";"2024-09-02 00:00:00";20;55;6
1264;330;259;2;1;"2024-09-02 00:00:00";"2024-09-02 00:00:00";20;56;6
1265;336;224;1;1;"2024-09-02 00:00:00";"2024-09-02 00:00:00";17;54;5
1266;336;220;1;1;"2024-09-02 00:00:00";"2024-09-02 00:00:00";17;54;5
1267;337;233;1;1;"2024-09-02 00:00:00";"2024-09-02 00:00:00";18;53;5
1268;337;230;1;1;"2024-09-02 00:00:00";"2024-09-02 00:00:00";18;53;5
1269;360;240;1;1;"2024-09-02 00:00:00";"2024-09-02 00:00:00";19;52;5
1270;360;256;1;1;"2024-09-02 00:00:00";"2024-09-02 00:00:00";20;53;6
1271;360;252;1;1;"2024-09-02 00:00:00";"2024-09-02 00:00:00";20;53;6
1272;363;245;1;1;"2024-09-02 00:00:00";"2024-09-02 00:00:00";19;53;5
1273;363;240;1;1;"2024-09-02 00:00:00";"2024-09-02 00:00:00";19;53;5
1274;373;251;1;1;"2024-09-02 00:00:00";"2024-09-02 00:00:00";20;54;6
1275;380;223;1;1;"2024-09-02 00:00:00";"2024-09-02 00:00:00";17;55;5
1276;389;228;1;1;"2024-09-02 00:00:00";"2024-09-02 00:00:00";18;53;5
1277;389;230;1;1;"2024-09-02 00:00:00";"2024-09-02 00:00:00";18;53;5
1278;397;244;1;1;"2024-09-02 00:00:00";"2024-09-02 00:00:00";19;53;5
1279;397;245;1;1;"2024-09-02 00:00:00";"2024-09-02 00:00:00";19;53;5
1280;405;233;1;1;"2024-09-02 00:00:00";"2024-09-02 00:00:00";18;52;5
1281;413;252;1;1;"2024-09-02 00:00:00";"2024-09-02 00:00:00";20;54;6
1282;413;277;1;1;"2024-09-02 00:00:00";"2024-09-02 00:00:00";21;55;6
1283;413;273;1;1;"2024-09-02 00:00:00";"2024-09-02 00:00:00";21;55;6
1284;414;245;1;1;"2024-09-02 00:00:00";"2024-09-02 00:00:00";19;53;5
1285;414;239;1;1;"2024-09-02 00:00:00";"2024-09-02 00:00:00";19;53;5
1286;414;240;1;1;"2024-09-02 00:00:00";"2024-09-02 00:00:00";19;53;5
1287;432;232;1;1;"2024-09-02 00:00:00";"2024-09-02 00:00:00";18;53;5
1288;432;231;1;1;"2024-09-02 00:00:00";"2024-09-02 00:00:00";18;53;5
1289;422;221;1;1;"2024-09-02 00:00:00";"2024-09-02 00:00:00";17;54;5
1290;422;222;1;1;"2024-09-02 00:00:00";"2024-09-02 00:00:00";17;54;5
1291;422;219;1;1;"2024-09-02 00:00:00";"2024-09-02 00:00:00";17;54;5
1292;424;244;1;1;"2024-09-02 00:00:00";"2024-09-02 00:00:00";19;52;5
1293;439;254;1;1;"2024-09-02 00:00:00";"2024-09-02 00:00:00";20;53;6
1294;439;256;1;1;"2024-09-02 00:00:00";"2024-09-02 00:00:00";20;53;6
1295;440;234;1;1;"2024-09-02 00:00:00";"2024-09-02 00:00:00";18;55;5
1296;440;230;1;1;"2024-09-02 00:00:00";"2024-09-02 00:00:00";18;55;5
1297;444;234;1;1;"2024-09-02 00:00:00";"2024-09-02 00:00:00";18;52;5
1298;444;244;1;1;"2024-09-02 00:00:00";"2024-09-02 00:00:00";19;53;5
1299;444;245;1;1;"2024-09-02 00:00:00";"2024-09-02 00:00:00";19;53;5
1300;456;221;1;1;"2024-09-02 00:00:00";"2024-09-02 00:00:00";17;54;5
1301;456;222;1;1;"2024-09-02 00:00:00";"2024-09-02 00:00:00";17;54;5
1302;456;224;1;1;"2024-09-02 00:00:00";"2024-09-02 00:00:00";17;54;5
1303;456;220;1;1;"2024-09-02 00:00:00";"2024-09-02 00:00:00";17;54;5
1304;465;243;1;1;"2024-09-02 00:00:00";"2024-09-02 00:00:00";19;54;5
1305;465;244;1;1;"2024-09-02 00:00:00";"2024-09-02 00:00:00";19;54;5
1306;465;245;1;1;"2024-09-02 00:00:00";"2024-09-02 00:00:00";19;54;5
1307;466;233;1;1;"2024-09-02 00:00:00";"2024-09-02 00:00:00";18;52;5
1308;466;234;1;1;"2024-09-02 00:00:00";"2024-09-02 00:00:00";18;52;5
1309;471;233;1;1;"2024-09-02 00:00:00";"2024-09-02 00:00:00";18;54;5
1310;471;237;1;1;"2024-09-02 00:00:00";"2024-09-02 00:00:00";18;54;5
1311;471;234;1;1;"2024-09-02 00:00:00";"2024-09-02 00:00:00";18;54;5
1312;471;230;1;1;"2024-09-02 00:00:00";"2024-09-02 00:00:00";18;54;5
1313;481;224;1;1;"2024-09-02 00:00:00";"2024-09-02 00:00:00";17;53;5
1314;481;219;1;1;"2024-09-02 00:00:00";"2024-09-02 00:00:00";17;53;5
1315;492;224;1;1;"2024-09-02 00:00:00";"2024-09-02 00:00:00";17;52;5
1316;492;228;1;1;"2024-09-02 00:00:00";"2024-09-02 00:00:00";18;53;5
1317;492;239;1;1;"2024-09-02 00:00:00";"2024-09-02 00:00:00";19;54;5
1318;500;245;1;1;"2024-09-02 00:00:00";"2024-09-02 00:00:00";19;54;5
1319;500;259;1;1;"2024-09-02 00:00:00";"2024-09-02 00:00:00";20;55;6
1320;500;265;1;1;"2024-09-02 00:00:00";"2024-09-02 00:00:00";21;56;6
1321;500;273;1;1;"2024-09-02 00:00:00";"2024-09-02 00:00:00";21;56;6
1322;502;260;1;1;"2024-09-02 00:00:00";"2024-09-02 00:00:00";20;54;6
1323;502;262;1;1;"2024-09-02 00:00:00";"2024-09-02 00:00:00";20;54;6
1324;502;253;1;1;"2024-09-02 00:00:00";"2024-09-02 00:00:00";20;54;6
1325;502;261;1;1;"2024-09-02 00:00:00";"2024-09-02 00:00:00";20;54;6
1326;502;254;1;1;"2024-09-02 00:00:00";"2024-09-02 00:00:00";20;54;6
1327;502;255;1;1;"2024-09-02 00:00:00";"2024-09-02 00:00:00";20;54;6
1328;502;259;1;1;"2024-09-02 00:00:00";"2024-09-02 00:00:00";20;54;6
1329;514;234;1;1;"2024-09-02 00:00:00";"2024-09-02 00:00:00";18;52;5
1330;514;245;1;1;"2024-09-02 00:00:00";"2024-09-02 00:00:00";19;53;5
1331;517;244;1;1;"2024-09-02 00:00:00";"2024-09-02 00:00:00";19;53;5
1332;517;245;1;1;"2024-09-02 00:00:00";"2024-09-02 00:00:00";19;53;5
1333;527;220;1;1;"2024-09-02 00:00:00";"2024-09-02 00:00:00";17;54;5
1334;531;240;1;1;"2024-09-02 00:00:00";"2024-09-02 00:00:00";19;55;5
1335;544;261;1;1;"2024-09-02 00:00:00";"2024-09-02 00:00:00";20;55;6
1336;544;256;1;1;"2024-09-02 00:00:00";"2024-09-02 00:00:00";20;55;6
1337;817;155;1;1;"2024-09-02 00:00:00";"2024-09-02 00:00:00";13;33;3
1338;817;187;1;1;"2024-09-02 00:00:00";"2024-09-02 00:00:00";15;35;4
1339;817;207;1;1;"2024-09-02 00:00:00";"2024-09-02 00:00:00";16;36;4
1340;566;241;1;1;"2024-09-02 00:00:00";"2024-09-02 00:00:00";19;53;5
1341;566;245;1;1;"2024-09-02 00:00:00";"2024-09-02 00:00:00";19;53;5
1342;566;240;1;1;"2024-09-02 00:00:00";"2024-09-02 00:00:00";19;53;5
1343;569;229;1;1;"2024-09-02 00:00:00";"2024-09-02 00:00:00";18;53;5
1344;577;233;1;1;"2024-09-02 00:00:00";"2024-09-02 00:00:00";18;52;5
1345;577;234;1;1;"2024-09-02 00:00:00";"2024-09-02 00:00:00";18;52;5
1346;577;245;1;1;"2024-09-02 00:00:00";"2024-09-02 00:00:00";19;53;5
1347;583;234;1;1;"2024-09-02 00:00:00";"2024-09-02 00:00:00";18;54;5
1348;583;230;1;1;"2024-09-02 00:00:00";"2024-09-02 00:00:00";18;54;5
1349;591;219;1;1;"2024-09-02 00:00:00";"2024-09-02 00:00:00";17;52;5
1350;591;240;1;1;"2024-09-02 00:00:00";"2024-09-02 00:00:00";19;54;5
1351;587;243;1;1;"2024-09-02 00:00:00";"2024-09-02 00:00:00";19;54;5
1352;587;244;1;1;"2024-09-02 00:00:00";"2024-09-02 00:00:00";19;54;5
1353;587;240;1;1;"2024-09-02 00:00:00";"2024-09-02 00:00:00";19;54;5
1354;599;234;1;1;"2024-09-02 00:00:00";"2024-09-02 00:00:00";18;53;5
1355;599;230;1;1;"2024-09-02 00:00:00";"2024-09-02 00:00:00";18;53;5
1356;599;245;1;1;"2024-09-02 00:00:00";"2024-09-02 00:00:00";19;54;5
1357;604;222;1;1;"2024-09-02 00:00:00";"2024-09-02 00:00:00";17;51;5
1358;604;244;1;1;"2024-09-02 00:00:00";"2024-09-02 00:00:00";19;53;5
1359;618;260;1;1;"2024-09-02 00:00:00";"2024-09-02 00:00:00";20;54;6
1360;618;262;1;1;"2024-09-02 00:00:00";"2024-09-02 00:00:00";20;54;6
1361;618;253;1;1;"2024-09-02 00:00:00";"2024-09-02 00:00:00";20;54;6
1362;618;261;1;1;"2024-09-02 00:00:00";"2024-09-02 00:00:00";20;54;6
1363;618;252;1;1;"2024-09-02 00:00:00";"2024-09-02 00:00:00";20;54;6
1364;618;259;1;1;"2024-09-02 00:00:00";"2024-09-02 00:00:00";20;54;6
1365;638;232;1;1;"2024-09-02 00:00:00";"2024-09-02 00:00:00";18;51;5
1366;638;241;1;1;"2024-09-02 00:00:00";"2024-09-02 00:00:00";19;52;5
1367;638;245;1;1;"2024-09-02 00:00:00";"2024-09-02 00:00:00";19;52;5
1368;645;219;1;1;"2024-09-02 00:00:00";"2024-09-02 00:00:00";17;52;5
1369;645;235;1;1;"2024-09-02 00:00:00";"2024-09-02 00:00:00";18;53;5
1370;652;240;1;1;"2024-09-02 00:00:00";"2024-09-02 00:00:00";19;54;5
1371;661;222;1;1;"2024-09-02 00:00:00";"2024-09-02 00:00:00";17;53;5
1372;661;220;1;1;"2024-09-02 00:00:00";"2024-09-02 00:00:00";17;53;5
1373;661;230;1;1;"2024-09-02 00:00:00";"2024-09-02 00:00:00";18;54;5
1374;672;249;1;1;"2024-09-02 00:00:00";"2024-09-02 00:00:00";19;53;5
1375;678;223;1;1;"2024-09-02 00:00:00";"2024-09-02 00:00:00";17;51;5
1376;678;220;1;1;"2024-09-02 00:00:00";"2024-09-02 00:00:00";17;51;5
1377;680;234;1;1;"2024-09-02 00:00:00";"2024-09-02 00:00:00";18;53;5
1378;680;245;1;1;"2024-09-02 00:00:00";"2024-09-02 00:00:00";19;54;5
1379;688;245;1;1;"2024-09-02 00:00:00";"2024-09-02 00:00:00";19;53;5
1380;688;240;1;1;"2024-09-02 00:00:00";"2024-09-02 00:00:00";19;53;5
1381;689;232;1;1;"2024-09-02 00:00:00";"2024-09-02 00:00:00";18;51;5
1382;691;238;1;1;"2024-09-02 00:00:00";"2024-09-02 00:00:00";19;55;5
1383;691;239;1;1;"2024-09-02 00:00:00";"2024-09-02 00:00:00";19;55;5
1384;704;224;1;1;"2024-09-02 00:00:00";"2024-09-02 00:00:00";17;50;5
1385;704;251;1;1;"2024-09-02 00:00:00";"2024-09-02 00:00:00";20;53;6
1386;704;259;1;1;"2024-09-02 00:00:00";"2024-09-02 00:00:00";20;53;6
1387;707;231;1;1;"2024-09-02 00:00:00";"2024-09-02 00:00:00";18;55;5
1388;707;233;1;1;"2024-09-02 00:00:00";"2024-09-02 00:00:00";18;55;5
1389;707;234;1;1;"2024-09-02 00:00:00";"2024-09-02 00:00:00";18;55;5
1390;707;229;1;1;"2024-09-02 00:00:00";"2024-09-02 00:00:00";18;55;5
1391;735;234;1;1;"2024-09-02 00:00:00";"2024-09-02 00:00:00";18;52;5
1392;735;245;1;1;"2024-09-02 00:00:00";"2024-09-02 00:00:00";19;53;5
1393;746;229;1;1;"2024-09-02 00:00:00";"2024-09-02 00:00:00";18;52;5
1394;746;260;1;1;"2024-09-02 00:00:00";"2024-09-02 00:00:00";20;54;6
1395;746;262;1;1;"2024-09-02 00:00:00";"2024-09-02 00:00:00";20;54;6
1396;746;261;1;1;"2024-09-02 00:00:00";"2024-09-02 00:00:00";20;54;6
1397;746;251;1;1;"2024-09-02 00:00:00";"2024-09-02 00:00:00";20;54;6
1398;746;259;1;1;"2024-09-02 00:00:00";"2024-09-02 00:00:00";20;54;6
1399;749;225;1;1;"2024-09-02 00:00:00";"2024-09-02 00:00:00";17;54;5
1400;749;218;1;1;"2024-09-02 00:00:00";"2024-09-02 00:00:00";17;54;5
1401;749;224;1;1;"2024-09-02 00:00:00";"2024-09-02 00:00:00";17;54;5
1402;767;234;1;1;"2024-09-02 00:00:00";"2024-09-02 00:00:00";18;53;5
1403;767;245;1;1;"2024-09-02 00:00:00";"2024-09-02 00:00:00";19;54;5
1404;787;236;1;1;"2024-09-02 00:00:00";"2024-09-02 00:00:00";18;53;5
1405;787;230;1;1;"2024-09-02 00:00:00";"2024-09-02 00:00:00";18;53;5
1406;819;260;2;9;"2024-09-02 00:00:00";"2024-12-20 12:43:06";20;57;6
1407;819;259;2;9;"2024-09-02 00:00:00";"2024-09-02 00:00:00";20;57;6
1408;819;274;2;9;"2024-09-02 00:00:00";"2024-12-20 12:46:50";21;57;6
1409;819;275;2;1;"2024-09-02 00:00:00";"2024-09-02 00:00:00";21;57;6
1410;819;273;2;1;"2024-09-02 00:00:00";"2024-09-02 00:00:00";21;57;6
1411;820;119;1;10;"2024-09-02 00:00:00";"2024-09-02 00:00:00";10;30;2
1412;155;230;1;1;"2024-09-02 00:00:00";"2024-12-20 13:56:15";18;56;5
1413;155;232;1;1;"2024-09-02 00:00:00";"2024-09-02 00:00:00";18;56;5
1414;155;231;1;1;"2024-09-02 00:00:00";"2024-09-02 00:00:00";18;56;5
1415;811;260;2;9;"2024-09-02 00:00:00";"2024-09-02 00:00:00";20;57;6
1416;811;259;2;1;"2024-09-02 00:00:00";"2024-09-02 00:00:00";20;57;6
1417;271;248;1;1;"2024-09-02 00:00:00";"2024-09-02 00:00:00";19;56;5
1418;812;260;2;1;"2024-09-02 00:00:00";"2024-09-02 00:00:00";20;57;6
1419;812;259;2;1;"2024-09-02 00:00:00";"2024-09-02 00:00:00";20;57;6
1420;821;250;1;10;"2024-09-02 00:00:00";"2024-09-02 00:00:00";20;49;6
1421;821;278;1;10;"2024-09-02 00:00:00";"2024-09-02 00:00:00";22;51;6
1422;81;258;4;9;"2024-12-09 11:16:20";"2024-12-10 13:44:36";20;57;6
1423;110;258;4;1;"2024-12-09 11:17:09";"2024-12-09 11:17:09";20;57;6
1424;131;258;4;1;"2024-12-09 11:19:07";"2024-12-09 11:19:07";20;57;6
1425;133;258;4;1;"2024-12-09 11:19:40";"2024-12-09 11:19:40";20;57;6
1426;143;258;4;1;"2024-12-09 11:20:19";"2024-12-09 11:20:19";20;57;6
1427;420;258;4;1;"2024-12-09 11:21:25";"2024-12-09 11:21:25";20;57;6
1428;475;258;4;1;"2024-12-09 11:21:53";"2024-12-09 11:21:53";20;57;6
1429;935;258;4;9;"2024-12-09 11:22:27";"2024-12-10 13:44:36";20;57;6
1430;643;258;4;1;"2024-12-09 11:22:57";"2024-12-09 11:22:57";20;57;6
1431;698;258;4;9;"2024-12-09 11:23:37";"2024-12-10 13:44:36";20;57;6
1432;726;258;4;1;"2024-12-09 11:24:11";"2024-12-09 11:24:11";20;57;6
1433;766;258;4;1;"2024-12-09 11:25:07";"2024-12-09 11:25:07";20;57;6
1434;110;251;4;1;"2024-12-09 11:28:48";"2024-12-09 11:28:48";20;57;6
1435;133;251;4;1;"2024-12-09 11:29:16";"2024-12-09 11:29:16";20;57;6
1436;143;251;4;1;"2024-12-09 11:29:58";"2024-12-09 11:29:58";20;57;6
1437;726;251;4;1;"2024-12-09 11:30:37";"2024-12-09 11:30:37";20;57;6
1438;131;251;4;1;"2024-12-09 11:35:33";"2024-12-09 11:35:33";20;57;6
1439;251;261;4;1;"2024-12-09 11:40:47";"2024-12-09 11:40:47";20;57;6
1440;319;262;4;1;"2024-12-09 11:42:59";"2024-12-09 11:42:59";20;57;6
1441;807;262;4;1;"2024-12-09 11:43:34";"2024-12-09 11:43:34";20;57;6
1442;602;262;4;1;"2024-12-09 11:44:36";"2024-12-09 11:44:36";20;57;6
1443;719;262;4;1;"2024-12-09 11:45:09";"2024-12-09 11:45:09";20;57;6
1444;719;252;4;1;"2024-12-09 11:47:28";"2024-12-09 11:47:28";20;57;6
1445;251;252;4;1;"2024-12-09 11:48:24";"2024-12-09 11:48:24";20;57;6
1446;319;252;4;1;"2024-12-09 11:49:11";"2024-12-09 11:49:11";20;57;6
1447;251;256;4;1;"2024-12-09 11:57:45";"2024-12-09 11:57:45";20;57;6
1448;719;256;4;1;"2024-12-09 11:58:33";"2024-12-09 11:58:33";20;57;6
1449;319;256;4;1;"2024-12-09 11:59:09";"2024-12-09 11:59:09";20;57;6
1450;271;256;4;1;"2024-12-09 12:00:43";"2024-12-09 12:00:43";20;57;6
1451;602;256;4;1;"2024-12-09 12:01:11";"2024-12-09 12:01:11";20;57;6
1452;806;261;4;1;"2024-12-09 12:03:50";"2024-12-09 12:03:50";20;57;6
1453;947;291;1;1;"2024-12-19 12:01:32";"2024-12-19 12:01:32";22;52;6
1454;945;260;2;1;"2024-12-19 12:07:23";"2024-12-19 12:07:23";20;57;6
1455;945;259;2;1;"2024-12-19 12:07:35";"2024-12-19 12:07:35";20;57;6
