"id_inscripcion_curso";"id_ciclo";"id_plan";"id_curso";"id_division";"id_alumno";"createdAt";"updatedAt"
1;57;5;17;1;822;"2024-12-02 00:00:00";"2024-12-02 00:00:00"
2;57;5;17;1;70;"2024-12-02 00:00:00";"2024-12-02 00:00:00"
3;57;5;17;1;71;"2024-12-02 00:00:00";"2024-12-02 00:00:00"
4;57;5;17;1;823;"2024-12-02 00:00:00";"2024-12-02 00:00:00"
5;57;5;17;1;824;"2024-12-02 00:00:00";"2024-12-02 00:00:00"
6;57;5;17;1;825;"2024-12-02 00:00:00";"2024-12-02 00:00:00"
7;57;5;17;1;826;"2024-12-02 00:00:00";"2024-12-02 00:00:00"
8;57;5;17;1;827;"2024-12-02 00:00:00";"2024-12-02 00:00:00"
9;57;5;17;1;277;"2024-12-02 00:00:00";"2024-12-02 00:00:00"
10;57;5;17;1;828;"2024-12-02 00:00:00";"2024-12-02 00:00:00"
11;57;5;17;1;829;"2024-12-02 00:00:00";"2024-12-02 00:00:00"
12;57;5;17;1;830;"2024-12-02 00:00:00";"2024-12-02 00:00:00"
13;57;5;17;1;831;"2024-12-02 00:00:00";"2024-12-02 00:00:00"
14;57;5;17;1;832;"2024-12-02 00:00:00";"2024-12-02 00:00:00"
15;57;5;17;1;833;"2024-12-02 00:00:00";"2024-12-02 00:00:00"
16;57;5;17;1;834;"2024-12-02 00:00:00";"2024-12-02 00:00:00"
17;57;5;17;1;835;"2024-12-02 00:00:00";"2024-12-02 00:00:00"
18;57;5;17;1;836;"2024-12-02 00:00:00";"2024-12-02 00:00:00"
19;57;5;17;1;837;"2024-12-02 00:00:00";"2024-12-02 00:00:00"
20;57;5;17;1;838;"2024-12-02 00:00:00";"2024-12-02 00:00:00"
21;57;5;17;1;839;"2024-12-02 00:00:00";"2024-12-02 00:00:00"
22;57;5;17;1;840;"2024-12-02 00:00:00";"2024-12-02 00:00:00"
23;57;5;17;1;653;"2024-12-02 00:00:00";"2024-12-02 00:00:00"
24;57;5;17;1;841;"2024-12-02 00:00:00";"2024-12-02 00:00:00"
25;57;5;17;1;842;"2024-12-02 00:00:00";"2024-12-02 00:00:00"
26;57;5;17;1;843;"2024-12-02 00:00:00";"2024-12-02 00:00:00"
27;57;5;17;1;844;"2024-12-02 00:00:00";"2024-12-02 00:00:00"
28;57;5;17;1;845;"2024-12-02 00:00:00";"2024-12-02 00:00:00"
29;57;5;17;1;846;"2024-12-02 00:00:00";"2024-12-02 00:00:00"
30;57;5;17;1;847;"2024-12-02 00:00:00";"2024-12-02 00:00:00"
31;57;5;17;2;17;"2024-12-02 00:00:00";"2024-12-02 00:00:00"
32;57;5;17;2;848;"2024-12-02 00:00:00";"2024-12-02 00:00:00"
33;57;5;17;2;849;"2024-12-02 00:00:00";"2024-12-02 00:00:00"
34;57;5;17;2;850;"2024-12-02 00:00:00";"2024-12-02 00:00:00"
35;57;5;17;2;851;"2024-12-02 00:00:00";"2024-12-02 00:00:00"
36;57;5;17;2;852;"2024-12-02 00:00:00";"2024-12-02 00:00:00"
37;57;5;17;2;853;"2024-12-02 00:00:00";"2024-12-02 00:00:00"
38;57;5;17;2;854;"2024-12-02 00:00:00";"2024-12-02 00:00:00"
39;57;5;17;2;855;"2024-12-02 00:00:00";"2024-12-02 00:00:00"
40;57;5;17;2;234;"2024-12-02 00:00:00";"2024-12-02 00:00:00"
41;57;5;17;2;856;"2024-12-02 00:00:00";"2024-12-02 00:00:00"
42;57;5;17;2;857;"2024-12-02 00:00:00";"2024-12-02 00:00:00"
43;57;5;17;2;858;"2024-12-02 00:00:00";"2024-12-02 00:00:00"
44;57;5;17;2;859;"2024-12-02 00:00:00";"2024-12-02 00:00:00"
45;57;5;17;2;860;"2024-12-02 00:00:00";"2024-12-02 00:00:00"
46;57;5;17;2;861;"2024-12-02 00:00:00";"2024-12-02 00:00:00"
47;57;5;17;2;862;"2024-12-02 00:00:00";"2024-12-02 00:00:00"
48;57;5;17;2;863;"2024-12-02 00:00:00";"2024-12-02 00:00:00"
49;57;5;17;2;864;"2024-12-02 00:00:00";"2024-12-02 00:00:00"
50;57;5;17;2;865;"2024-12-02 00:00:00";"2024-12-02 00:00:00"
51;57;5;17;2;866;"2024-12-02 00:00:00";"2024-12-02 00:00:00"
52;57;5;17;2;867;"2024-12-02 00:00:00";"2024-12-02 00:00:00"
53;57;5;17;2;868;"2024-12-02 00:00:00";"2024-12-02 00:00:00"
54;57;5;17;2;869;"2024-12-02 00:00:00";"2024-12-02 00:00:00"
55;57;5;17;2;870;"2024-12-02 00:00:00";"2024-12-02 00:00:00"
56;57;5;17;2;871;"2024-12-02 00:00:00";"2024-12-02 00:00:00"
57;57;5;17;2;872;"2024-12-02 00:00:00";"2024-12-02 00:00:00"
58;57;5;17;2;873;"2024-12-02 00:00:00";"2024-12-02 00:00:00"
59;57;5;17;2;874;"2024-12-02 00:00:00";"2024-12-02 00:00:00"
60;57;5;17;2;875;"2024-12-02 00:00:00";"2024-12-02 00:00:00"
61;57;5;17;3;876;"2024-12-02 00:00:00";"2024-12-02 00:00:00"
62;57;5;17;3;877;"2024-12-02 00:00:00";"2024-12-02 00:00:00"
63;57;5;17;3;878;"2024-12-02 00:00:00";"2024-12-02 00:00:00"
64;57;5;17;3;879;"2024-12-02 00:00:00";"2024-12-02 00:00:00"
65;57;5;17;3;880;"2024-12-02 00:00:00";"2024-12-02 00:00:00"
66;57;5;17;3;881;"2024-12-02 00:00:00";"2024-12-02 00:00:00"
67;57;5;17;3;882;"2024-12-02 00:00:00";"2024-12-02 00:00:00"
68;57;5;17;3;883;"2024-12-02 00:00:00";"2024-12-02 00:00:00"
69;57;5;17;3;884;"2024-12-02 00:00:00";"2024-12-02 00:00:00"
70;57;5;17;3;885;"2024-12-02 00:00:00";"2024-12-02 00:00:00"
71;57;5;17;3;886;"2024-12-02 00:00:00";"2024-12-02 00:00:00"
72;57;5;17;3;887;"2024-12-02 00:00:00";"2024-12-02 00:00:00"
73;57;5;17;3;888;"2024-12-02 00:00:00";"2024-12-02 00:00:00"
74;57;5;17;3;889;"2024-12-02 00:00:00";"2024-12-02 00:00:00"
75;57;5;17;3;890;"2024-12-02 00:00:00";"2024-12-02 00:00:00"
76;57;5;17;3;891;"2024-12-02 00:00:00";"2024-12-02 00:00:00"
77;57;5;17;3;892;"2024-12-02 00:00:00";"2024-12-02 00:00:00"
78;57;5;17;3;893;"2024-12-02 00:00:00";"2024-12-02 00:00:00"
79;57;5;17;3;894;"2024-12-02 00:00:00";"2024-12-02 00:00:00"
80;57;5;17;3;895;"2024-12-02 00:00:00";"2024-12-02 00:00:00"
81;57;5;17;3;896;"2024-12-02 00:00:00";"2024-12-02 00:00:00"
82;57;5;17;3;897;"2024-12-02 00:00:00";"2024-12-02 00:00:00"
83;57;5;17;3;898;"2024-12-02 00:00:00";"2024-12-02 00:00:00"
84;57;5;17;3;899;"2024-12-02 00:00:00";"2024-12-02 00:00:00"
85;57;5;17;3;900;"2024-12-02 00:00:00";"2024-12-02 00:00:00"
86;57;5;17;3;901;"2024-12-02 00:00:00";"2024-12-02 00:00:00"
87;57;5;17;3;902;"2024-12-02 00:00:00";"2024-12-02 00:00:00"
88;57;5;17;3;903;"2024-12-02 00:00:00";"2024-12-02 00:00:00"
89;57;5;17;3;904;"2024-12-02 00:00:00";"2024-12-02 00:00:00"
90;57;5;17;3;905;"2024-12-02 00:00:00";"2024-12-02 00:00:00"
91;57;5;17;3;906;"2024-12-02 00:00:00";"2024-12-02 00:00:00"
92;57;5;17;3;907;"2024-12-02 00:00:00";"2024-12-02 00:00:00"
93;57;5;17;3;908;"2024-12-02 00:00:00";"2024-12-02 00:00:00"
94;57;5;17;3;909;"2024-12-02 00:00:00";"2024-12-02 00:00:00"
95;57;5;18;1;55;"2024-12-02 00:00:00";"2024-12-02 00:00:00"
96;57;5;18;1;68;"2024-12-02 00:00:00";"2024-12-02 00:00:00"
97;57;5;18;1;77;"2024-12-02 00:00:00";"2024-12-02 00:00:00"
98;57;5;18;1;100;"2024-12-02 00:00:00";"2024-12-02 00:00:00"
99;57;5;18;1;125;"2024-12-02 00:00:00";"2024-12-02 00:00:00"
100;57;5;18;1;147;"2024-12-02 00:00:00";"2024-12-02 00:00:00"
101;57;5;18;1;148;"2024-12-02 00:00:00";"2024-12-02 00:00:00"
102;57;5;18;1;153;"2024-12-02 00:00:00";"2024-12-02 00:00:00"
103;57;5;18;1;172;"2024-12-02 00:00:00";"2024-12-02 00:00:00"
104;57;5;18;1;181;"2024-12-02 00:00:00";"2024-12-02 00:00:00"
105;57;5;18;1;193;"2024-12-02 00:00:00";"2024-12-02 00:00:00"
106;57;5;18;1;216;"2024-12-02 00:00:00";"2024-12-02 00:00:00"
107;57;5;18;1;220;"2024-12-02 00:00:00";"2024-12-02 00:00:00"
108;57;5;18;1;230;"2024-12-02 00:00:00";"2024-12-02 00:00:00"
109;57;5;18;1;266;"2024-12-02 00:00:00";"2024-12-02 00:00:00"
110;57;5;18;1;301;"2024-12-02 00:00:00";"2024-12-02 00:00:00"
111;57;5;18;1;328;"2024-12-02 00:00:00";"2024-12-02 00:00:00"
112;57;5;18;1;332;"2024-12-02 00:00:00";"2024-12-02 00:00:00"
113;57;5;18;1;353;"2024-12-02 00:00:00";"2024-12-02 00:00:00"
114;57;5;18;1;387;"2024-12-02 00:00:00";"2024-12-02 00:00:00"
115;57;5;18;1;910;"2024-12-02 00:00:00";"2024-12-02 00:00:00"
116;57;5;18;1;423;"2024-12-02 00:00:00";"2024-12-02 00:00:00"
117;57;5;18;1;425;"2024-12-02 00:00:00";"2024-12-02 00:00:00"
118;57;5;18;1;431;"2024-12-02 00:00:00";"2024-12-02 00:00:00"
119;57;5;18;1;911;"2024-12-02 00:00:00";"2024-12-02 00:00:00"
120;57;5;18;1;449;"2024-12-02 00:00:00";"2024-12-02 00:00:00"
121;57;5;18;1;453;"2024-12-02 00:00:00";"2024-12-02 00:00:00"
122;57;5;18;1;588;"2024-12-02 00:00:00";"2024-12-02 00:00:00"
123;57;5;18;1;625;"2024-12-02 00:00:00";"2024-12-02 00:00:00"
124;57;5;18;1;629;"2024-12-02 00:00:00";"2024-12-02 00:00:00"
125;57;5;18;1;650;"2024-12-02 00:00:00";"2024-12-02 00:00:00"
126;57;5;18;1;715;"2024-12-02 00:00:00";"2024-12-02 00:00:00"
127;57;5;18;1;722;"2024-12-02 00:00:00";"2024-12-02 00:00:00"
128;57;5;18;1;748;"2024-12-02 00:00:00";"2024-12-02 00:00:00"
129;57;5;18;1;753;"2024-12-02 00:00:00";"2024-12-02 00:00:00"
130;57;5;18;1;777;"2024-12-02 00:00:00";"2024-12-02 00:00:00"
131;57;5;18;1;783;"2024-12-02 00:00:00";"2024-12-02 00:00:00"
132;57;5;18;2;88;"2024-12-02 00:00:00";"2024-12-02 00:00:00"
133;57;5;18;2;115;"2024-12-02 00:00:00";"2024-12-02 00:00:00"
134;57;5;18;2;138;"2024-12-02 00:00:00";"2024-12-02 00:00:00"
135;57;5;18;2;146;"2024-12-02 00:00:00";"2024-12-02 00:00:00"
136;57;5;18;2;161;"2024-12-02 00:00:00";"2024-12-02 00:00:00"
137;57;5;18;2;186;"2024-12-02 00:00:00";"2024-12-02 00:00:00"
138;57;5;18;2;912;"2024-12-02 00:00:00";"2024-12-02 00:00:00"
139;57;5;18;2;191;"2024-12-02 00:00:00";"2024-12-02 00:00:00"
140;57;5;18;2;913;"2024-12-02 00:00:00";"2024-12-02 00:00:00"
141;57;5;18;2;245;"2024-12-02 00:00:00";"2024-12-02 00:00:00"
142;57;5;18;2;247;"2024-12-02 00:00:00";"2024-12-02 00:00:00"
143;57;5;18;2;303;"2024-12-02 00:00:00";"2024-12-02 00:00:00"
144;57;5;18;2;323;"2024-12-02 00:00:00";"2024-12-02 00:00:00"
145;57;5;18;2;327;"2024-12-02 00:00:00";"2024-12-02 00:00:00"
146;57;5;18;2;329;"2024-12-02 00:00:00";"2024-12-02 00:00:00"
147;57;5;18;2;352;"2024-12-02 00:00:00";"2024-12-02 00:00:00"
148;57;5;18;2;914;"2024-12-02 00:00:00";"2024-12-02 00:00:00"
149;57;5;18;2;411;"2024-12-02 00:00:00";"2024-12-02 00:00:00"
150;57;5;18;2;426;"2024-12-02 00:00:00";"2024-12-02 00:00:00"
151;57;5;18;2;429;"2024-12-02 00:00:00";"2024-12-02 00:00:00"
152;57;5;18;2;455;"2024-12-02 00:00:00";"2024-12-02 00:00:00"
153;57;5;18;2;472;"2024-12-02 00:00:00";"2024-12-02 00:00:00"
154;57;5;18;2;477;"2024-12-02 00:00:00";"2024-12-02 00:00:00"
155;57;5;18;2;485;"2024-12-02 00:00:00";"2024-12-02 00:00:00"
156;57;5;18;2;501;"2024-12-02 00:00:00";"2024-12-02 00:00:00"
157;57;5;18;2;507;"2024-12-02 00:00:00";"2024-12-02 00:00:00"
158;57;5;18;2;508;"2024-12-02 00:00:00";"2024-12-02 00:00:00"
159;57;5;18;2;515;"2024-12-02 00:00:00";"2024-12-02 00:00:00"
160;57;5;18;2;518;"2024-12-02 00:00:00";"2024-12-02 00:00:00"
161;57;5;18;2;554;"2024-12-02 00:00:00";"2024-12-02 00:00:00"
162;57;5;18;2;564;"2024-12-02 00:00:00";"2024-12-02 00:00:00"
163;57;5;18;2;605;"2024-12-02 00:00:00";"2024-12-02 00:00:00"
164;57;5;18;2;792;"2024-12-02 00:00:00";"2024-12-02 00:00:00"
165;57;5;18;2;639;"2024-12-02 00:00:00";"2024-12-02 00:00:00"
166;57;5;18;2;640;"2024-12-02 00:00:00";"2024-12-02 00:00:00"
167;57;5;18;2;756;"2024-12-02 00:00:00";"2024-12-02 00:00:00"
168;57;5;18;2;791;"2024-12-02 00:00:00";"2024-12-02 00:00:00"
169;57;5;18;3;2;"2024-12-02 00:00:00";"2024-12-02 00:00:00"
170;57;5;18;3;116;"2024-12-02 00:00:00";"2024-12-02 00:00:00"
171;57;5;18;3;188;"2024-12-02 00:00:00";"2024-12-02 00:00:00"
172;57;5;18;3;195;"2024-12-02 00:00:00";"2024-12-02 00:00:00"
173;57;5;18;3;209;"2024-12-02 00:00:00";"2024-12-02 00:00:00"
174;57;5;18;3;789;"2024-12-02 00:00:00";"2024-12-02 00:00:00"
175;57;5;18;3;298;"2024-12-02 00:00:00";"2024-12-02 00:00:00"
176;57;5;18;3;312;"2024-12-02 00:00:00";"2024-12-02 00:00:00"
177;57;5;18;3;313;"2024-12-02 00:00:00";"2024-12-02 00:00:00"
178;57;5;18;3;326;"2024-12-02 00:00:00";"2024-12-02 00:00:00"
179;57;5;18;3;343;"2024-12-02 00:00:00";"2024-12-02 00:00:00"
180;57;5;18;3;790;"2024-12-02 00:00:00";"2024-12-02 00:00:00"
181;57;5;18;3;376;"2024-12-02 00:00:00";"2024-12-02 00:00:00"
182;57;5;18;3;430;"2024-12-02 00:00:00";"2024-12-02 00:00:00"
183;57;5;18;3;442;"2024-12-02 00:00:00";"2024-12-02 00:00:00"
184;57;5;18;3;462;"2024-12-02 00:00:00";"2024-12-02 00:00:00"
185;57;5;18;3;476;"2024-12-02 00:00:00";"2024-12-02 00:00:00"
186;57;5;18;3;494;"2024-12-02 00:00:00";"2024-12-02 00:00:00"
187;57;5;18;3;533;"2024-12-02 00:00:00";"2024-12-02 00:00:00"
188;57;5;18;3;570;"2024-12-02 00:00:00";"2024-12-02 00:00:00"
189;57;5;18;3;584;"2024-12-02 00:00:00";"2024-12-02 00:00:00"
190;57;5;18;3;600;"2024-12-02 00:00:00";"2024-12-02 00:00:00"
191;57;5;18;3;609;"2024-12-02 00:00:00";"2024-12-02 00:00:00"
192;57;5;18;3;612;"2024-12-02 00:00:00";"2024-12-02 00:00:00"
193;57;5;18;3;634;"2024-12-02 00:00:00";"2024-12-02 00:00:00"
194;57;5;18;3;647;"2024-12-02 00:00:00";"2024-12-02 00:00:00"
195;57;5;18;3;655;"2024-12-02 00:00:00";"2024-12-02 00:00:00"
196;57;5;18;3;658;"2024-12-02 00:00:00";"2024-12-02 00:00:00"
197;57;5;18;3;675;"2024-12-02 00:00:00";"2024-12-02 00:00:00"
198;57;5;18;3;681;"2024-12-02 00:00:00";"2024-12-02 00:00:00"
199;57;5;18;3;687;"2024-12-02 00:00:00";"2024-12-02 00:00:00"
200;57;5;18;3;692;"2024-12-02 00:00:00";"2024-12-02 00:00:00"
201;57;5;18;3;915;"2024-12-02 00:00:00";"2024-12-02 00:00:00"
202;57;5;18;3;720;"2024-12-02 00:00:00";"2024-12-02 00:00:00"
203;57;5;18;3;732;"2024-12-02 00:00:00";"2024-12-02 00:00:00"
204;57;5;18;3;743;"2024-12-02 00:00:00";"2024-12-02 00:00:00"
205;57;5;18;3;747;"2024-12-02 00:00:00";"2024-12-02 00:00:00"
206;57;5;18;3;764;"2024-12-02 00:00:00";"2024-12-02 00:00:00"
207;57;5;18;3;770;"2024-12-02 00:00:00";"2024-12-02 00:00:00"
208;57;5;19;1;45;"2024-12-02 00:00:00";"2024-12-02 00:00:00"
209;57;5;19;1;54;"2024-12-02 00:00:00";"2024-12-02 00:00:00"
210;57;5;19;1;60;"2024-12-02 00:00:00";"2024-12-02 00:00:00"
211;57;5;19;1;64;"2024-12-02 00:00:00";"2024-12-02 00:00:00"
212;57;5;19;1;916;"2024-12-02 00:00:00";"2024-12-02 00:00:00"
213;57;5;19;1;795;"2024-12-02 00:00:00";"2024-12-02 00:00:00"
214;57;5;19;1;917;"2024-12-02 00:00:00";"2024-12-02 00:00:00"
215;57;5;19;1;918;"2024-12-02 00:00:00";"2024-12-02 00:00:00"
216;57;5;19;1;919;"2024-12-02 00:00:00";"2024-12-02 00:00:00"
217;57;5;19;1;281;"2024-12-02 00:00:00";"2024-12-02 00:00:00"
218;57;5;19;1;441;"2024-12-02 00:00:00";"2024-12-02 00:00:00"
219;57;5;19;1;505;"2024-12-02 00:00:00";"2024-12-02 00:00:00"
220;57;5;19;1;920;"2024-12-02 00:00:00";"2024-12-02 00:00:00"
221;57;5;19;1;522;"2024-12-02 00:00:00";"2024-12-02 00:00:00"
222;57;5;19;1;545;"2024-12-02 00:00:00";"2024-12-02 00:00:00"
223;57;5;19;1;546;"2024-12-02 00:00:00";"2024-12-02 00:00:00"
224;57;5;19;1;553;"2024-12-02 00:00:00";"2024-12-02 00:00:00"
225;57;5;19;1;556;"2024-12-02 00:00:00";"2024-12-02 00:00:00"
226;57;5;19;1;797;"2024-12-02 00:00:00";"2024-12-02 00:00:00"
227;57;5;19;1;921;"2024-12-02 00:00:00";"2024-12-02 00:00:00"
228;57;5;19;1;601;"2024-12-02 00:00:00";"2024-12-02 00:00:00"
229;57;5;19;1;922;"2024-12-02 00:00:00";"2024-12-02 00:00:00"
230;57;5;19;1;611;"2024-12-02 00:00:00";"2024-12-02 00:00:00"
231;57;5;19;1;654;"2024-12-02 00:00:00";"2024-12-02 00:00:00"
232;57;5;19;1;798;"2024-12-02 00:00:00";"2024-12-02 00:00:00"
233;57;5;19;1;669;"2024-12-02 00:00:00";"2024-12-02 00:00:00"
234;57;5;19;1;725;"2024-12-02 00:00:00";"2024-12-02 00:00:00"
235;57;5;19;1;745;"2024-12-02 00:00:00";"2024-12-02 00:00:00"
236;57;5;19;2;16;"2024-12-02 00:00:00";"2024-12-02 00:00:00"
237;57;5;19;2;923;"2024-12-02 00:00:00";"2024-12-02 00:00:00"
238;57;5;19;2;816;"2024-12-02 00:00:00";"2024-12-02 00:00:00"
239;57;5;19;2;793;"2024-12-02 00:00:00";"2024-12-02 00:00:00"
240;57;5;19;2;75;"2024-12-02 00:00:00";"2024-12-02 00:00:00"
241;57;5;19;2;924;"2024-12-02 00:00:00";"2024-12-02 00:00:00"
242;57;5;19;2;794;"2024-12-02 00:00:00";"2024-12-02 00:00:00"
243;57;5;19;2;154;"2024-12-02 00:00:00";"2024-12-02 00:00:00"
244;57;5;19;2;248;"2024-12-02 00:00:00";"2024-12-02 00:00:00"
245;57;5;19;2;276;"2024-12-02 00:00:00";"2024-12-02 00:00:00"
246;57;5;19;2;290;"2024-12-02 00:00:00";"2024-12-02 00:00:00"
247;57;5;19;2;925;"2024-12-02 00:00:00";"2024-12-02 00:00:00"
248;57;5;19;2;339;"2024-12-02 00:00:00";"2024-12-02 00:00:00"
249;57;5;19;2;415;"2024-12-02 00:00:00";"2024-12-02 00:00:00"
250;57;5;19;2;491;"2024-12-02 00:00:00";"2024-12-02 00:00:00"
251;57;5;19;2;926;"2024-12-02 00:00:00";"2024-12-02 00:00:00"
252;57;5;19;2;516;"2024-12-02 00:00:00";"2024-12-02 00:00:00"
253;57;5;19;2;520;"2024-12-02 00:00:00";"2024-12-02 00:00:00"
254;57;5;19;2;534;"2024-12-02 00:00:00";"2024-12-02 00:00:00"
255;57;5;19;2;796;"2024-12-02 00:00:00";"2024-12-02 00:00:00"
256;57;5;19;2;630;"2024-12-02 00:00:00";"2024-12-02 00:00:00"
257;57;5;19;2;665;"2024-12-02 00:00:00";"2024-12-02 00:00:00"
258;57;5;19;2;668;"2024-12-02 00:00:00";"2024-12-02 00:00:00"
259;57;5;19;2;800;"2024-12-02 00:00:00";"2024-12-02 00:00:00"
260;57;5;19;2;736;"2024-12-02 00:00:00";"2024-12-02 00:00:00"
261;57;5;19;2;742;"2024-12-02 00:00:00";"2024-12-02 00:00:00"
262;57;5;19;2;801;"2024-12-02 00:00:00";"2024-12-02 00:00:00"
263;57;5;19;2;927;"2024-12-02 00:00:00";"2024-12-02 00:00:00"
264;57;5;19;3;5;"2024-12-02 00:00:00";"2024-12-02 00:00:00"
265;57;5;19;3;38;"2024-12-02 00:00:00";"2024-12-02 00:00:00"
266;57;5;19;3;50;"2024-12-02 00:00:00";"2024-12-02 00:00:00"
267;57;5;19;3;97;"2024-12-02 00:00:00";"2024-12-02 00:00:00"
268;57;5;19;3;149;"2024-12-02 00:00:00";"2024-12-02 00:00:00"
269;57;5;19;3;151;"2024-12-02 00:00:00";"2024-12-02 00:00:00"
270;57;5;19;3;155;"2024-12-02 00:00:00";"2024-12-02 00:00:00"
271;57;5;19;3;210;"2024-12-02 00:00:00";"2024-12-02 00:00:00"
272;57;5;19;3;227;"2024-12-02 00:00:00";"2024-12-02 00:00:00"
273;57;5;19;3;928;"2024-12-02 00:00:00";"2024-12-02 00:00:00"
274;57;5;19;3;356;"2024-12-02 00:00:00";"2024-12-02 00:00:00"
275;57;5;19;3;391;"2024-12-02 00:00:00";"2024-12-02 00:00:00"
276;57;5;19;3;435;"2024-12-02 00:00:00";"2024-12-02 00:00:00"
277;57;5;19;3;490;"2024-12-02 00:00:00";"2024-12-02 00:00:00"
278;57;5;19;3;558;"2024-12-02 00:00:00";"2024-12-02 00:00:00"
279;57;5;19;3;563;"2024-12-02 00:00:00";"2024-12-02 00:00:00"
280;57;5;19;3;929;"2024-12-02 00:00:00";"2024-12-02 00:00:00"
281;57;5;19;3;610;"2024-12-02 00:00:00";"2024-12-02 00:00:00"
282;57;5;19;3;799;"2024-12-02 00:00:00";"2024-12-02 00:00:00"
283;57;5;19;3;433;"2024-12-02 00:00:00";"2024-12-02 00:00:00"
284;57;5;19;3;734;"2024-12-02 00:00:00";"2024-12-02 00:00:00"
285;57;5;19;3;759;"2024-12-02 00:00:00";"2024-12-02 00:00:00"
286;57;5;19;3;771;"2024-12-02 00:00:00";"2024-12-02 00:00:00"
287;57;6;20;1;81;"2024-12-02 00:00:00";"2024-12-02 00:00:00"
288;57;6;20;1;110;"2024-12-02 00:00:00";"2024-12-02 00:00:00"
289;57;6;20;1;131;"2024-12-02 00:00:00";"2024-12-02 00:00:00"
290;57;6;20;1;133;"2024-12-02 00:00:00";"2024-12-02 00:00:00"
291;57;6;20;1;143;"2024-12-02 00:00:00";"2024-12-02 00:00:00"
292;57;6;20;1;930;"2024-12-02 00:00:00";"2024-12-02 00:00:00"
293;57;6;20;1;189;"2024-12-02 00:00:00";"2024-12-02 00:00:00"
294;57;6;20;1;804;"2024-12-02 00:00:00";"2024-12-02 00:00:00"
295;57;6;20;1;285;"2024-12-02 00:00:00";"2024-12-02 00:00:00"
296;57;6;20;1;931;"2024-12-02 00:00:00";"2024-12-02 00:00:00"
297;57;6;20;1;932;"2024-12-02 00:00:00";"2024-12-02 00:00:00"
298;57;6;20;1;933;"2024-12-02 00:00:00";"2024-12-02 00:00:00"
299;57;6;20;1;377;"2024-12-02 00:00:00";"2024-12-02 00:00:00"
300;57;6;20;1;420;"2024-12-02 00:00:00";"2024-12-02 00:00:00"
301;57;6;20;1;475;"2024-12-02 00:00:00";"2024-12-02 00:00:00"
302;57;6;20;1;934;"2024-12-02 00:00:00";"2024-12-02 00:00:00"
303;57;6;20;1;608;"2024-12-02 00:00:00";"2024-12-02 00:00:00"
304;57;6;20;1;935;"2024-12-02 00:00:00";"2024-12-02 00:00:00"
305;57;6;20;1;643;"2024-12-02 00:00:00";"2024-12-02 00:00:00"
306;57;6;20;1;696;"2024-12-02 00:00:00";"2024-12-02 00:00:00"
307;57;6;20;1;698;"2024-12-02 00:00:00";"2024-12-02 00:00:00"
308;57;6;20;1;726;"2024-12-02 00:00:00";"2024-12-02 00:00:00"
309;57;6;20;1;766;"2024-12-02 00:00:00";"2024-12-02 00:00:00"
310;57;6;20;1;803;"2024-12-02 00:00:00";"2024-12-02 00:00:00"
311;57;6;20;2;936;"2024-12-02 00:00:00";"2024-12-02 00:00:00"
312;57;6;20;2;937;"2024-12-02 00:00:00";"2024-12-02 00:00:00"
313;57;6;20;2;96;"2024-12-02 00:00:00";"2024-12-02 00:00:00"
314;57;6;20;2;938;"2024-12-02 00:00:00";"2024-12-02 00:00:00"
315;57;6;20;2;182;"2024-12-02 00:00:00";"2024-12-02 00:00:00"
316;57;6;20;2;217;"2024-12-02 00:00:00";"2024-12-02 00:00:00"
317;57;6;20;2;939;"2024-12-02 00:00:00";"2024-12-02 00:00:00"
318;57;6;20;2;940;"2024-12-02 00:00:00";"2024-12-02 00:00:00"
319;57;6;20;2;236;"2024-12-02 00:00:00";"2024-12-02 00:00:00"
320;57;6;20;2;237;"2024-12-02 00:00:00";"2024-12-02 00:00:00"
321;57;6;20;2;251;"2024-12-02 00:00:00";"2024-12-02 00:00:00"
322;57;6;20;2;271;"2024-12-02 00:00:00";"2024-12-02 00:00:00"
323;57;6;20;2;317;"2024-12-02 00:00:00";"2024-12-02 00:00:00"
324;57;6;20;2;319;"2024-12-02 00:00:00";"2024-12-02 00:00:00"
325;57;6;20;2;334;"2024-12-02 00:00:00";"2024-12-02 00:00:00"
326;57;6;20;2;941;"2024-12-02 00:00:00";"2024-12-02 00:00:00"
327;57;6;20;2;406;"2024-12-02 00:00:00";"2024-12-02 00:00:00"
328;57;6;20;2;407;"2024-12-02 00:00:00";"2024-12-02 00:00:00"
329;57;6;20;2;807;"2024-12-02 00:00:00";"2024-12-02 00:00:00"
330;57;6;20;2;942;"2024-12-02 00:00:00";"2024-12-02 00:00:00"
331;57;6;20;2;602;"2024-12-02 00:00:00";"2024-12-02 00:00:00"
332;57;6;20;2;631;"2024-12-02 00:00:00";"2024-12-02 00:00:00"
333;57;6;20;2;671;"2024-12-02 00:00:00";"2024-12-02 00:00:00"
334;57;6;20;2;679;"2024-12-02 00:00:00";"2024-12-02 00:00:00"
335;57;6;20;2;719;"2024-12-02 00:00:00";"2024-12-02 00:00:00"
336;57;6;20;2;728;"2024-12-02 00:00:00";"2024-12-02 00:00:00"
337;57;6;20;2;757;"2024-12-02 00:00:00";"2024-12-02 00:00:00"
338;57;6;20;3;4;"2024-12-02 00:00:00";"2024-12-02 00:00:00"
339;57;6;20;3;7;"2024-12-02 00:00:00";"2024-12-02 00:00:00"
340;57;6;20;3;30;"2024-12-02 00:00:00";"2024-12-02 00:00:00"
341;57;6;20;3;35;"2024-12-02 00:00:00";"2024-12-02 00:00:00"
342;57;6;20;3;43;"2024-12-02 00:00:00";"2024-12-02 00:00:00"
343;57;6;20;3;59;"2024-12-02 00:00:00";"2024-12-02 00:00:00"
344;57;6;20;3;94;"2024-12-02 00:00:00";"2024-12-02 00:00:00"
345;57;6;20;3;805;"2024-12-02 00:00:00";"2024-12-02 00:00:00"
346;57;6;20;3;806;"2024-12-02 00:00:00";"2024-12-02 00:00:00"
347;57;6;20;3;451;"2024-12-02 00:00:00";"2024-12-02 00:00:00"
348;57;6;20;3;454;"2024-12-02 00:00:00";"2024-12-02 00:00:00"
349;57;6;20;3;482;"2024-12-02 00:00:00";"2024-12-02 00:00:00"
350;57;6;20;3;493;"2024-12-02 00:00:00";"2024-12-02 00:00:00"
351;57;6;20;3;808;"2024-12-02 00:00:00";"2024-12-02 00:00:00"
352;57;6;20;3;510;"2024-12-02 00:00:00";"2024-12-02 00:00:00"
353;57;6;20;3;530;"2024-12-02 00:00:00";"2024-12-02 00:00:00"
354;57;6;20;3;561;"2024-12-02 00:00:00";"2024-12-02 00:00:00"
355;57;6;20;3;587;"2024-12-02 00:00:00";"2024-12-02 00:00:00"
356;57;6;20;3;590;"2024-12-02 00:00:00";"2024-12-02 00:00:00"
357;57;6;20;3;809;"2024-12-02 00:00:00";"2024-12-02 00:00:00"
358;57;6;20;3;646;"2024-12-02 00:00:00";"2024-12-02 00:00:00"
359;57;6;20;3;810;"2024-12-02 00:00:00";"2024-12-02 00:00:00"
360;57;6;20;3;723;"2024-12-02 00:00:00";"2024-12-02 00:00:00"
361;57;6;20;3;763;"2024-12-02 00:00:00";"2024-12-02 00:00:00"
362;57;6;20;3;780;"2024-12-02 00:00:00";"2024-12-02 00:00:00"
363;57;6;21;1;811;"2024-12-02 00:00:00";"2024-12-02 00:00:00"
364;57;6;21;1;41;"2024-12-02 00:00:00";"2024-12-02 00:00:00"
365;57;6;21;1;57;"2024-12-02 00:00:00";"2024-12-02 00:00:00"
366;57;6;21;1;74;"2024-12-02 00:00:00";"2024-12-02 00:00:00"
367;57;6;21;1;197;"2024-12-02 00:00:00";"2024-12-02 00:00:00"
368;57;6;21;1;214;"2024-12-02 00:00:00";"2024-12-02 00:00:00"
369;57;6;21;1;257;"2024-12-02 00:00:00";"2024-12-02 00:00:00"
370;57;6;21;1;278;"2024-12-02 00:00:00";"2024-12-02 00:00:00"
371;57;6;21;1;320;"2024-12-02 00:00:00";"2024-12-02 00:00:00"
372;57;6;21;1;345;"2024-12-02 00:00:00";"2024-12-02 00:00:00"
373;57;6;21;1;355;"2024-12-02 00:00:00";"2024-12-02 00:00:00"
374;57;6;21;1;365;"2024-12-02 00:00:00";"2024-12-02 00:00:00"
375;57;6;21;1;366;"2024-12-02 00:00:00";"2024-12-02 00:00:00"
376;57;6;21;1;385;"2024-12-02 00:00:00";"2024-12-02 00:00:00"
377;57;6;21;1;814;"2024-12-02 00:00:00";"2024-12-02 00:00:00"
378;57;6;21;1;812;"2024-12-02 00:00:00";"2024-12-02 00:00:00"
379;57;6;21;1;464;"2024-12-02 00:00:00";"2024-12-02 00:00:00"
380;57;6;21;1;506;"2024-12-02 00:00:00";"2024-12-02 00:00:00"
381;57;6;21;1;943;"2024-12-02 00:00:00";"2024-12-02 00:00:00"
382;57;6;21;1;694;"2024-12-02 00:00:00";"2024-12-02 00:00:00"
383;57;6;21;1;702;"2024-12-02 00:00:00";"2024-12-02 00:00:00"
384;57;6;21;2;62;"2024-12-02 00:00:00";"2024-12-02 00:00:00"
385;57;6;21;2;79;"2024-12-02 00:00:00";"2024-12-02 00:00:00"
386;57;6;21;2;944;"2024-12-02 00:00:00";"2024-12-02 00:00:00"
387;57;6;21;2;129;"2024-12-02 00:00:00";"2024-12-02 00:00:00"
388;57;6;21;2;174;"2024-12-02 00:00:00";"2024-12-02 00:00:00"
389;57;6;21;2;176;"2024-12-02 00:00:00";"2024-12-02 00:00:00"
390;57;6;21;2;226;"2024-12-02 00:00:00";"2024-12-02 00:00:00"
391;57;6;21;2;260;"2024-12-02 00:00:00";"2024-12-02 00:00:00"
392;57;6;21;2;307;"2024-12-02 00:00:00";"2024-12-02 00:00:00"
393;57;6;21;2;341;"2024-12-02 00:00:00";"2024-12-02 00:00:00"
394;57;6;21;2;396;"2024-12-02 00:00:00";"2024-12-02 00:00:00"
395;57;6;21;2;400;"2024-12-02 00:00:00";"2024-12-02 00:00:00"
396;57;6;21;2;419;"2024-12-02 00:00:00";"2024-12-02 00:00:00"
397;57;6;21;2;484;"2024-12-02 00:00:00";"2024-12-02 00:00:00"
398;57;6;21;2;504;"2024-12-02 00:00:00";"2024-12-02 00:00:00"
399;57;6;21;2;579;"2024-12-02 00:00:00";"2024-12-02 00:00:00"
400;57;6;21;2;623;"2024-12-02 00:00:00";"2024-12-02 00:00:00"
401;57;6;21;2;666;"2024-12-02 00:00:00";"2024-12-02 00:00:00"
402;57;6;21;2;945;"2024-12-02 00:00:00";"2024-12-02 00:00:00"
403;57;6;21;2;815;"2024-12-02 00:00:00";"2024-12-02 00:00:00"
404;57;6;21;3;15;"2024-12-02 00:00:00";"2024-12-02 00:00:00"
405;57;6;21;3;813;"2024-12-02 00:00:00";"2024-12-02 00:00:00"
406;57;6;21;3;137;"2024-12-02 00:00:00";"2024-12-02 00:00:00"
407;57;6;21;3;241;"2024-12-02 00:00:00";"2024-12-02 00:00:00"
408;57;6;21;3;275;"2024-12-02 00:00:00";"2024-12-02 00:00:00"
409;57;6;21;3;282;"2024-12-02 00:00:00";"2024-12-02 00:00:00"
410;57;6;21;3;289;"2024-12-02 00:00:00";"2024-12-02 00:00:00"
411;57;6;21;3;316;"2024-12-02 00:00:00";"2024-12-02 00:00:00"
412;57;6;21;3;390;"2024-12-02 00:00:00";"2024-12-02 00:00:00"
413;57;6;21;3;404;"2024-12-02 00:00:00";"2024-12-02 00:00:00"
414;57;6;21;3;416;"2024-12-02 00:00:00";"2024-12-02 00:00:00"
415;57;6;21;3;511;"2024-12-02 00:00:00";"2024-12-02 00:00:00"
416;57;6;21;3;519;"2024-12-02 00:00:00";"2024-12-02 00:00:00"
417;57;6;21;3;560;"2024-12-02 00:00:00";"2024-12-02 00:00:00"
418;57;6;21;3;568;"2024-12-02 00:00:00";"2024-12-02 00:00:00"
419;57;6;21;3;571;"2024-12-02 00:00:00";"2024-12-02 00:00:00"
420;57;6;21;3;597;"2024-12-02 00:00:00";"2024-12-02 00:00:00"
421;57;6;21;3;751;"2024-12-02 00:00:00";"2024-12-02 00:00:00"
422;57;6;21;3;946;"2024-12-02 00:00:00";"2025-06-27 11:37:00"
423;57;6;22;1;36;"2024-12-02 00:00:00";"2024-12-02 00:00:00"
424;57;6;22;1;44;"2024-12-02 00:00:00";"2024-12-02 00:00:00"
425;57;6;22;1;49;"2024-12-02 00:00:00";"2024-12-02 00:00:00"
426;57;6;22;1;175;"2024-12-02 00:00:00";"2024-12-02 00:00:00"
427;57;6;22;1;183;"2024-12-02 00:00:00";"2024-12-02 00:00:00"
428;57;6;22;1;185;"2024-12-02 00:00:00";"2024-12-02 00:00:00"
429;57;6;22;1;200;"2024-12-02 00:00:00";"2024-12-02 00:00:00"
430;57;6;22;1;204;"2024-12-02 00:00:00";"2024-12-02 00:00:00"
431;57;6;22;1;250;"2024-12-02 00:00:00";"2024-12-02 00:00:00"
432;57;6;22;1;295;"2024-12-02 00:00:00";"2024-12-02 00:00:00"
433;57;6;22;1;395;"2024-12-02 00:00:00";"2024-12-02 00:00:00"
434;57;6;22;1;532;"2024-12-02 00:00:00";"2024-12-02 00:00:00"
435;57;6;22;1;585;"2024-12-02 00:00:00";"2024-12-02 00:00:00"
436;57;6;22;1;819;"2024-12-02 00:00:00";"2024-12-02 00:00:00"
437;57;6;22;1;727;"2024-12-02 00:00:00";"2024-12-02 00:00:00"
438;57;6;22;2;180;"2024-12-02 00:00:00";"2024-12-02 00:00:00"
439;57;6;22;2;208;"2024-12-02 00:00:00";"2024-12-02 00:00:00"
440;57;6;22;2;254;"2024-12-02 00:00:00";"2024-12-02 00:00:00"
441;57;6;22;2;374;"2024-12-02 00:00:00";"2024-12-02 00:00:00"
442;57;6;22;2;375;"2024-12-02 00:00:00";"2024-12-02 00:00:00"
443;57;6;22;2;412;"2024-12-02 00:00:00";"2024-12-02 00:00:00"
444;57;6;22;2;436;"2024-12-02 00:00:00";"2024-12-02 00:00:00"
445;57;6;22;2;467;"2024-12-02 00:00:00";"2024-12-02 00:00:00"
446;57;6;22;2;487;"2024-12-02 00:00:00";"2024-12-02 00:00:00"
447;57;6;22;2;524;"2024-12-02 00:00:00";"2024-12-02 00:00:00"
448;57;6;22;2;537;"2024-12-02 00:00:00";"2024-12-02 00:00:00"
449;57;6;22;2;557;"2024-12-02 00:00:00";"2024-12-02 00:00:00"
450;57;6;22;2;594;"2024-12-02 00:00:00";"2024-12-02 00:00:00"
451;57;6;22;2;613;"2024-12-02 00:00:00";"2024-12-02 00:00:00"
452;57;6;22;2;614;"2024-12-02 00:00:00";"2024-12-02 00:00:00"
453;57;6;22;2;695;"2024-12-02 00:00:00";"2024-12-02 00:00:00"
454;57;6;22;3;40;"2024-12-02 00:00:00";"2024-12-02 00:00:00"
455;57;6;22;3;87;"2024-12-02 00:00:00";"2024-12-02 00:00:00"
456;57;6;22;3;91;"2024-12-02 00:00:00";"2024-12-02 00:00:00"
457;57;6;22;3;122;"2024-12-02 00:00:00";"2024-12-02 00:00:00"
458;57;6;22;3;168;"2024-12-02 00:00:00";"2024-12-02 00:00:00"
459;57;6;22;3;243;"2024-12-02 00:00:00";"2024-12-02 00:00:00"
460;57;6;22;3;284;"2024-12-02 00:00:00";"2024-12-02 00:00:00"
461;57;6;22;3;361;"2024-12-02 00:00:00";"2024-12-02 00:00:00"
462;57;6;22;3;379;"2024-12-02 00:00:00";"2024-12-02 00:00:00"
463;57;6;22;3;398;"2024-12-02 00:00:00";"2024-12-02 00:00:00"
464;57;6;22;3;402;"2024-12-02 00:00:00";"2024-12-02 00:00:00"
465;57;6;22;3;443;"2024-12-02 00:00:00";"2024-12-02 00:00:00"
466;57;6;22;3;457;"2024-12-02 00:00:00";"2024-12-02 00:00:00"
467;57;6;22;3;473;"2024-12-02 00:00:00";"2024-12-02 00:00:00"
468;57;6;22;3;497;"2024-12-02 00:00:00";"2024-12-02 00:00:00"
469;57;6;22;3;498;"2024-12-02 00:00:00";"2024-12-02 00:00:00"
470;57;6;22;3;544;"2024-12-02 00:00:00";"2024-12-02 00:00:00"
471;57;6;22;3;550;"2024-12-02 00:00:00";"2024-12-02 00:00:00"
472;57;6;22;3;642;"2024-12-02 00:00:00";"2024-12-02 00:00:00"
473;57;6;22;3;710;"2024-12-02 00:00:00";"2024-12-02 00:00:00"
474;57;6;22;3;778;"2024-12-02 00:00:00";"2024-12-02 00:00:00"
475;57;5;17;1;949;"2025-03-21 11:51:00";"2025-04-24 14:40:00"
481;58;5;18;2;951;"2025-04-01 12:36:00";"2025-04-01 12:36:00"
482;58;5;18;2;952;"2025-04-01 12:37:00";"2025-04-01 12:37:00"
483;58;5;18;2;953;"2025-04-01 12:38:00";"2025-04-01 12:38:00"
484;58;5;19;1;954;"2025-04-01 12:40:00";"2025-04-01 12:40:00"
485;58;5;19;1;955;"2025-04-01 12:41:00";"2025-04-01 12:41:00"
486;58;5;19;2;956;"2025-04-01 12:43:00";"2025-04-01 12:43:00"
487;58;5;19;2;957;"2025-04-01 12:50:00";"2025-04-01 12:51:00"
488;58;6;20;1;958;"2025-04-01 13:37:00";"2025-04-01 13:37:00"
489;58;6;20;1;959;"2025-04-01 13:38:00";"2025-04-01 13:38:00"
490;58;6;20;1;960;"2025-04-01 13:57:00";"2025-04-01 13:57:00"
491;58;6;20;1;961;"2025-04-01 13:59:00";"2025-04-01 13:59:00"
492;58;6;20;2;962;"2025-04-01 14:01:00";"2025-04-01 14:01:00"
493;58;6;20;2;963;"2025-04-01 14:02:00";"2025-04-01 14:02:00"
494;58;6;20;3;964;"2025-04-01 14:08:00";"2025-04-01 14:08:00"
495;58;6;20;3;965;"2025-04-01 14:10:00";"2025-04-01 14:10:00"
496;58;6;20;3;966;"2025-04-01 14:11:00";"2025-04-01 14:11:00"
497;58;6;20;3;967;"2025-04-01 14:13:00";"2025-04-01 14:13:00"
498;58;6;20;3;166;"2025-04-01 14:18:00";"2025-04-01 14:18:00"
499;58;6;20;3;968;"2025-04-01 14:19:00";"2025-04-01 14:19:00"
500;58;6;21;1;969;"2025-04-01 14:23:00";"2025-04-01 14:23:00"
501;58;6;21;1;970;"2025-04-01 14:34:00";"2025-04-01 14:34:00"
502;58;6;21;1;971;"2025-04-01 14:42:00";"2025-04-01 14:42:00"
503;58;6;21;1;972;"2025-04-01 14:48:00";"2025-04-01 14:48:00"
504;58;6;21;3;973;"2025-04-01 14:53:00";"2025-04-01 14:53:00"
505;58;6;21;1;974;"2025-04-01 14:55:00";"2025-04-01 14:55:00"
506;58;6;21;1;975;"2025-04-01 14:58:00";"2025-04-01 14:58:00"
507;58;6;21;1;976;"2025-04-01 15:00:00";"2025-04-01 15:00:00"
508;58;6;21;3;977;"2025-04-01 15:03:00";"2025-04-01 15:03:00"
509;58;6;21;3;978;"2025-04-01 15:06:00";"2025-04-01 15:06:00"
510;58;6;21;3;979;"2025-04-01 15:08:00";"2025-04-01 15:08:00"
511;58;6;22;1;980;"2025-04-01 15:10:00";"2025-04-01 15:10:00"
512;58;6;21;2;981;"2025-04-03 13:01:00";"2025-04-03 13:01:00"
513;58;5;18;2;863;"2025-04-09 12:04:00";"2025-04-09 12:04:00"
514;58;5;18;1;949;"2025-04-11 12:25:00";"2025-04-11 12:25:00"
515;58;5;17;3;982;"2025-04-11 13:25:00";"2025-04-11 13:25:00"
516;58;6;21;1;946;"2025-06-27 11:37:00";"2025-06-27 11:37:00"
517;58;6;21;3;983;"2025-06-27 11:54:00";"2025-06-27 11:54:00"
518;58;6;20;2;984;"2025-07-25 14:04:00";"2025-07-25 14:04:00"
519;58;5;18;1;985;"2025-07-29 12:01:00";"2025-07-29 12:01:00"
520;58;6;20;2;986;"2025-07-29 12:16:00";"2025-07-29 12:16:00"
521;58;6;20;2;987;"2025-07-29 12:20:00";"2025-07-29 12:20:00"
522;58;5;19;1;988;"2025-07-29 12:28:00";"2025-07-29 12:28:00"
523;58;6;21;2;992;"2025-07-29 13:13:00";"2025-07-29 13:13:00"
524;58;5;18;1;993;"2025-07-29 13:21:00";"2025-07-29 13:21:00"
525;58;6;21;1;994;"2025-07-29 13:25:00";"2025-07-29 13:25:00"
526;58;5;17;1;995;"2025-08-04 10:00:00";"2025-08-04 10:00:00"
527;58;5;17;1;996;"2025-08-04 10:00:00";"2025-08-04 10:00:00"
528;58;5;17;1;997;"2025-08-04 10:00:00";"2025-08-04 10:00:00"
529;58;5;17;1;998;"2025-08-04 10:00:00";"2025-08-04 10:00:00"
530;58;5;17;1;999;"2025-08-04 10:00:00";"2025-08-04 10:00:00"
531;58;5;17;1;825;"2025-08-04 10:00:00";"2025-08-04 10:00:00"
532;58;5;17;1;1000;"2025-08-04 10:00:00";"2025-08-04 10:00:00"
533;58;5;17;1;1001;"2025-08-04 10:00:00";"2025-08-04 10:00:00"
534;58;5;17;1;1002;"2025-08-04 10:00:00";"2025-08-04 10:00:00"
535;58;5;17;1;1003;"2025-08-04 10:00:00";"2025-08-04 10:00:00"
536;58;5;17;1;892;"2025-08-04 10:00:00";"2025-08-04 10:00:00"
537;58;5;17;1;1004;"2025-08-04 10:00:00";"2025-08-04 10:00:00"
538;58;5;17;1;1005;"2025-08-04 10:00:00";"2025-08-04 10:00:00"
539;58;5;17;1;1006;"2025-08-04 10:00:00";"2025-08-04 10:00:00"
540;58;5;17;1;1007;"2025-08-04 10:00:00";"2025-08-04 10:00:00"
541;58;5;17;1;1008;"2025-08-04 10:00:00";"2025-08-04 10:00:00"
542;58;5;17;1;1009;"2025-08-04 10:00:00";"2025-08-04 10:00:00"
543;58;5;17;1;1010;"2025-08-04 10:00:00";"2025-08-04 10:00:00"
544;58;5;17;1;840;"2025-08-04 10:00:00";"2025-08-04 10:00:00"
545;58;5;17;1;1011;"2025-08-04 10:00:00";"2025-08-04 10:00:00"
546;58;5;17;1;1012;"2025-08-04 10:00:00";"2025-08-04 10:00:00"
547;58;5;17;1;1013;"2025-08-04 10:00:00";"2025-08-04 10:00:00"
548;58;5;17;1;1014;"2025-08-04 10:00:00";"2025-08-04 10:00:00"
549;58;5;17;1;1015;"2025-08-04 10:00:00";"2025-08-04 10:00:00"
550;58;5;17;1;1016;"2025-08-04 10:00:00";"2025-08-04 10:00:00"
551;58;5;17;1;1017;"2025-08-04 10:00:00";"2025-08-04 10:00:00"
552;58;5;17;1;1018;"2025-08-04 10:00:00";"2025-08-04 10:00:00"
553;58;5;17;1;1019;"2025-08-04 10:00:00";"2025-08-04 10:00:00"
554;58;5;17;1;1020;"2025-08-04 10:00:00";"2025-08-04 10:00:00"
555;58;5;17;1;1021;"2025-08-04 10:00:00";"2025-08-04 10:00:00"
556;58;5;17;1;1022;"2025-08-04 10:00:00";"2025-08-04 10:00:00"
557;58;5;17;1;1023;"2025-08-04 10:00:00";"2025-08-04 10:00:00"
558;58;5;17;1;1024;"2025-08-04 10:00:00";"2025-08-04 10:00:00"
559;58;5;17;1;1025;"2025-08-04 10:00:00";"2025-08-04 10:00:00"
560;58;5;17;1;1026;"2025-08-04 10:00:00";"2025-08-04 10:00:00"
561;58;5;17;2;1027;"2025-08-04 10:00:00";"2025-08-04 10:00:00"
562;58;5;17;2;1028;"2025-08-04 10:00:00";"2025-08-04 10:00:00"
563;58;5;17;2;1029;"2025-08-04 10:00:00";"2025-08-04 10:00:00"
564;58;5;17;2;70;"2025-08-04 10:00:00";"2025-08-04 10:00:00"
565;58;5;17;2;1030;"2025-08-04 10:00:00";"2025-08-04 10:00:00"
566;58;5;17;2;1031;"2025-08-04 10:00:00";"2025-08-04 10:00:00"
567;58;5;17;2;1032;"2025-08-04 10:00:00";"2025-08-04 10:00:00"
568;58;5;17;2;1033;"2025-08-04 10:00:00";"2025-08-04 10:00:00"
569;58;5;17;2;1034;"2025-08-04 10:00:00";"2025-08-04 10:00:00"
570;58;5;17;2;1035;"2025-08-04 10:00:00";"2025-08-04 10:00:00"
571;58;5;17;2;1036;"2025-08-04 10:00:00";"2025-08-04 10:00:00"
572;58;5;17;2;1037;"2025-08-04 10:00:00";"2025-08-04 10:00:00"
573;58;5;17;2;1038;"2025-08-04 10:00:00";"2025-08-04 10:00:00"
574;58;5;17;2;1039;"2025-08-04 10:00:00";"2025-08-04 10:00:00"
575;58;5;17;2;1040;"2025-08-04 10:00:00";"2025-08-04 10:00:00"
576;58;5;17;2;830;"2025-08-04 10:00:00";"2025-08-04 10:00:00"
577;58;5;17;2;1041;"2025-08-04 10:00:00";"2025-08-04 10:00:00"
578;58;5;17;2;1042;"2025-08-04 10:00:00";"2025-08-04 10:00:00"
579;58;5;17;2;1043;"2025-08-04 10:00:00";"2025-08-04 10:00:00"
580;58;5;17;2;1044;"2025-08-04 10:00:00";"2025-08-04 10:00:00"
581;58;5;17;2;1045;"2025-08-04 10:00:00";"2025-08-04 10:00:00"
582;58;5;17;2;1046;"2025-08-04 10:00:00";"2025-08-04 10:00:00"
583;58;5;17;2;1047;"2025-08-04 10:00:00";"2025-08-04 10:00:00"
584;58;5;17;2;1048;"2025-08-04 10:00:00";"2025-08-04 10:00:00"
585;58;5;17;2;1049;"2025-08-04 10:00:00";"2025-08-04 10:00:00"
586;58;5;17;2;1050;"2025-08-04 10:00:00";"2025-08-04 10:00:00"
587;58;5;17;2;1051;"2025-08-04 10:00:00";"2025-08-04 10:00:00"
588;58;5;17;2;1052;"2025-08-04 10:00:00";"2025-08-04 10:00:00"
589;58;5;17;2;1053;"2025-08-04 10:00:00";"2025-08-04 10:00:00"
590;58;5;17;2;1054;"2025-08-04 10:00:00";"2025-08-04 10:00:00"
591;58;5;17;2;1055;"2025-08-04 10:00:00";"2025-08-04 10:00:00"
592;58;5;17;2;1056;"2025-08-04 10:00:00";"2025-08-04 10:00:00"
593;58;5;17;2;1057;"2025-08-04 10:00:00";"2025-08-04 10:00:00"
594;58;5;17;2;1058;"2025-08-04 10:00:00";"2025-08-04 10:00:00"
595;58;5;17;2;1059;"2025-08-04 10:00:00";"2025-08-04 10:00:00"
596;58;5;17;2;1060;"2025-08-04 10:00:00";"2025-08-04 10:00:00"
597;58;5;17;2;1061;"2025-08-04 10:00:00";"2025-08-04 10:00:00"
598;58;5;17;3;1062;"2025-08-04 10:00:00";"2025-08-04 10:00:00"
599;58;5;17;3;1063;"2025-08-04 10:00:00";"2025-08-04 10:00:00"
600;58;5;17;3;849;"2025-08-04 10:00:00";"2025-08-04 10:00:00"
601;58;5;17;3;1064;"2025-08-04 10:00:00";"2025-08-04 10:00:00"
602;58;5;17;3;71;"2025-08-04 10:00:00";"2025-08-04 10:00:00"
603;58;5;17;3;850;"2025-08-04 10:00:00";"2025-08-04 10:00:00"
604;58;5;17;3;1065;"2025-08-04 10:00:00";"2025-08-04 10:00:00"
605;58;5;17;3;878;"2025-08-04 10:00:00";"2025-08-04 10:00:00"
606;58;5;17;3;853;"2025-08-04 10:00:00";"2025-08-04 10:00:00"
607;58;5;17;3;1066;"2025-08-04 10:00:00";"2025-08-04 10:00:00"
608;58;5;17;3;1067;"2025-08-04 10:00:00";"2025-08-04 10:00:00"
609;58;5;17;3;1068;"2025-08-04 10:00:00";"2025-08-04 10:00:00"
610;58;5;17;3;1069;"2025-08-04 10:00:00";"2025-08-04 10:00:00"
611;58;5;17;3;1070;"2025-08-04 10:00:00";"2025-08-04 10:00:00"
612;58;5;17;3;1071;"2025-08-04 10:00:00";"2025-08-04 10:00:00"
613;58;5;17;3;1072;"2025-08-04 10:00:00";"2025-08-04 10:00:00"
614;58;5;17;3;1073;"2025-08-04 10:00:00";"2025-08-04 10:00:00"
615;58;5;17;3;1074;"2025-08-04 10:00:00";"2025-08-04 10:00:00"
616;58;5;17;3;1075;"2025-08-04 10:00:00";"2025-08-04 10:00:00"
617;58;5;17;3;1076;"2025-08-04 10:00:00";"2025-08-04 10:00:00"
618;58;5;17;3;1077;"2025-08-04 10:00:00";"2025-08-04 10:00:00"
619;58;5;17;3;899;"2025-08-04 10:00:00";"2025-08-04 10:00:00"
620;58;5;17;3;1078;"2025-08-04 10:00:00";"2025-08-04 10:00:00"
621;58;5;17;3;1079;"2025-08-04 10:00:00";"2025-08-04 10:00:00"
622;58;5;17;3;1080;"2025-08-04 10:00:00";"2025-08-04 10:00:00"
623;58;5;17;3;653;"2025-08-04 10:00:00";"2025-08-04 10:00:00"
624;58;5;17;3;870;"2025-08-04 10:00:00";"2025-08-04 10:00:00"
625;58;5;17;3;1081;"2025-08-04 10:00:00";"2025-08-04 10:00:00"
626;58;5;17;3;1082;"2025-08-04 10:00:00";"2025-08-04 10:00:00"
627;58;5;17;3;1083;"2025-08-04 10:00:00";"2025-08-04 10:00:00"
628;58;5;18;1;822;"2025-08-04 10:00:00";"2025-08-04 10:00:00"
629;58;5;18;1;823;"2025-08-04 10:00:00";"2025-08-04 10:00:00"
630;58;5;18;1;161;"2025-08-04 10:00:00";"2025-08-04 10:00:00"
631;58;5;18;1;186;"2025-08-04 10:00:00";"2025-08-04 10:00:00"
632;58;5;18;1;266;"2025-08-04 10:00:00";"2025-08-04 10:00:00"
633;58;5;18;1;827;"2025-08-04 10:00:00";"2025-08-04 10:00:00"
634;58;5;18;1;277;"2025-08-04 10:00:00";"2025-08-04 10:00:00"
635;58;5;18;1;828;"2025-08-04 10:00:00";"2025-08-04 10:00:00"
636;58;5;18;1;829;"2025-08-04 10:00:00";"2025-08-04 10:00:00"
637;58;5;18;1;831;"2025-08-04 10:00:00";"2025-08-04 10:00:00"
638;58;5;18;1;832;"2025-08-04 10:00:00";"2025-08-04 10:00:00"
639;58;5;18;1;833;"2025-08-04 10:00:00";"2025-08-04 10:00:00"
640;58;5;18;1;835;"2025-08-04 10:00:00";"2025-08-04 10:00:00"
641;58;5;18;1;837;"2025-08-04 10:00:00";"2025-08-04 10:00:00"
642;58;5;18;1;838;"2025-08-04 10:00:00";"2025-08-04 10:00:00"
643;58;5;18;1;839;"2025-08-04 10:00:00";"2025-08-04 10:00:00"
644;58;5;18;1;647;"2025-08-04 10:00:00";"2025-08-04 10:00:00"
645;58;5;18;1;841;"2025-08-04 10:00:00";"2025-08-04 10:00:00"
646;58;5;18;1;842;"2025-08-04 10:00:00";"2025-08-04 10:00:00"
647;58;5;18;1;681;"2025-08-04 10:00:00";"2025-08-04 10:00:00"
648;58;5;18;1;843;"2025-08-04 10:00:00";"2025-08-04 10:00:00"
649;58;5;18;1;844;"2025-08-04 10:00:00";"2025-08-04 10:00:00"
650;58;5;18;1;845;"2025-08-04 10:00:00";"2025-08-04 10:00:00"
651;58;5;18;1;846;"2025-08-04 10:00:00";"2025-08-04 10:00:00"
652;58;5;18;1;748;"2025-08-04 10:00:00";"2025-08-04 10:00:00"
653;58;5;18;1;907;"2025-08-04 10:00:00";"2025-08-04 10:00:00"
654;58;5;18;1;847;"2025-08-04 10:00:00";"2025-08-04 10:00:00"
655;58;5;18;2;848;"2025-08-04 10:00:00";"2025-08-04 10:00:00"
656;58;5;18;2;852;"2025-08-04 10:00:00";"2025-08-04 10:00:00"
657;58;5;18;2;854;"2025-08-04 10:00:00";"2025-08-04 10:00:00"
658;58;5;18;2;855;"2025-08-04 10:00:00";"2025-08-04 10:00:00"
659;58;5;18;2;856;"2025-08-04 10:00:00";"2025-08-04 10:00:00"
660;58;5;18;2;857;"2025-08-04 10:00:00";"2025-08-04 10:00:00"
661;58;5;18;2;303;"2025-08-04 10:00:00";"2025-08-04 10:00:00"
662;58;5;18;2;858;"2025-08-04 10:00:00";"2025-08-04 10:00:00"
663;58;5;18;2;859;"2025-08-04 10:00:00";"2025-08-04 10:00:00"
664;58;5;18;2;860;"2025-08-04 10:00:00";"2025-08-04 10:00:00"
665;58;5;18;2;990;"2025-08-04 10:00:00";"2025-08-04 10:00:00"
666;58;5;18;2;861;"2025-08-04 10:00:00";"2025-08-04 10:00:00"
667;58;5;18;2;426;"2025-08-04 10:00:00";"2025-08-04 10:00:00"
668;58;5;18;2;862;"2025-08-04 10:00:00";"2025-08-04 10:00:00"
669;58;5;18;2;455;"2025-08-04 10:00:00";"2025-08-04 10:00:00"
670;58;5;18;2;472;"2025-08-04 10:00:00";"2025-08-04 10:00:00"
671;58;5;18;2;864;"2025-08-04 10:00:00";"2025-08-04 10:00:00"
672;58;5;18;2;865;"2025-08-04 10:00:00";"2025-08-04 10:00:00"
673;58;5;18;2;866;"2025-08-04 10:00:00";"2025-08-04 10:00:00"
674;58;5;18;2;867;"2025-08-04 10:00:00";"2025-08-04 10:00:00"
675;58;5;18;2;868;"2025-08-04 10:00:00";"2025-08-04 10:00:00"
676;58;5;18;2;869;"2025-08-04 10:00:00";"2025-08-04 10:00:00"
677;58;5;18;2;871;"2025-08-04 10:00:00";"2025-08-04 10:00:00"
678;58;5;18;2;872;"2025-08-04 10:00:00";"2025-08-04 10:00:00"
679;58;5;18;2;873;"2025-08-04 10:00:00";"2025-08-04 10:00:00"
680;58;5;18;2;874;"2025-08-04 10:00:00";"2025-08-04 10:00:00"
681;58;5;18;2;875;"2025-08-04 10:00:00";"2025-08-04 10:00:00"
682;58;5;18;3;876;"2025-08-04 10:00:00";"2025-08-04 10:00:00"
683;58;5;18;3;877;"2025-08-04 10:00:00";"2025-08-04 10:00:00"
684;58;5;18;3;879;"2025-08-04 10:00:00";"2025-08-04 10:00:00"
685;58;5;18;3;880;"2025-08-04 10:00:00";"2025-08-04 10:00:00"
686;58;5;18;3;881;"2025-08-04 10:00:00";"2025-08-04 10:00:00"
687;58;5;18;3;882;"2025-08-04 10:00:00";"2025-08-04 10:00:00"
688;58;5;18;3;883;"2025-08-04 10:00:00";"2025-08-04 10:00:00"
689;58;5;18;3;884;"2025-08-04 10:00:00";"2025-08-04 10:00:00"
690;58;5;18;3;885;"2025-08-04 10:00:00";"2025-08-04 10:00:00"
691;58;5;18;3;886;"2025-08-04 10:00:00";"2025-08-04 10:00:00"
692;58;5;18;3;887;"2025-08-04 10:00:00";"2025-08-04 10:00:00"
693;58;5;18;3;889;"2025-08-04 10:00:00";"2025-08-04 10:00:00"
694;58;5;18;3;890;"2025-08-04 10:00:00";"2025-08-04 10:00:00"
695;58;5;18;3;891;"2025-08-04 10:00:00";"2025-08-04 10:00:00"
696;58;5;18;3;893;"2025-08-04 10:00:00";"2025-08-04 10:00:00"
697;58;5;18;3;894;"2025-08-04 10:00:00";"2025-08-04 10:00:00"
698;58;5;18;3;895;"2025-08-04 10:00:00";"2025-08-04 10:00:00"
699;58;5;18;3;896;"2025-08-04 10:00:00";"2025-08-04 10:00:00"
700;58;5;18;3;897;"2025-08-04 10:00:00";"2025-08-04 10:00:00"
701;58;5;18;3;898;"2025-08-04 10:00:00";"2025-08-04 10:00:00"
702;58;5;18;3;900;"2025-08-04 10:00:00";"2025-08-04 10:00:00"
703;58;5;18;3;792;"2025-08-04 10:00:00";"2025-08-04 10:00:00"
704;58;5;18;3;902;"2025-08-04 10:00:00";"2025-08-04 10:00:00"
705;58;5;18;3;655;"2025-08-04 10:00:00";"2025-08-04 10:00:00"
706;58;5;18;3;903;"2025-08-04 10:00:00";"2025-08-04 10:00:00"
707;58;5;18;3;904;"2025-08-04 10:00:00";"2025-08-04 10:00:00"
708;58;5;18;3;906;"2025-08-04 10:00:00";"2025-08-04 10:00:00"
709;58;5;18;3;747;"2025-08-04 10:00:00";"2025-08-04 10:00:00"
710;58;5;18;3;908;"2025-08-04 10:00:00";"2025-08-04 10:00:00"
711;58;5;18;3;909;"2025-08-04 10:00:00";"2025-08-04 10:00:00"
712;58;5;19;1;68;"2025-08-04 10:00:00";"2025-08-04 10:00:00"
713;58;5;19;1;100;"2025-08-04 10:00:00";"2025-08-04 10:00:00"
714;58;5;19;1;125;"2025-08-04 10:00:00";"2025-08-04 10:00:00"
715;58;5;19;1;147;"2025-08-04 10:00:00";"2025-08-04 10:00:00"
716;58;5;19;1;148;"2025-08-04 10:00:00";"2025-08-04 10:00:00"
717;58;5;19;1;172;"2025-08-04 10:00:00";"2025-08-04 10:00:00"
718;58;5;19;1;181;"2025-08-04 10:00:00";"2025-08-04 10:00:00"
719;58;5;19;1;193;"2025-08-04 10:00:00";"2025-08-04 10:00:00"
720;58;5;19;1;220;"2025-08-04 10:00:00";"2025-08-04 10:00:00"
721;58;5;19;1;301;"2025-08-04 10:00:00";"2025-08-04 10:00:00"
722;58;5;19;1;328;"2025-08-04 10:00:00";"2025-08-04 10:00:00"
723;58;5;19;1;353;"2025-08-04 10:00:00";"2025-08-04 10:00:00"
724;58;5;19;1;423;"2025-08-04 10:00:00";"2025-08-04 10:00:00"
725;58;5;19;1;425;"2025-08-04 10:00:00";"2025-08-04 10:00:00"
726;58;5;19;1;431;"2025-08-04 10:00:00";"2025-08-04 10:00:00"
727;58;5;19;1;441;"2025-08-04 10:00:00";"2025-08-04 10:00:00"
728;58;5;19;1;449;"2025-08-04 10:00:00";"2025-08-04 10:00:00"
729;58;5;19;1;453;"2025-08-04 10:00:00";"2025-08-04 10:00:00"
730;58;5;19;1;588;"2025-08-04 10:00:00";"2025-08-04 10:00:00"
731;58;5;19;1;625;"2025-08-04 10:00:00";"2025-08-04 10:00:00"
732;58;5;19;1;629;"2025-08-04 10:00:00";"2025-08-04 10:00:00"
733;58;5;19;1;650;"2025-08-04 10:00:00";"2025-08-04 10:00:00"
734;58;5;19;1;668;"2025-08-04 10:00:00";"2025-08-04 10:00:00"
735;58;5;19;1;715;"2025-08-04 10:00:00";"2025-08-04 10:00:00"
736;58;5;19;1;722;"2025-08-04 10:00:00";"2025-08-04 10:00:00"
737;58;5;19;1;732;"2025-08-04 10:00:00";"2025-08-04 10:00:00"
738;58;5;19;1;753;"2025-08-04 10:00:00";"2025-08-04 10:00:00"
739;58;5;19;1;777;"2025-08-04 10:00:00";"2025-08-04 10:00:00"
740;58;5;19;1;783;"2025-08-04 10:00:00";"2025-08-04 10:00:00"
741;58;5;19;2;793;"2025-08-04 10:00:00";"2025-08-04 10:00:00"
742;58;5;19;2;88;"2025-08-04 10:00:00";"2025-08-04 10:00:00"
743;58;5;19;2;97;"2025-08-04 10:00:00";"2025-08-04 10:00:00"
744;58;5;19;2;138;"2025-08-04 10:00:00";"2025-08-04 10:00:00"
745;58;5;19;2;146;"2025-08-04 10:00:00";"2025-08-04 10:00:00"
746;58;5;19;2;912;"2025-08-04 10:00:00";"2025-08-04 10:00:00"
747;58;5;19;2;191;"2025-08-04 10:00:00";"2025-08-04 10:00:00"
748;58;5;19;2;917;"2025-08-04 10:00:00";"2025-08-04 10:00:00"
749;58;5;19;2;245;"2025-08-04 10:00:00";"2025-08-04 10:00:00"
750;58;5;19;2;247;"2025-08-04 10:00:00";"2025-08-04 10:00:00"
751;58;5;19;2;323;"2025-08-04 10:00:00";"2025-08-04 10:00:00"
752;58;5;19;2;329;"2025-08-04 10:00:00";"2025-08-04 10:00:00"
753;58;5;19;2;352;"2025-08-04 10:00:00";"2025-08-04 10:00:00"
754;58;5;19;2;914;"2025-08-04 10:00:00";"2025-08-04 10:00:00"
755;58;5;19;2;391;"2025-08-04 10:00:00";"2025-08-04 10:00:00"
756;58;5;19;2;411;"2025-08-04 10:00:00";"2025-08-04 10:00:00"
757;58;5;19;2;429;"2025-08-04 10:00:00";"2025-08-04 10:00:00"
758;58;5;19;2;477;"2025-08-04 10:00:00";"2025-08-04 10:00:00"
759;58;5;19;2;485;"2025-08-04 10:00:00";"2025-08-04 10:00:00"
760;58;5;19;2;507;"2025-08-04 10:00:00";"2025-08-04 10:00:00"
761;58;5;19;2;508;"2025-08-04 10:00:00";"2025-08-04 10:00:00"
762;58;5;19;2;515;"2025-08-04 10:00:00";"2025-08-04 10:00:00"
763;58;5;19;2;518;"2025-08-04 10:00:00";"2025-08-04 10:00:00"
764;58;5;19;2;545;"2025-08-04 10:00:00";"2025-08-04 10:00:00"
765;58;5;19;2;546;"2025-08-04 10:00:00";"2025-08-04 10:00:00"
766;58;5;19;2;554;"2025-08-04 10:00:00";"2025-08-04 10:00:00"
767;58;5;19;2;564;"2025-08-04 10:00:00";"2025-08-04 10:00:00"
768;58;5;19;2;605;"2025-08-04 10:00:00";"2025-08-04 10:00:00"
769;58;5;19;2;929;"2025-08-04 10:00:00";"2025-08-04 10:00:00"
770;58;5;19;2;639;"2025-08-04 10:00:00";"2025-08-04 10:00:00"
771;58;5;19;2;665;"2025-08-04 10:00:00";"2025-08-04 10:00:00"
772;58;5;19;2;725;"2025-08-04 10:00:00";"2025-08-04 10:00:00"
773;58;5;19;2;756;"2025-08-04 10:00:00";"2025-08-04 10:00:00"
774;58;5;19;2;791;"2025-08-04 10:00:00";"2025-08-04 10:00:00"
775;58;5;19;3;75;"2025-08-04 10:00:00";"2025-08-04 10:00:00"
776;58;5;19;3;116;"2025-08-04 10:00:00";"2025-08-04 10:00:00"
777;58;5;19;3;153;"2025-08-04 10:00:00";"2025-08-04 10:00:00"
778;58;5;19;3;155;"2025-08-04 10:00:00";"2025-08-04 10:00:00"
779;58;5;19;3;188;"2025-08-04 10:00:00";"2025-08-04 10:00:00"
780;58;5;19;3;209;"2025-08-04 10:00:00";"2025-08-04 10:00:00"
781;58;5;19;3;210;"2025-08-04 10:00:00";"2025-08-04 10:00:00"
782;58;5;19;3;227;"2025-08-04 10:00:00";"2025-08-04 10:00:00"
783;58;5;19;3;789;"2025-08-04 10:00:00";"2025-08-04 10:00:00"
784;58;5;19;3;298;"2025-08-04 10:00:00";"2025-08-04 10:00:00"
785;58;5;19;3;312;"2025-08-04 10:00:00";"2025-08-04 10:00:00"
786;58;5;19;3;313;"2025-08-04 10:00:00";"2025-08-04 10:00:00"
787;58;5;19;3;790;"2025-08-04 10:00:00";"2025-08-04 10:00:00"
788;58;5;19;3;376;"2025-08-04 10:00:00";"2025-08-04 10:00:00"
789;58;5;19;3;430;"2025-08-04 10:00:00";"2025-08-04 10:00:00"
790;58;5;19;3;442;"2025-08-04 10:00:00";"2025-08-04 10:00:00"
791;58;5;19;3;462;"2025-08-04 10:00:00";"2025-08-04 10:00:00"
792;58;5;19;3;476;"2025-08-04 10:00:00";"2025-08-04 10:00:00"
793;58;5;19;3;516;"2025-08-04 10:00:00";"2025-08-04 10:00:00"
794;58;5;19;3;533;"2025-08-04 10:00:00";"2025-08-04 10:00:00"
795;58;5;19;3;570;"2025-08-04 10:00:00";"2025-08-04 10:00:00"
796;58;5;19;3;584;"2025-08-04 10:00:00";"2025-08-04 10:00:00"
797;58;5;19;3;600;"2025-08-04 10:00:00";"2025-08-04 10:00:00"
798;58;5;19;3;612;"2025-08-04 10:00:00";"2025-08-04 10:00:00"
799;58;5;19;3;634;"2025-08-04 10:00:00";"2025-08-04 10:00:00"
800;58;5;19;3;658;"2025-08-04 10:00:00";"2025-08-04 10:00:00"
801;58;5;19;3;675;"2025-08-04 10:00:00";"2025-08-04 10:00:00"
802;58;5;19;3;687;"2025-08-04 10:00:00";"2025-08-04 10:00:00"
803;58;5;19;3;692;"2025-08-04 10:00:00";"2025-08-04 10:00:00"
804;58;5;19;3;915;"2025-08-04 10:00:00";"2025-08-04 10:00:00"
805;58;5;19;3;720;"2025-08-04 10:00:00";"2025-08-04 10:00:00"
806;58;5;19;3;743;"2025-08-04 10:00:00";"2025-08-04 10:00:00"
807;58;5;19;3;764;"2025-08-04 10:00:00";"2025-08-04 10:00:00"
808;58;6;19;3;770;"2025-08-04 10:00:00";"2025-08-04 10:00:00"
809;58;6;20;1;45;"2025-08-04 10:00:00";"2025-08-04 10:00:00"
810;58;6;20;1;60;"2025-08-04 10:00:00";"2025-08-04 10:00:00"
811;58;6;20;1;64;"2025-08-04 10:00:00";"2025-08-04 10:00:00"
812;58;6;20;1;916;"2025-08-04 10:00:00";"2025-08-04 10:00:00"
813;58;6;20;1;795;"2025-08-04 10:00:00";"2025-08-04 10:00:00"
814;58;6;20;1;918;"2025-08-04 10:00:00";"2025-08-04 10:00:00"
815;58;6;20;1;919;"2025-08-04 10:00:00";"2025-08-04 10:00:00"
816;58;6;20;1;281;"2025-08-04 10:00:00";"2025-08-04 10:00:00"
817;58;6;20;1;1084;"2025-08-04 10:00:00";"2025-08-04 10:00:00"
818;58;6;20;1;505;"2025-08-04 10:00:00";"2025-08-04 10:00:00"
819;58;6;20;1;920;"2025-08-04 10:00:00";"2025-08-04 10:00:00"
820;58;6;20;1;522;"2025-08-04 10:00:00";"2025-08-04 10:00:00"
821;58;6;20;1;553;"2025-08-04 10:00:00";"2025-08-04 10:00:00"
822;58;6;20;1;556;"2025-08-04 10:00:00";"2025-08-04 10:00:00"
823;58;6;20;1;797;"2025-08-04 10:00:00";"2025-08-04 10:00:00"
824;58;6;20;1;921;"2025-08-04 10:00:00";"2025-08-04 10:00:00"
825;58;6;20;1;610;"2025-08-04 10:00:00";"2025-08-04 10:00:00"
826;58;6;20;1;922;"2025-08-04 10:00:00";"2025-08-04 10:00:00"
827;58;6;20;1;611;"2025-08-04 10:00:00";"2025-08-04 10:00:00"
828;58;6;20;1;654;"2025-08-04 10:00:00";"2025-08-04 10:00:00"
829;58;6;20;2;816;"2025-08-04 10:00:00";"2025-08-04 10:00:00"
830;58;6;20;2;924;"2025-08-04 10:00:00";"2025-08-04 10:00:00"
831;58;6;20;2;154;"2025-08-04 10:00:00";"2025-08-04 10:00:00"
832;58;6;20;2;248;"2025-08-04 10:00:00";"2025-08-04 10:00:00"
833;58;6;20;2;251;"2025-08-04 10:00:00";"2025-08-04 10:00:00"
834;58;6;20;2;290;"2025-08-04 10:00:00";"2025-08-04 10:00:00"
835;58;6;20;2;339;"2025-08-04 10:00:00";"2025-08-04 10:00:00"
836;58;6;20;2;415;"2025-08-04 10:00:00";"2025-08-04 10:00:00"
837;58;6;20;2;491;"2025-08-04 10:00:00";"2025-08-04 10:00:00"
838;58;6;20;2;926;"2025-08-04 10:00:00";"2025-08-04 10:00:00"
839;58;6;20;2;991;"2025-08-04 10:00:00";"2025-08-04 10:00:00"
840;58;6;20;2;520;"2025-08-04 10:00:00";"2025-08-04 10:00:00"
841;58;6;20;2;534;"2025-08-04 10:00:00";"2025-08-04 10:00:00"
842;58;6;20;2;796;"2025-08-04 10:00:00";"2025-08-04 10:00:00"
843;58;6;20;2;734;"2025-08-04 10:00:00";"2025-08-04 10:00:00"
844;58;6;20;2;801;"2025-08-04 10:00:00";"2025-08-04 10:00:00"
845;58;6;20;2;927;"2025-08-04 10:00:00";"2025-08-04 10:00:00"
846;58;6;20;3;38;"2025-08-04 10:00:00";"2025-08-04 10:00:00"
847;58;6;20;3;50;"2025-08-04 10:00:00";"2025-08-04 10:00:00"
848;58;6;20;3;149;"2025-08-04 10:00:00";"2025-08-04 10:00:00"
849;58;6;20;3;151;"2025-08-04 10:00:00";"2025-08-04 10:00:00"
850;58;6;20;3;928;"2025-08-04 10:00:00";"2025-08-04 10:00:00"
851;58;6;20;3;435;"2025-08-04 10:00:00";"2025-08-04 10:00:00"
852;58;6;20;3;510;"2025-08-04 10:00:00";"2025-08-04 10:00:00"
853;58;6;20;3;558;"2025-08-04 10:00:00";"2025-08-04 10:00:00"
854;58;6;20;3;563;"2025-08-04 10:00:00";"2025-08-04 10:00:00"
855;58;6;20;3;799;"2025-08-04 10:00:00";"2025-08-04 10:00:00"
856;58;6;20;3;433;"2025-08-04 10:00:00";"2025-08-04 10:00:00"
857;58;6;20;3;759;"2025-08-04 10:00:00";"2025-08-04 10:00:00"
858;58;6;20;3;766;"2025-08-04 10:00:00";"2025-08-04 10:00:00"
859;58;6;20;3;771;"2025-08-04 10:00:00";"2025-08-04 10:00:00"
860;58;6;21;1;81;"2025-08-04 10:00:00";"2025-08-04 10:00:00"
861;58;6;21;1;930;"2025-08-04 10:00:00";"2025-08-04 10:00:00"
862;58;6;21;1;189;"2025-08-04 10:00:00";"2025-08-04 10:00:00"
863;58;6;21;1;804;"2025-08-04 10:00:00";"2025-08-04 10:00:00"
864;58;6;21;1;282;"2025-08-04 10:00:00";"2025-08-04 10:00:00"
865;58;6;21;1;285;"2025-08-04 10:00:00";"2025-08-04 10:00:00"
866;58;6;21;1;931;"2025-08-04 10:00:00";"2025-08-04 10:00:00"
867;58;6;21;1;932;"2025-08-04 10:00:00";"2025-08-04 10:00:00"
868;58;6;21;1;933;"2025-08-04 10:00:00";"2025-08-04 10:00:00"
869;58;6;21;1;377;"2025-08-04 10:00:00";"2025-08-04 10:00:00"
870;58;6;21;1;464;"2025-08-04 10:00:00";"2025-08-04 10:00:00"
871;58;6;21;1;475;"2025-08-04 10:00:00";"2025-08-04 10:00:00"
872;58;6;21;1;519;"2025-08-04 10:00:00";"2025-08-04 10:00:00"
873;58;6;21;1;934;"2025-08-04 10:00:00";"2025-08-04 10:00:00"
874;58;6;21;1;602;"2025-08-04 10:00:00";"2025-08-04 10:00:00"
875;58;6;21;1;608;"2025-08-04 10:00:00";"2025-08-04 10:00:00"
876;58;6;21;1;696;"2025-08-04 10:00:00";"2025-08-04 10:00:00"
877;58;6;21;1;698;"2025-08-04 10:00:00";"2025-08-04 10:00:00"
878;58;6;21;1;803;"2025-08-04 10:00:00";"2025-08-04 10:00:00"
879;58;6;21;2;936;"2025-08-04 10:00:00";"2025-08-04 10:00:00"
880;58;6;21;2;937;"2025-08-04 10:00:00";"2025-08-04 10:00:00"
881;58;6;21;2;96;"2025-08-04 10:00:00";"2025-08-04 10:00:00"
882;58;6;21;2;938;"2025-08-04 10:00:00";"2025-08-04 10:00:00"
883;58;6;21;2;182;"2025-08-04 10:00:00";"2025-08-04 10:00:00"
884;58;6;21;2;217;"2025-08-04 10:00:00";"2025-08-04 10:00:00"
885;58;6;21;2;226;"2025-08-04 10:00:00";"2025-08-04 10:00:00"
886;58;6;21;2;939;"2025-08-04 10:00:00";"2025-08-04 10:00:00"
887;58;6;21;2;940;"2025-08-04 10:00:00";"2025-08-04 10:00:00"
888;58;6;21;2;236;"2025-08-04 10:00:00";"2025-08-04 10:00:00"
889;58;6;21;2;237;"2025-08-04 10:00:00";"2025-08-04 10:00:00"
890;58;6;21;2;271;"2025-08-04 10:00:00";"2025-08-04 10:00:00"
891;58;6;21;2;317;"2025-08-04 10:00:00";"2025-08-04 10:00:00"
892;58;6;21;2;334;"2025-08-04 10:00:00";"2025-08-04 10:00:00"
893;58;6;21;2;941;"2025-08-04 10:00:00";"2025-08-04 10:00:00"
894;58;6;21;2;406;"2025-08-04 10:00:00";"2025-08-04 10:00:00"
895;58;6;21;2;407;"2025-08-04 10:00:00";"2025-08-04 10:00:00"
896;58;6;21;2;807;"2025-08-04 10:00:00";"2025-08-04 10:00:00"
897;58;6;21;2;942;"2025-08-04 10:00:00";"2025-08-04 10:00:00"
898;58;6;21;2;935;"2025-08-04 10:00:00";"2025-08-04 10:00:00"
899;58;6;21;2;631;"2025-08-04 10:00:00";"2025-08-04 10:00:00"
900;58;6;21;2;671;"2025-08-04 10:00:00";"2025-08-04 10:00:00"
901;58;6;21;2;679;"2025-08-04 10:00:00";"2025-08-04 10:00:00"
902;58;6;21;2;719;"2025-08-04 10:00:00";"2025-08-04 10:00:00"
903;58;6;21;2;728;"2025-08-04 10:00:00";"2025-08-04 10:00:00"
904;58;6;21;2;757;"2025-08-04 10:00:00";"2025-08-04 10:00:00"
905;58;6;21;3;4;"2025-08-04 10:00:00";"2025-08-04 10:00:00"
906;58;6;21;3;7;"2025-08-04 10:00:00";"2025-08-04 10:00:00"
907;58;6;21;3;30;"2025-08-04 10:00:00";"2025-08-04 10:00:00"
908;58;6;21;3;35;"2025-08-04 10:00:00";"2025-08-04 10:00:00"
909;58;6;21;3;43;"2025-08-04 10:00:00";"2025-08-04 10:00:00"
910;58;6;21;3;59;"2025-08-04 10:00:00";"2025-08-04 10:00:00"
911;58;6;21;3;94;"2025-08-04 10:00:00";"2025-08-04 10:00:00"
912;58;6;21;3;805;"2025-08-04 10:00:00";"2025-08-04 10:00:00"
913;58;6;21;3;806;"2025-08-04 10:00:00";"2025-08-04 10:00:00"
914;58;6;21;3;451;"2025-08-04 10:00:00";"2025-08-04 10:00:00"
915;58;6;21;3;454;"2025-08-04 10:00:00";"2025-08-04 10:00:00"
916;58;6;21;3;493;"2025-08-04 10:00:00";"2025-08-04 10:00:00"
917;58;6;21;3;808;"2025-08-04 10:00:00";"2025-08-04 10:00:00"
918;58;6;21;3;530;"2025-08-04 10:00:00";"2025-08-04 10:00:00"
919;58;6;21;3;590;"2025-08-04 10:00:00";"2025-08-04 10:00:00"
920;58;6;21;3;809;"2025-08-04 10:00:00";"2025-08-04 10:00:00"
921;58;6;21;3;810;"2025-08-04 10:00:00";"2025-08-04 10:00:00"
922;58;6;21;3;723;"2025-08-04 10:00:00";"2025-08-04 10:00:00"
923;58;6;21;3;763;"2025-08-04 10:00:00";"2025-08-04 10:00:00"
924;58;6;21;3;780;"2025-08-04 10:00:00";"2025-08-04 10:00:00"
925;58;6;22;1;811;"2025-08-04 10:00:00";"2025-08-04 10:00:00"
926;58;6;22;1;41;"2025-08-04 10:00:00";"2025-08-04 10:00:00"
927;58;6;22;1;57;"2025-08-04 10:00:00";"2025-08-04 10:00:00"
928;58;6;22;1;74;"2025-08-04 10:00:00";"2025-08-04 10:00:00"
929;58;6;22;1;214;"2025-08-04 10:00:00";"2025-08-04 10:00:00"
930;58;6;22;1;257;"2025-08-04 10:00:00";"2025-08-04 10:00:00"
931;58;6;22;1;278;"2025-08-04 10:00:00";"2025-08-04 10:00:00"
932;58;6;22;1;345;"2025-08-04 10:00:00";"2025-08-04 10:00:00"
933;58;6;22;1;355;"2025-08-04 10:00:00";"2025-08-04 10:00:00"
934;58;6;22;1;365;"2025-08-04 10:00:00";"2025-08-04 10:00:00"
935;58;6;22;1;366;"2025-08-04 10:00:00";"2025-08-04 10:00:00"
936;58;6;22;1;385;"2025-08-04 10:00:00";"2025-08-04 10:00:00"
937;58;6;22;1;812;"2025-08-04 10:00:00";"2025-08-04 10:00:00"
938;58;6;22;1;506;"2025-08-04 10:00:00";"2025-08-04 10:00:00"
939;58;6;22;1;943;"2025-08-04 10:00:00";"2025-08-04 10:00:00"
940;58;6;22;1;694;"2025-08-04 10:00:00";"2025-08-04 10:00:00"
941;58;6;22;1;702;"2025-08-04 10:00:00";"2025-08-04 10:00:00"
942;58;6;22;2;62;"2025-08-04 10:00:00";"2025-08-04 10:00:00"
943;58;6;22;2;79;"2025-08-04 10:00:00";"2025-08-04 10:00:00"
944;58;6;22;2;944;"2025-08-04 10:00:00";"2025-08-04 10:00:00"
945;58;6;22;2;129;"2025-08-04 10:00:00";"2025-08-04 10:00:00"
946;58;6;22;2;174;"2025-08-04 10:00:00";"2025-08-04 10:00:00"
947;58;6;22;2;176;"2025-08-04 10:00:00";"2025-08-04 10:00:00"
948;58;6;22;2;260;"2025-08-04 10:00:00";"2025-08-04 10:00:00"
949;58;6;22;2;307;"2025-08-04 10:00:00";"2025-08-04 10:00:00"
950;58;6;22;2;396;"2025-08-04 10:00:00";"2025-08-04 10:00:00"
951;58;6;22;2;400;"2025-08-04 10:00:00";"2025-08-04 10:00:00"
952;58;6;22;2;419;"2025-08-04 10:00:00";"2025-08-04 10:00:00"
953;58;6;22;2;484;"2025-08-04 10:00:00";"2025-08-04 10:00:00"
954;58;6;22;2;504;"2025-08-04 10:00:00";"2025-08-04 10:00:00"
955;58;6;22;2;579;"2025-08-04 10:00:00";"2025-08-04 10:00:00"
956;58;6;22;2;623;"2025-08-04 10:00:00";"2025-08-04 10:00:00"
957;58;6;22;2;666;"2025-08-04 10:00:00";"2025-08-04 10:00:00"
958;58;6;22;2;945;"2025-08-04 10:00:00";"2025-08-04 10:00:00"
959;58;6;22;3;15;"2025-08-04 10:00:00";"2025-08-04 10:00:00"
960;58;6;22;3;813;"2025-08-04 10:00:00";"2025-08-04 10:00:00"
961;58;6;22;3;137;"2025-08-04 10:00:00";"2025-08-04 10:00:00"
962;58;6;22;3;241;"2025-08-04 10:00:00";"2025-08-04 10:00:00"
963;58;6;22;3;275;"2025-08-04 10:00:00";"2025-08-04 10:00:00"
964;58;6;22;3;289;"2025-08-04 10:00:00";"2025-08-04 10:00:00"
965;58;6;22;3;316;"2025-08-04 10:00:00";"2025-08-04 10:00:00"
966;58;6;22;3;390;"2025-08-04 10:00:00";"2025-08-04 10:00:00"
967;58;6;22;3;404;"2025-08-04 10:00:00";"2025-08-04 10:00:00"
968;58;6;22;3;814;"2025-08-04 10:00:00";"2025-08-04 10:00:00"
969;58;6;22;3;416;"2025-08-04 10:00:00";"2025-08-04 10:00:00"
970;58;6;22;3;511;"2025-08-04 10:00:00";"2025-08-04 10:00:00"
971;58;6;22;3;560;"2025-08-04 10:00:00";"2025-08-04 10:00:00"
972;58;6;22;3;568;"2025-08-04 10:00:00";"2025-08-04 10:00:00"
973;58;6;22;3;571;"2025-08-04 10:00:00";"2025-08-04 10:00:00"
974;58;6;22;3;597;"2025-08-04 10:00:00";"2025-08-04 10:00:00"
975;58;6;22;3;751;"2025-08-04 10:00:00";"2025-08-04 10:00:00"
976;58;6;21;3;1085;"2025-08-05 12:27:19";"2025-08-05 12:27:19"
977;58;6;20;3;989;"2025-08-05 12:34:51";"2025-08-05 12:34:51"
