-- MySQL dump 10.13  Distrib 8.0.34, for Win64 (x86_64)
--
-- Host: localhost    Database: nsgadb
-- ------------------------------------------------------
-- Server version	8.0.34

/*!40101 SET @OLD_CHARACTER_SET_CLIENT=@@CHARACTER_SET_CLIENT */;
/*!40101 SET @OLD_CHARACTER_SET_RESULTS=@@CHARACTER_SET_RESULTS */;
/*!40101 SET @OLD_COLLATION_CONNECTION=@@COLLATION_CONNECTION */;
/*!50503 SET NAMES utf8 */;
/*!40103 SET @OLD_TIME_ZONE=@@TIME_ZONE */;
/*!40103 SET TIME_ZONE='+00:00' */;
/*!40014 SET @OLD_UNIQUE_CHECKS=@@UNIQUE_CHECKS, UNIQUE_CHECKS=0 */;
/*!40014 SET @OLD_FOREIGN_KEY_CHECKS=@@FOREIGN_KEY_CHECKS, FOREIGN_KEY_CHECKS=0 */;
/*!40101 SET @OLD_SQL_MODE=@@SQL_MODE, SQL_MODE='NO_AUTO_VALUE_ON_ZERO' */;
/*!40111 SET @OLD_SQL_NOTES=@@SQL_NOTES, SQL_NOTES=0 */;

--
-- Table structure for table `alumnos`
--

DROP TABLE IF EXISTS `alumnos`;
/*!40101 SET @saved_cs_client     = @@character_set_client */;
/*!50503 SET character_set_client = utf8mb4 */;
CREATE TABLE `alumnos` (
  `dni` varchar(12) NOT NULL,
  `apellidos` varchar(255) NOT NULL,
  `nombres` varchar(255) NOT NULL,
  `createdAt` datetime NOT NULL,
  `updatedAt` datetime NOT NULL,
  PRIMARY KEY (`dni`)
) ENGINE=InnoDB DEFAULT CHARSET=utf8mb4 COLLATE=utf8mb4_0900_ai_ci;
/*!40101 SET character_set_client = @saved_cs_client */;

--
-- Dumping data for table `alumnos`
--

LOCK TABLES `alumnos` WRITE;
/*!40000 ALTER TABLE `alumnos` DISABLE KEYS */;
INSERT INTO `alumnos` VALUES ('12773227','CANAVIRI ALVAREZ','AHINOA MIRIAM','2024-04-27 20:01:12','2024-04-27 20:01:12'),('13985734','RIVERO EGUEZ','CARLA YAMILE','2024-04-27 20:01:12','2024-04-27 20:01:12'),('29373910','ALFONSO','LORENA DEL VALLE','2024-04-27 20:01:12','2024-04-27 20:01:12'),('30779913','PACHECO','FRANCO SEBASTIÁN','2024-04-27 20:01:12','2024-04-27 20:01:12'),('36148256','CALDERON','PAULA ESTEFANIA','2024-04-27 20:01:12','2024-04-27 20:01:12'),('39445113','GILLIO','YAMILA','2024-04-27 20:01:12','2024-04-27 20:01:12'),('4031662','MARTINEZ ROJAS','ERIANTELI CHRISJEY','2024-04-27 20:01:12','2024-04-27 20:01:12'),('40575260','MORALES','IVANA SOFÍA','2024-04-27 20:01:12','2024-04-27 20:01:12'),('40575280','OLMEDO','JONATHAN EZEQUIEL','2024-04-27 20:01:12','2024-04-27 20:01:12'),('41158008','CALDERON','LOURDES  LORENA','2024-04-27 20:01:12','2024-04-27 20:01:12'),('42156664','ECHEVARRIA','ESTEBAN GABRIEL','2024-04-27 20:01:12','2024-04-27 20:01:12'),('42956808','FERRARIO','FACUNDO EMILIO','2024-04-27 20:01:12','2024-04-27 20:01:12'),('43230018','BAZAN','ALEJANDRO MARCOS','2024-04-27 20:01:12','2024-04-27 20:01:12'),('43367449','AGÜERO','ANNERIS JULIETA','2024-04-27 20:01:12','2024-04-27 20:01:12'),('43367452','SANCHEZ','IRINA','2024-04-27 20:01:12','2024-04-27 20:01:12'),('43367460','BUSTAMANTE VERDE','LUDMILA','2024-04-27 20:01:12','2024-04-27 20:01:12'),('43606946','RE','ISIS MICHELLE','2024-04-27 20:01:12','2024-04-27 20:01:12'),('43609636','GARCIA SOSA','KEVIN LAUTARO','2024-04-27 20:01:12','2024-04-27 20:01:12'),('43609639','AGUILERA','TOMAS ADRIAN','2024-04-27 20:01:12','2024-04-27 20:01:12'),('43609644','PEREYRA','DARIANA','2024-04-27 20:01:12','2024-04-27 20:01:12'),('43648251','PONTONI','AVRIL BELEN','2024-04-27 20:01:12','2024-04-27 20:01:12'),('43808675','ACOSTA FERNANDEZ','ALEXIS EMANUEL','2024-04-27 20:01:12','2024-04-27 20:01:12'),('43881850','FIORIO','MARTINA','2024-04-27 20:01:12','2024-04-27 20:01:12'),('43882340','NIEVAS RUBIONE','GINA','2024-04-27 20:01:12','2024-04-27 20:01:12'),('43929574','REMIS','CANDELA','2024-04-27 20:01:12','2024-04-27 20:01:12'),('43929972','BRAVO OLMEDO','ARIANA','2024-04-27 20:01:12','2024-04-27 20:01:12'),('43992124','VERON','CRISTIAN GONZALO','2024-04-27 20:01:12','2024-04-27 20:01:12'),('43998660','TULIAN BECKER','ANNA KATERINNE','2024-04-27 20:01:12','2024-04-27 20:01:12'),('44071029','FIGUEROA','SANTIAGO MARCELO','2024-04-27 20:01:12','2024-04-27 20:01:12'),('44107356','BIANCHINI','MANUEL','2024-04-27 20:01:12','2024-04-27 20:01:12'),('44168562','RIVERO','MAXIMILIANO NICOLAS','2024-04-27 20:01:12','2024-04-27 20:01:12'),('44194962','FLORES SILETTO','AGUSTIN','2024-04-27 20:01:12','2024-04-27 20:01:12'),('44195305','FERREYRA','JULIAN ANDRES','2024-04-27 20:01:12','2024-04-27 20:01:12'),('44204976','FERREYRA','MILENA LOURDES','2024-04-27 20:01:12','2024-04-27 20:01:12'),('44204979','SUAREZ','RAMIRO JOSE','2024-04-27 20:01:12','2024-04-27 20:01:12'),('44204983','RIVERO','EZEQUIEL','2024-04-27 20:01:12','2024-04-27 20:01:12'),('44204986','LEZANA','CANDELA','2024-04-27 20:01:12','2024-04-27 20:01:12'),('44204987','BAZAN ARGÜELLO','RAMIRO','2024-04-27 20:01:12','2024-04-27 20:01:12'),('44205545','DIAZ ARCUSA','LUKA','2024-04-27 20:01:12','2024-04-27 20:01:12'),('44211653','PEÑA','NAHUEL ALEJANDRO','2024-04-27 20:01:12','2024-04-27 20:01:12'),('44213841','CAYUQUEO','FRANCISCO','2024-04-27 20:01:12','2024-04-27 20:01:12'),('44237180','GARAY MANCILLA','TOMAS BENJAMIN','2024-04-27 20:01:12','2024-04-27 20:01:12'),('44245203','ZAPATA MERLO','JOAQUIN TOBIAS','2024-04-27 20:01:12','2024-04-27 20:01:12'),('44245221','TORELLI','GIMENA ALDANA','2024-04-27 20:01:12','2024-04-27 20:01:12'),('44245864','SERRA','JOAQUIN','2024-04-27 20:01:12','2024-04-27 20:01:12'),('44264057','BATALLA','SANTIAGO','2024-04-27 20:01:12','2024-04-27 20:01:12'),('44274429','ARGUELLO ALVAREZ','MALENA ABRIL','2024-04-27 20:01:12','2024-04-27 20:01:12'),('44296627','CUELLO','JOAQUIN ANDRES','2024-04-27 20:01:12','2024-04-27 20:01:12'),('44296629','PALACIOS','NICOLAS AGUSTIN','2024-04-27 20:01:12','2024-04-27 20:01:12'),('44296634','WIETZ','DAVID EZEQUIEL','2024-04-27 20:01:12','2024-04-27 20:01:12'),('44296635','RAMIREZ CASTALDI','ROCIO AYLEN','2024-04-27 20:01:12','2024-04-27 20:01:12'),('44296637','BUSTOS','MARIA EUGENIA','2024-04-27 20:01:12','2024-04-27 20:01:12'),('44296638','SANCHEZ RAMIREZ','ENZO DANIEL','2024-04-27 20:01:12','2024-04-27 20:01:12'),('44302158','GARCIA','LAUTARO JOAQUIN','2024-04-27 20:01:12','2024-04-27 20:01:12'),('44363416','UNAMUNO','ALEJANDRO JOSE AGUSTIN','2024-04-27 20:01:12','2024-04-27 20:01:12'),('44369620','FREYTES VARAS','AZUL SHANIA','2024-04-27 20:01:12','2024-04-27 20:01:12'),('44369814','SANTIAGO','JULIANO CRISTIAN','2024-04-27 20:01:12','2024-04-27 20:01:12'),('44372143','WEDAHL','ALEJANDRO LEONEL','2024-04-27 20:01:12','2024-04-27 20:01:12'),('44372151','ALEMAN','ANTONELLA ROCIO','2024-04-27 20:01:12','2024-04-27 20:01:12'),('44372152','ZIZZIAS','FACUNDO ARIEL','2024-04-27 20:01:12','2024-04-27 20:01:12'),('44372156','FERREYRA','SELENE ABRIL','2024-04-27 20:01:12','2024-04-27 20:01:12'),('44372158','TORRES MARTINEZ','MATEO','2024-04-27 20:01:12','2024-04-27 20:01:12'),('44372159','FERNANDEZ','SOLANGE','2024-04-27 20:01:12','2024-04-27 20:01:12'),('44372164','DOMINGUEZ','ANTONELLA JAZMIN','2024-04-27 20:01:12','2024-04-27 20:01:12'),('44372170','ARROYO','LUCAS','2024-04-27 20:01:12','2024-04-27 20:01:12'),('44512007','TOLEDO','FRANCISCO','2024-04-27 20:01:12','2024-04-27 20:01:12'),('44521239','CRISCUOLO','CATERINA SOFIA','2024-04-27 20:01:12','2024-04-27 20:01:12'),('44578281','RUEDA','THIAGO MERLIN','2024-04-27 20:01:12','2024-04-27 20:01:12'),('44588496','GALLUZZI','EMILIANO','2024-04-27 20:01:12','2024-04-27 20:01:12'),('44599629','CORONEL','ARIADNA SABINA','2024-04-27 20:01:12','2024-04-27 20:01:12'),('44607491','MEDINA','MEIBEL ORNELA','2024-04-27 20:01:12','2024-04-27 20:01:12'),('44607525','MARTINEZ','LEONEL','2024-04-27 20:01:12','2024-04-27 20:01:12'),('44610373','PEREZ SAN ROMAN','MARTINA TATIANA','2024-04-27 20:01:12','2024-04-27 20:01:12'),('44623948','MONTENEGRO','AVRIL','2024-04-27 20:01:12','2024-04-27 20:01:12'),('44642031','ALDAZ VALVERDE','MANUELA','2024-04-27 20:01:12','2024-04-27 20:01:12'),('44657981','PEREYRA','ESTEFANIA','2024-04-27 20:01:12','2024-04-27 20:01:12'),('44657992','BAZAN MONTOYA','LEONEL','2024-04-27 20:01:12','2024-04-27 20:01:12'),('44657994','MOLINA','MARCELA CAMILA','2024-04-27 20:01:12','2024-04-27 20:01:12'),('44657998','ECHENIQUE FREYTES','MAIA VALENTINA','2024-04-27 20:01:12','2024-04-27 20:01:12'),('44670541','LIETZ','NADINE','2024-04-27 20:01:12','2024-04-27 20:01:12'),('44674195','FERNANDEZ','MAXIMILIANO','2024-04-27 20:01:12','2024-04-27 20:01:12'),('44686779','WAINSTEIN','TOBIAS JAVIER','2024-04-27 20:01:12','2024-04-27 20:01:12'),('44741500','OLMEDO','MARIA QUIMEY','2024-04-27 20:01:12','2024-04-27 20:01:12'),('44762201','DURAN','CAMILA VALERIA','2024-04-27 20:01:12','2024-04-27 20:01:12'),('44768513','MERLO','LUCAS ANDRES','2024-04-27 20:01:12','2024-04-27 20:01:12'),('44789560','DI MASCIO','NARELLA COSTANZA','2024-04-27 20:01:12','2024-04-27 20:01:12'),('44791401','FERREYRA CASAS','MILAGROS','2024-04-27 20:01:12','2024-04-27 20:01:12'),('44791403','CELAYA','SEBASTIAN ESTEBAN','2024-04-27 20:01:12','2024-04-27 20:01:12'),('44791409','FORMIA','MEDINA BARBARA','2024-04-27 20:01:12','2024-04-27 20:01:12'),('44825082','ROCCA','FABRIZIO BALTASAR','2024-04-27 20:01:12','2024-04-27 20:01:12'),('44827487','PERALTA','ALMA LUCIA','2024-04-27 20:01:12','2024-04-27 20:01:12'),('44842685','FERRETTI SANSEVERINO','JUAN CRUZ','2024-04-27 20:01:12','2024-04-27 20:01:12'),('44851290','LOPEZ','JOAQUIN NAHUEL','2024-04-27 20:01:12','2024-04-27 20:01:12'),('44899046','SEGURA','GIULIANA','2024-04-27 20:01:12','2024-04-27 20:01:12'),('44899047','PAGUAGA','MARTIN SEBASTIAN','2024-04-27 20:01:12','2024-04-27 20:01:12'),('44936781','ALICE','LILA MORGANA','2024-04-27 20:01:12','2024-04-27 20:01:12'),('44938174','AHMED AVERSA','IGNACIO','2024-04-27 20:01:12','2024-04-27 20:01:12'),('44973247','MERLO','MELINA VANESA','2024-04-27 20:01:12','2024-04-27 20:01:12'),('44973250','ROTHENBERGER','NICOLAS GERMAN','2024-04-27 20:01:12','2024-04-27 20:01:12'),('44973705','MASFARRE PALACIOS','FACUNDO NATANAEL','2024-04-27 20:01:12','2024-04-27 20:01:12'),('44973706','HEREDIA','GABINA TAMARA SOLEDAD','2024-04-27 20:01:12','2024-04-27 20:01:12'),('44973974','PAEZ','PATRICIO','2024-04-27 20:01:12','2024-04-27 20:01:12'),('44974383','SERPP','YAMILA MICAELA','2024-04-27 20:01:12','2024-04-27 20:01:12'),('44975703','ESCALANTE','JUAN IGNACIO','2024-04-27 20:01:12','2024-04-27 20:01:12'),('45070707','RIVERO','NAHUEL AGUSTIN','2024-04-27 20:01:12','2024-04-27 20:01:12'),('45074201','FORTE','VALENTINA ABRIL','2024-04-27 20:01:12','2024-04-27 20:01:12'),('45083749','PEREIRA VALDEZ','MATIAS GABRIEL','2024-04-27 20:01:12','2024-04-27 20:01:12'),('45085581','OLIVERA BALMACEDA','JULIETA FLORENCIA','2024-04-27 20:01:12','2024-04-27 20:01:12'),('45089207','PEREZ','ULISES RAFAEL','2024-04-27 20:01:12','2024-04-27 20:01:12'),('45092222','RODRIGUEZ','FEDERICO AGUSTIN','2024-04-27 20:01:12','2024-04-27 20:01:12'),('45092225','INSAURRALDE','NICOLAS','2024-04-27 20:01:12','2024-04-27 20:01:12'),('45092233','SOTO','EMANUEL','2024-04-27 20:01:12','2024-04-27 20:01:12'),('45092234','FREYTES MAUL','IMANOL JOAQUIN','2024-04-27 20:01:12','2024-04-27 20:01:12'),('45092235','GARAY ZAMORA','TOMAS ALEJANDRO','2024-04-27 20:01:12','2024-04-27 20:01:12'),('45092236','FERREYRA','NICOLE AGUSTINA','2024-04-27 20:01:12','2024-04-27 20:01:12'),('45092237','BUTTNER','CONSTANZA','2024-04-27 20:01:12','2024-04-27 20:01:12'),('45092238','CESARIO','MARIA DEL PILAR','2024-04-27 20:01:12','2024-04-27 20:01:12'),('45092575','STABIO','CLARA','2024-04-27 20:01:12','2024-04-27 20:01:12'),('45093742','VAZQUEZ AVILA','LUCIA BELEN','2024-04-27 20:01:12','2024-04-27 20:01:12'),('45094655','LINDELL','FELIPE','2024-04-27 20:01:12','2024-04-27 20:01:12'),('45114903','BIXQUERT','CANDELA','2024-04-27 20:01:12','2024-04-27 20:01:12'),('45134563','BERTHALET','SANTIAGO','2024-04-27 20:01:12','2024-04-27 20:01:12'),('45154728','QUIROGA RAMIREZ','LAUTARO MARIANO','2024-04-27 20:01:12','2024-04-27 20:01:12'),('45154730','PEREYRA','REGINA GUADALUPE','2024-04-27 20:01:12','2024-04-27 20:01:12'),('45154756','YEDRO','CAMILA MILAGROS','2024-04-27 20:01:12','2024-04-27 20:01:12'),('45154816','CHAVEZ','MARIANO AGUSTIN','2024-04-27 20:01:12','2024-04-27 20:01:12'),('45154844','PASSARELO ALONSO','JOAQUIN','2024-04-27 20:01:12','2024-04-27 20:01:12'),('45155934','JUDICA','BRUNO EZEQUIEL','2024-04-27 20:01:12','2024-04-27 20:01:12'),('45212029','HIRSCH','EMILIO ESTEBAN','2024-04-27 20:01:12','2024-04-27 20:01:12'),('45235868','NIETO LELEU','LEANDRO JULIAN','2024-04-27 20:01:12','2024-04-27 20:01:12'),('45245009','GONZALEZ','LAUREANO','2024-04-27 20:01:12','2024-04-27 20:01:12'),('45251407','SANCHEZ','JUAN OMAR','2024-04-27 20:01:12','2024-04-27 20:01:12'),('45272090','FIGUEROA','BRUNELLA DENIS','2024-04-27 20:01:12','2024-04-27 20:01:12'),('45322180','RAGO','FEDERICO NICOLAS','2024-04-27 20:01:12','2024-04-27 20:01:12'),('45349553','LOPEZ FERREYRA','TOMAS BENJAMIN','2024-04-27 20:01:12','2024-04-27 20:01:12'),('45349554','IRIARTE','MARCO ANDRES','2024-04-27 20:01:12','2024-04-27 20:01:12'),('45349556','FERREYRA','CLAUDIA LUDMILA','2024-04-27 20:01:12','2024-04-27 20:01:12'),('45349558','KAHL','GISELLA MAYLEN','2024-04-27 20:01:12','2024-04-27 20:01:12'),('45349567','SALGAN','ANTONELLA MICAELA','2024-04-27 20:01:12','2024-04-27 20:01:12'),('45349568','PALACIOS','VALENTINA','2024-04-27 20:01:12','2024-04-27 20:01:12'),('45349569','DIEZ','TIAGO NICOLAS','2024-04-27 20:01:12','2024-04-27 20:01:12'),('45349570','MOGICA','KEVIN ISMAEL','2024-04-27 20:01:12','2024-04-27 20:01:12'),('45349579','RIESENBERG','JULIAN','2024-04-27 20:01:12','2024-04-27 20:01:12'),('45349580','IGLESIAS','YAGO','2024-04-27 20:01:12','2024-04-27 20:01:12'),('45349587','ESPINDOLA','MILAGROS ALUHE','2024-04-27 20:01:12','2024-04-27 20:01:12'),('45349589','SALICA','FRANCISCO NICOLAS','2024-04-27 20:01:12','2024-04-27 20:01:12'),('45349593','ALMUNA MALDONADO','ANTONELLA','2024-04-27 20:01:12','2024-04-27 20:01:12'),('45349594','GONZALEZ ROJAS','RUBEN TOMAS','2024-04-27 20:01:12','2024-04-27 20:01:12'),('45349596','HARBERING','ERICK','2024-04-27 20:01:12','2024-04-27 20:01:12'),('45349600','MOLINA','BRISA GUADALUPE','2024-04-27 20:01:12','2024-04-27 20:01:12'),('45351696','MIERES MELIDORO','ARACELI MARITE','2024-04-27 20:01:12','2024-04-27 20:01:12'),('45403302','MONSALVO GIMENEZ','CAMILA GUADALUPE','2024-04-27 20:01:12','2024-04-27 20:01:12'),('45403864','CASTRO','JUAN IGNACIO','2024-04-27 20:01:12','2024-04-27 20:01:12'),('45405766','MARTINENGO','DONATELA','2024-04-27 20:01:12','2024-04-27 20:01:12'),('45483169','FIGUEROA','KASSANDRA MAGNOLIA','2024-04-27 20:01:12','2024-04-27 20:01:12'),('45483488','WATKIN','EMILIANO','2024-04-27 20:01:12','2024-04-27 20:01:12'),('45484411','CINTI','LUCA JOAQUIN','2024-04-27 20:01:12','2024-04-27 20:01:12'),('45484413','YAPURA GUZMAN','PEDRO AMILCAR','2024-04-27 20:01:12','2024-04-27 20:01:12'),('45484414','DOMINGUEZ','JENIFER YAMILA','2024-04-27 20:01:12','2024-04-27 20:01:12'),('45484418','SEIBERT','ANIA','2024-04-27 20:01:12','2024-04-27 20:01:12'),('45484422','FERREYRA','TOBIAS NICOLAS','2024-04-27 20:01:12','2024-04-27 20:01:12'),('45484423','NORIEGA','LUCA HERNAN','2024-04-27 20:01:12','2024-04-27 20:01:12'),('45484427','PIZARRO','DIONEL RAFAEL','2024-04-27 20:01:12','2024-04-27 20:01:12'),('45484429','RAMIREZ','FABRICIO GABRIEL','2024-04-27 20:01:12','2024-04-27 20:01:12'),('45484430','WIETZ','IVAN','2024-04-27 20:01:12','2024-04-27 20:01:12'),('45485875','BUSTOS LOPEZ','ALDANA MACARENA','2024-04-27 20:01:12','2024-04-27 20:01:12'),('45487253','LOPEZ','JULIETA MAGALI','2024-04-27 20:01:12','2024-04-27 20:01:12'),('45520806','ORLANDO','CANDELA','2024-04-27 20:01:12','2024-04-27 20:01:12'),('45538387','GIMENEZ SAETTONE','LUZ MARINA','2024-04-27 20:01:12','2024-04-27 20:01:12'),('45545378','MURUA','CANDELA','2024-04-27 20:01:12','2024-04-27 20:01:12'),('45561753','RODRIGUEZ','BELEN CELESTE','2024-04-27 20:01:12','2024-04-27 20:01:12'),('45591905','BUSTOS','MILAGROS JACQUELINE','2024-04-27 20:01:12','2024-04-27 20:01:12'),('45593081','FLORENTIN','FACUNDO FABIAN','2024-04-27 20:01:12','2024-04-27 20:01:12'),('45593326','AIRASCA CEPEDA','ANGELA AZUL','2024-04-27 20:01:12','2024-04-27 20:01:12'),('45594733','RIVARA BENAVIDEZ','PAULA DENISE','2024-04-27 20:01:12','2024-04-27 20:01:12'),('45614539','BARBEITOS','KIMEY BIANCA','2024-04-27 20:01:12','2024-04-27 20:01:12'),('45674069','CRUZ','AGUSTINA NICOLE','2024-04-27 20:01:12','2024-04-27 20:01:12'),('45679023','ITURRI','THEO','2024-04-27 20:01:12','2024-04-27 20:01:12'),('45696578','PONCE','LARA PILAR','2024-04-27 20:01:12','2024-04-27 20:01:12'),('45698126','CONTRERAS','JEREMIAS IVAN','2024-04-27 20:01:12','2024-04-27 20:01:12'),('45698127','SANCHEZ','JULIAN','2024-04-27 20:01:12','2024-04-27 20:01:12'),('45698131','LEYRIA','CARLOS ESTEBAN','2024-04-27 20:01:12','2024-04-27 20:01:12'),('45698135','OLMEDO','CAMILA CELESTE','2024-04-27 20:01:12','2024-04-27 20:01:12'),('45698136','BIDELA SEYFARTH','MARTINA','2024-04-27 20:01:12','2024-04-27 20:01:12'),('45698141','PEREIRA CORVALAN','MARIA NOE','2024-04-27 20:01:12','2024-04-27 20:01:12'),('45698143','WEIGANDT','CANDELA LUCIA','2024-04-27 20:01:12','2024-04-27 20:01:12'),('45698153','SANTIBAÑEZ KAHL','ALANA HILEN','2024-04-27 20:01:12','2024-04-27 20:01:12'),('45698157','TORRES STAGNARO','ABRIL','2024-04-27 20:01:12','2024-04-27 20:01:12'),('45698163','GLUNZ','MATHIAS','2024-04-27 20:01:12','2024-04-27 20:01:12'),('45698166','BARRERA','MAIA NAZARENA','2024-04-27 20:01:12','2024-04-27 20:01:12'),('45698167','ZARINI','NAZARENO JOAQUIN','2024-04-27 20:01:12','2024-04-27 20:01:12'),('45698169','AGUIRRE','ELIAS EZEQUIEL','2024-04-27 20:01:12','2024-04-27 20:01:12'),('45722960','CAMPILLAY','CRISTINA AYELEN','2024-04-27 20:01:12','2024-04-27 20:01:12'),('45753557','KLYMCZUK','MARTINA','2024-04-27 20:01:12','2024-04-27 20:01:12'),('45753781','CALLEJON','CATALINA','2024-04-27 20:01:12','2024-04-27 20:01:12'),('45786311','HUBER','LOLA MORA','2024-04-27 20:01:12','2024-04-27 20:01:12'),('45829208','GAMARRA','MELINA DANIELA','2024-04-27 20:01:12','2024-04-27 20:01:12'),('45835390','BAENA PINI','MALENA','2024-04-27 20:01:12','2024-04-27 20:01:12'),('45836228','CUTA','MARIA PAZ','2024-04-27 20:01:12','2024-04-27 20:01:12'),('45836242','MAX','MISAEL','2024-04-27 20:01:12','2024-04-27 20:01:12'),('45838458','NIEVES','DIEGO FERNANDO','2024-04-27 20:01:12','2024-04-27 20:01:12'),('45868257','CAMELINO CURUTCHET','ANAHI SUSEL','2024-04-27 20:01:12','2024-04-27 20:01:12'),('45887410','GRISOTTO','FRANCO MARTIN','2024-04-27 20:01:12','2024-04-27 20:01:12'),('45933490','CABRERA','FACUNDO EMILIANO','2024-04-27 20:01:12','2024-04-27 20:01:12'),('45933997','LIZONDO GUTIERREZ','YAMIL QUIMEY','2024-04-27 20:01:12','2024-04-27 20:01:12'),('45935197','MAYORGA','EZEQUIEL DAVID','2024-04-27 20:01:12','2024-04-27 20:01:12'),('45937843','MIERES MELIDORO','ESTEFANIA ALEJANDRA','2024-04-27 20:01:12','2024-04-27 20:01:12'),('46002906','VILLCA','JENNIFER JACQUELINE','2024-04-27 20:01:12','2024-04-27 20:01:12'),('46011263','GASTALDO ALFONSO','ARIADNA LUCIA','2024-04-27 20:01:12','2024-04-27 20:01:12'),('46017549','DI PALMA','GIAN PAULO','2024-04-27 20:01:12','2024-04-27 20:01:12'),('46029110','IZAGUIRRE','MARTINA GUADALUPE','2024-04-27 20:01:12','2024-04-27 20:01:12'),('46035102','ZAMORA','ANTONELLA AVRIL','2024-04-27 20:01:12','2024-04-27 20:01:12'),('46035103','BRAVO OLMEDO','MILENA','2024-04-27 20:01:12','2024-04-27 20:01:12'),('46035106','GIL','SOFIA MELANIA','2024-04-27 20:01:12','2024-04-27 20:01:12'),('46035108','LOPEZ','MAICA LILEN','2024-04-27 20:01:12','2024-04-27 20:01:12'),('46035109','OLMEDO SEYFARTH','LUCIA MAGALI','2024-04-27 20:01:12','2024-04-27 20:01:12'),('46035115','CIANCIA BUTTNER','LUCA NATALIO','2024-04-27 20:01:12','2024-04-27 20:01:12'),('46035116','MORENO','CELESTE ABIGAIL','2024-04-27 20:01:12','2024-04-27 20:01:12'),('46035117','MARTINEZ','MILAGROS ROSARIO','2024-04-27 20:01:12','2024-04-27 20:01:12'),('46035118','FRANCK AGUILERA','KIARA','2024-04-27 20:01:12','2024-04-27 20:01:12'),('46035122','AGUERO MARTINEZ','ARISNE ABILENE','2024-04-27 20:01:12','2024-04-27 20:01:12'),('46035124','MELGAREJO','ENZO NAHUEL','2024-04-27 20:01:12','2024-04-27 20:01:12'),('46035127','LUNA CARRATALA','JUAN PABLO','2024-04-27 20:01:12','2024-04-27 20:01:12'),('46035136','CACERES ARGUELLO','YASMIN AGOSTINA','2024-04-27 20:01:12','2024-04-27 20:01:12'),('46035144','GALAN','CAROLA SOL','2024-04-27 20:01:12','2024-04-27 20:01:12'),('46035145','SCHWAB','GUILLERMO MATIAS','2024-04-27 20:01:12','2024-04-27 20:01:12'),('46035146','KNOPFLI REY','MATEO','2024-04-27 20:01:12','2024-04-27 20:01:12'),('46035149','RAMIREZ CENTENO','MARIA SOLEDAD','2024-04-27 20:01:12','2024-04-27 20:01:12'),('46035150','CHACON BARRERA','ALEJO','2024-04-27 20:01:12','2024-04-27 20:01:12'),('46035151','AGUILERA','MATEO NICOLAS','2024-04-27 20:01:12','2024-04-27 20:01:12'),('46035152','MORALES PONCE','LOURDES','2024-04-27 20:01:12','2024-04-27 20:01:12'),('46035153','SUAREZ KAHL','AIN','2024-04-27 20:01:12','2024-04-27 20:01:12'),('46035154','SALGADO','THOMAS AGUSTIN','2024-04-27 20:01:12','2024-04-27 20:01:12'),('46035155','RUIZ DIAZ','JOAQUIN ALEJANDRO','2024-04-27 20:01:12','2024-04-27 20:01:12'),('46035159','GAITAN','FRANCISCO DAVID','2024-04-27 20:01:12','2024-04-27 20:01:12'),('46035160','CALDERON','PEDRO TOMAS','2024-04-27 20:01:12','2024-04-27 20:01:12'),('46035161','GIMENEZ','MONICA SOLEDAD','2024-04-27 20:01:12','2024-04-27 20:01:12'),('46035165','PERALTA','LUCIANO MARTIN','2024-04-27 20:01:12','2024-04-27 20:01:12'),('46035169','CABRAL LUNA','LUCIA DE LOS MILAGROS','2024-04-27 20:01:12','2024-04-27 20:01:12'),('46035174','CARRANZA','KIARA NAHIR','2024-04-27 20:01:12','2024-04-27 20:01:12'),('46035178','CAVALLER MEDINA','YAHEL ADRIAN','2024-04-27 20:01:12','2024-04-27 20:01:12'),('46035180','PALACIOS','MILAGROS SOLEDAD','2024-04-27 20:01:12','2024-04-27 20:01:12'),('46035187','HEREDIA','PIA AMANDA NAZARENA','2024-04-27 20:01:12','2024-04-27 20:01:12'),('46035190','MOYANO ROSSETTI','LUJAN','2024-04-27 20:01:12','2024-04-27 20:01:12'),('46035195','MICUCCI','MILENA','2024-04-27 20:01:12','2024-04-27 20:01:12'),('46035962','POLANCO','ALEJANDRO AGUSTIN','2024-04-27 20:01:12','2024-04-27 20:01:12'),('46035983','CHARRAS','ANTONELLA ABIGAIL','2024-04-27 20:01:12','2024-04-27 20:01:12'),('46037022','AGÜERO','GUADALUPE ALEJANDRA','2024-04-27 20:01:12','2024-04-27 20:01:12'),('46037023','OLMEDO ARGUELLO','JOAQUIN','2024-04-27 20:01:12','2024-04-27 20:01:12'),('46037026','REMIS','ANTONELLA','2024-04-27 20:01:12','2024-04-27 20:01:12'),('46037028','LUCERO','RAMIRO','2024-04-27 20:01:12','2024-04-27 20:01:12'),('46037029','LIENDO SALGADO','MARCO THOMAS','2024-04-27 20:01:12','2024-04-27 20:01:12'),('46037365','ARCHIS CORTEZ','DELFINA','2024-04-27 20:01:12','2024-04-27 20:01:12'),('46037429','PEREYRA','MATEO JOAQUIN','2024-04-27 20:01:12','2024-04-27 20:01:12'),('46037451','MURUA','ROCIO YANELA','2024-04-27 20:01:12','2024-04-27 20:01:12'),('46083351','TEJEDA NICOLAU','SILENE LOURDES','2024-04-27 20:01:12','2024-04-27 20:01:12'),('46112635','ECHEVARRIA','SEBASTIAN NICOLAS','2024-04-27 20:01:12','2024-04-27 20:01:12'),('46155454','ESTIGARRIBIA','ORIANA ROSARIO','2024-04-27 20:01:12','2024-04-27 20:01:12'),('46194239','CESPEDES MARTINEZ','TOBIAS LEANDRO','2024-04-27 20:01:12','2024-04-27 20:01:12'),('46226738','OLMOS','MARIEL','2024-04-27 20:01:12','2024-04-27 20:01:12'),('46275539','PIGNATARO','CANDELA ABRIL','2024-04-27 20:01:12','2024-04-27 20:01:12'),('46305780','RUGGERO NIEVA','SABRINA SOLEDAD','2024-04-27 20:01:12','2024-04-27 20:01:12'),('46342180','ESPINO DA SILVA','MANUEL','2024-04-27 20:01:12','2024-04-27 20:01:12'),('46362314','KRANZ','MICHELLE','2024-04-27 20:01:12','2024-04-27 20:01:12'),('46375127','DIAZ','AGUSTIN EMANUEL','2024-04-27 20:01:12','2024-04-27 20:01:12'),('46435175','MARTICH','TOBIAS','2024-04-27 20:01:12','2024-04-27 20:01:12'),('46450716','FLORES SILETTO','MATIAS MIQUEAS','2024-04-27 20:01:12','2024-04-27 20:01:12'),('46461432','ALDERETE','BARBARA ABIGAIL','2024-04-27 20:01:12','2024-04-27 20:01:12'),('46472609','GONZALEZ','JEREMIAS','2024-04-27 20:01:12','2024-04-27 20:01:12'),('46500081','GUTIERREZ','MIRANDA','2024-04-27 20:01:12','2024-04-27 20:01:12'),('46506642','VALVERDIS','LISANDRO TOBIAS','2024-04-27 20:01:12','2024-04-27 20:01:12'),('46507486','PEREIRA VALDEZ','VIOLETA BELEN','2024-04-27 20:01:12','2024-04-27 20:01:12'),('46509006','SANCHEZ VALENZUELA','AYLEN','2024-04-27 20:01:12','2024-04-27 20:01:12'),('46509009','BIANCHINI MIRANDA','VALENTIN','2024-04-27 20:01:12','2024-04-27 20:01:12'),('46509010','FRIEDRICH','BRANDON NATHANIEL','2024-04-27 20:01:12','2024-04-27 20:01:12'),('46509011','MOGICA','ALEXIS NICOLAS','2024-04-27 20:01:12','2024-04-27 20:01:12'),('46509014','FERNANDEZ','IGNACIO','2024-04-27 20:01:12','2024-04-27 20:01:12'),('46509017','FERNANDEZ FRIEDRICH','JEREMIAS','2024-04-27 20:01:12','2024-04-27 20:01:12'),('46509026','BENAVIDEZ','JOAQUIN','2024-04-27 20:01:12','2024-04-27 20:01:12'),('46509028','BAZAN ARGÜELLO','ALVARO','2024-04-27 20:01:12','2024-04-27 20:01:12'),('46509032','MARTINEZ','MILAGROS EUNICE','2024-04-27 20:01:12','2024-04-27 20:01:12'),('46509036','GIMENEZ','GUADALUPE','2024-04-27 20:01:12','2024-04-27 20:01:12'),('46509037','SANCHEZ','TIAGO LEONIDAS','2024-04-27 20:01:12','2024-04-27 20:01:12'),('46509043','MERLO','BRANDON NICOLAS','2024-04-27 20:01:12','2024-04-27 20:01:12'),('46509044','RAMIREZ CASTALDI','TOBIAS MANUEL','2024-04-27 20:01:12','2024-04-27 20:01:12'),('46509046','TORRES ALMUNA','LUCIANA','2024-04-27 20:01:12','2024-04-27 20:01:12'),('46509049','LOPEZ MARTINEZ','RODRIGO AGUSTIN','2024-04-27 20:01:12','2024-04-27 20:01:12'),('46509056','ROTHENBERGER','MAURICIO ANDRES','2024-04-27 20:01:12','2024-04-27 20:01:12'),('46509063','LAREU CAERO','MARTIN GABRIEL','2024-04-27 20:01:12','2024-04-27 20:01:12'),('46509068','INSAURRALDE','JAZMIN','2024-04-27 20:01:12','2024-04-27 20:01:12'),('46509071','REYNOSO','TIARA AILEN','2024-04-27 20:01:12','2024-04-27 20:01:12'),('46509074','RAMIREZ BUTTNER','TIAGO','2024-04-27 20:01:12','2024-04-27 20:01:12'),('46509079','BLUM SANTA','MICAELA ANDREA','2024-04-27 20:01:12','2024-04-27 20:01:12'),('46509084','VILCHEZ GORI','CAMILA MILAGROS','2024-04-27 20:01:12','2024-04-27 20:01:12'),('46509090','BUSTOS CENTENO','LUDMILA LUCIANA MACARENA','2024-04-27 20:01:12','2024-04-27 20:01:12'),('46509096','MURUA','LUCIA VALENTINA','2024-04-27 20:01:12','2024-04-27 20:01:12'),('46509098','GRASSO','LUCIO AGUSTIN','2024-04-27 20:01:12','2024-04-27 20:01:12'),('46509100','SANDOVAL','LAUTARO BAUTISTA','2024-04-27 20:01:12','2024-04-27 20:01:12'),('46511833','CARBONELL','JEREMIAS','2024-04-27 20:01:12','2024-04-27 20:01:12'),('46524776','VOULQUIN','NISA LUCERO','2024-04-27 20:01:12','2024-04-27 20:01:12'),('46539504','CELAYA','CATALINA','2024-04-27 20:01:12','2024-04-27 20:01:12'),('46539528','ROBERT','GUSTAVO PATRICIO','2024-04-27 20:01:12','2024-04-27 20:01:12'),('46560846','ORLANDO','AGUSTINA','2024-04-27 20:01:12','2024-04-27 20:01:12'),('46566594','SPROCH','MARLENE ANDREA','2024-04-27 20:01:12','2024-04-27 20:01:12'),('46571754','FARIAS ACERBO','FÉLIX SIMÓN','2024-04-27 20:01:12','2024-04-27 20:01:12'),('46580607','TORRE TUNDIS','LUCA SANTINO','2024-04-27 20:01:12','2024-04-27 20:01:12'),('46584794','NICOLAS MATHISEN','AGUSTIN DIEGO','2024-04-27 20:01:12','2024-04-27 20:01:12'),('46593166','ZABALA','EMMANUEL FRANCO TOMAS','2024-04-27 20:01:12','2024-04-27 20:01:12'),('46633674','LUCERO','CANDELA SOLEDAD','2024-04-27 20:01:12','2024-04-27 20:01:12'),('46643085','RODRIGUEZ','CAMILA AYLEN','2024-04-27 20:01:12','2024-04-27 20:01:12'),('46658854','STABIO','ALEJO','2024-04-27 20:01:12','2024-04-27 20:01:12'),('46707032','CORONEL','LOURDES MARIA LUZ','2024-04-27 20:01:12','2024-04-27 20:01:12'),('46721807','CABRERA','ALEJANDRO DAVID','2024-04-27 20:01:12','2024-04-27 20:01:12'),('46721862','OVIEDO','MARIBEL SILVANA','2024-04-27 20:01:12','2024-04-27 20:01:12'),('46721918','BUSTOS LOPEZ','OZIAS NATANAEL','2024-04-27 20:01:12','2024-04-27 20:01:12'),('46721947','ORIGLIA PALACIOS','MALENA','2024-04-27 20:01:12','2024-04-27 20:01:12'),('46722025','GAMERO','URIEL','2024-04-27 20:01:12','2024-04-27 20:01:12'),('46722052','ARREGUI FERREYRA','GIULIANO ISAIAS','2024-04-27 20:01:12','2024-04-27 20:01:12'),('46722094','GALLARDO ROMERO','MELINA M','2024-04-27 20:01:12','2024-04-27 20:01:12'),('46722168','ARGÜELLO','CAMILA ROSALIA','2024-04-27 20:01:12','2024-04-27 20:01:12'),('46740301','CRISCUOLO','NICOLAS AUGUSTO','2024-04-27 20:01:12','2024-04-27 20:01:12'),('46741061','LUCCI','DELFINA','2024-04-27 20:01:12','2024-04-27 20:01:12'),('46768242','BRITOS GIMENEZ','LUDMILA ANTONELLA','2024-04-27 20:01:12','2024-04-27 20:01:12'),('46768255','CALARCO DOMINGUEZ','CAMILA','2024-04-27 20:01:12','2024-04-27 20:01:12'),('46768262','QUIÑONEZ CALCAGNO','JOAQUIN','2024-04-27 20:01:12','2024-04-27 20:01:12'),('46768264','BUSTAMANTE','MATIAS','2024-04-27 20:01:12','2024-04-27 20:01:12'),('46768339','MONTES FREITES','MATEO','2024-04-27 20:01:12','2024-04-27 20:01:12'),('46771568','POLANCO PERALTA','NICOL AGUSTINA','2024-04-27 20:01:12','2024-04-27 20:01:12'),('46817544','TESSORE','VALENTIN BAUTISTA','2024-04-27 20:01:12','2024-04-27 20:01:12'),('46819456','HERNANDEZ','LUCRECIA MATILDE','2024-04-27 20:01:12','2024-04-27 20:01:12'),('46821343','PARODI','LUANA MARIA','2024-04-27 20:01:12','2024-04-27 20:01:12'),('46847389','LESCANO HEINZMANN','JESSICA SOLEDAD','2024-04-27 20:01:12','2024-04-27 20:01:12'),('46847532','OLMOS','TOMAS','2024-04-27 20:01:12','2024-04-27 20:01:12'),('46875626','DIAZ ARCUSA','AGUSTIN','2024-04-27 20:01:12','2024-04-27 20:01:12'),('46886092','TULIAN BECKER','INGRID ABRIL','2024-04-27 20:01:12','2024-04-27 20:01:12'),('46886742','ALARGUNZORO','IVAN BERNABE','2024-04-27 20:01:12','2024-04-27 20:01:12'),('46888421','CUELLO','CAMILA AILEN','2024-04-27 20:01:12','2024-04-27 20:01:12'),('46889210','CABRAL','LELICA AGUSTINA','2024-04-27 20:01:12','2024-04-27 20:01:12'),('46890402','MARQUEZ','CATALINA ABRIL','2024-04-27 20:01:12','2024-04-27 20:01:12'),('46890410','KEES BOORE','LUCIA RUTH','2024-04-27 20:01:12','2024-04-27 20:01:12'),('46917655','COHEN','MARIA VICTORIA','2024-04-27 20:01:12','2024-04-27 20:01:12'),('46934378','ARCE DILUCA','TOBÍAS','2024-04-27 20:01:12','2024-04-27 20:01:12'),('46935855','GANDARA','ZOE ABRIL','2024-04-27 20:01:12','2024-04-27 20:01:12'),('46942761','BORDA','CAMILA MARILYN','2024-04-27 20:01:12','2024-04-27 20:01:12'),('46958444','CABAK','KATERINA','2024-04-27 20:01:12','2024-04-27 20:01:12'),('46966587','GAMARRA','TELMA ABIGAIL','2024-04-27 20:01:12','2024-04-27 20:01:12'),('46972561','CARRIZO','SANTIAGO','2024-04-27 20:01:12','2024-04-27 20:01:12'),('46994214','NUÑEZ','MILAGROS ABRIL','2024-04-27 20:01:12','2024-04-27 20:01:12'),('47026840','LUNGARIELLO','AZUL ROCIO','2024-04-27 20:01:12','2024-04-27 20:01:12'),('47046798','ASTUDILLO PINTO','FEDERICO AGUSTIN','2024-04-27 20:01:12','2024-04-27 20:01:12'),('47053448','ALFARO MAUFRE','RAMIRO','2024-04-27 20:01:12','2024-04-27 20:01:12'),('47070448','VIDONI','LAUTARO','2024-04-27 20:01:12','2024-04-27 20:01:12'),('47094443','DESIMONE','JULIAN','2024-04-27 20:01:12','2024-04-27 20:01:12'),('47127617','PLEIMLING LAVIA','MATIAS JOAQUIN','2024-04-27 20:01:12','2024-04-27 20:01:12'),('47143652','CESPEDES MARTINEZ','THIAGO GABRIEL','2024-04-27 20:01:12','2024-04-27 20:01:12'),('47175016','GODOY','MARTINA','2024-04-27 20:01:12','2024-04-27 20:01:12'),('47190163','AVILA','RAMIRO NICOLAS','2024-04-27 20:01:12','2024-04-27 20:01:12'),('47200135','PEREZ','ANNA LAURA','2024-04-27 20:01:12','2024-04-27 20:01:12'),('47213851','BONAVITA','SOL TIZIANA','2024-04-27 20:01:12','2024-04-27 20:01:12'),('47217777','QUISPE CANIZARES','NAHIR BELEN','2024-04-27 20:01:12','2024-04-27 20:01:12'),('47250822','PEREYRA','MIRANDA DE LOS ANGELES','2024-04-27 20:01:12','2024-04-27 20:01:12'),('47250823','SCHUBERT GUZMAN','ISAÍAS NAHUEL','2024-04-27 20:01:12','2024-04-27 20:01:12'),('47250824','PALACIOS','FRANCISCO JULIAN','2024-04-27 20:01:12','2024-04-27 20:01:12'),('47250825','ENRIQUEZ','SOFIA','2024-04-27 20:01:12','2024-04-27 20:01:12'),('47250827','BÜTTNER','ANGELA VALENTINA','2024-04-27 20:01:12','2024-04-27 20:01:12'),('47250831','BUSTOS','MIA NICOLE','2024-04-27 20:01:12','2024-04-27 20:01:12'),('47250832','PEÑA','PEDRO MARTIN','2024-04-27 20:01:12','2024-04-27 20:01:12'),('47250833','SCHWAB','LARA ANTONELA','2024-04-27 20:01:12','2024-04-27 20:01:12'),('47250842','LAMARCA','DANIEL SALVADOR','2024-04-27 20:01:12','2024-04-27 20:01:12'),('47250849','SANCHEZ','LUCIA ALEJANDRA','2024-04-27 20:01:12','2024-04-27 20:01:12'),('47250852','SANCHEZ RAMIREZ','VICTORIA ESTEFANIA','2024-04-27 20:01:12','2024-04-27 20:01:12'),('47250853','PRADO','LOURDES AGUSTINA','2024-04-27 20:01:12','2024-04-27 20:01:12'),('47250860','LUCENTINI','FRANCISCO NAHUEL','2024-04-27 20:01:12','2024-04-27 20:01:12'),('47250867','PEREZ','JUAN TOMAS','2024-04-27 20:01:12','2024-04-27 20:01:12'),('47250868','LEFOR RISTAU','SOL CONSTANZA','2024-04-27 20:01:12','2024-04-27 20:01:12'),('47250869','CUBA','BRUNELLA','2024-04-27 20:01:12','2024-04-27 20:01:12'),('47250873','PEREZ KAHL','NOELIA VALENTINA','2024-04-27 20:01:12','2024-04-27 20:01:12'),('47250879','RODRIGUEZ','JUAN CRUZ','2024-04-27 20:01:12','2024-04-27 20:01:12'),('47250882','MEZA FERNANDEZ','SOFIA BELEN','2024-04-27 20:01:12','2024-04-27 20:01:12'),('47250888','BUSTOS','LUCAS EZEQUIEL','2024-04-27 20:01:12','2024-04-27 20:01:12'),('47250892','MOLINA RAU','AINARA VALENTINA','2024-04-27 20:01:12','2024-04-27 20:01:12'),('47250900','MOLINA','MORENA LUISANA','2024-04-27 20:01:12','2024-04-27 20:01:12'),('47251377','DUGE DE BERNONVILLE','IVAN JEREMIAS','2024-04-27 20:01:12','2024-04-27 20:01:12'),('47290887','MUNGER','JANA INES','2024-04-27 20:01:12','2024-04-27 20:01:12'),('47293815','FUENTES','ALMA','2024-04-27 20:01:12','2024-04-27 20:01:12'),('47297733','SALAZAR','EMILIA','2024-04-27 20:01:12','2024-04-27 20:01:12'),('47304107','CAMPOS ALBERA','ÁNGELES','2024-04-27 20:01:12','2024-04-27 20:01:12'),('47305406','ARGUELLO ALVAREZ','NICOLAS ISMAEL','2024-04-27 20:01:12','2024-04-27 20:01:12'),('47320783','ARIAS BRIOLINI','PAULINA','2024-04-27 20:01:12','2024-04-27 20:01:12'),('47352446','FLORES SILETTO','AMY MAIRE','2024-04-27 20:01:12','2024-04-27 20:01:12'),('47352900','VALDEZ','PILAR','2024-04-27 20:01:12','2024-04-27 20:01:12'),('47364868','DIAZ','FLORENCIA VALERIA','2024-04-27 20:01:12','2024-04-27 20:01:12'),('47365513','RODRIGUEZ THEILER','IVO','2024-04-27 20:01:12','2024-04-27 20:01:12'),('47370891','ZEBALLOS DUJANOFF','AQUILES LEONIDAS','2024-04-27 20:01:12','2024-04-27 20:01:12'),('47385599','PANEPUCCI','CONSTANZA','2024-04-27 20:01:12','2024-04-27 20:01:12'),('47404410','VALENZUELA','JUAN MARTIN','2024-04-27 20:01:12','2024-04-27 20:01:12'),('47424761','RODA','JUAN CARLOS','2024-04-27 20:01:12','2024-04-27 20:01:12'),('47459173','SPROCH','ERIKA LUCIANA','2024-04-27 20:01:12','2024-04-27 20:01:12'),('47469192','CALVIMONTES MAMANI','ELVIRA PRISCILA','2024-04-27 20:01:12','2024-04-27 20:01:12'),('47494088','SCHINELLA PERTILE','MARTINA CHIARA','2024-04-27 20:01:12','2024-04-27 20:01:12'),('47567431','BUSTAMANTE','MAXIMO BAUTISTA','2024-04-27 20:01:12','2024-04-27 20:01:12'),('47570651','ROBLES','MILAGROS ABRIL','2024-04-27 20:01:12','2024-04-27 20:01:12'),('47578494','DIAZ','DANIELA YAZMIN','2024-04-27 20:01:12','2024-04-27 20:01:12'),('47583497','QUINTEROS','JOHANA KATYA','2024-04-27 20:01:12','2024-04-27 20:01:12'),('47587210','VILLA','EUGENIA','2024-04-27 20:01:12','2024-04-27 20:01:12'),('47618809','IBAÑEZ','ALDANA AYLÉN','2024-04-27 20:01:12','2024-04-27 20:01:12'),('47626334','OSWALD','DENIS SEBASTIAN','2024-04-27 20:01:12','2024-04-27 20:01:12'),('47632747','SCHIMPF','FLORENCIA AYELEN','2024-04-27 20:01:12','2024-04-27 20:01:12'),('47635726','HEREDIA','SANTIAGO ALEJANDRO','2024-04-27 20:01:12','2024-04-27 20:01:12'),('47653252','GUIDA','CAMILO ALEJANDRO','2024-04-27 20:01:12','2024-04-27 20:01:12'),('47665438','ROJAS','VALENTINA DEL MILAGRO','2024-04-27 20:01:12','2024-04-27 20:01:12'),('47665541','FERREYRA','NICOLAS ALEJANDRO','2024-04-27 20:01:12','2024-04-27 20:01:12'),('47665543','CAVALLER MEDINA','BENJAMIN TOMAS','2024-04-27 20:01:12','2024-04-27 20:01:12'),('47665545','FERREYRA','GUILLERMINA ANAEL','2024-04-27 20:01:12','2024-04-27 20:01:12'),('47665548','ESCALANTE','LOURDES INES','2024-04-27 20:01:12','2024-04-27 20:01:12'),('47665556','CONTRERAS','ALMA JAZMIN','2024-04-27 20:01:12','2024-04-27 20:01:12'),('47665558','MURUA','FRANCISCO JAVIER','2024-04-27 20:01:12','2024-04-27 20:01:12'),('47665560','CUPAIOLO','GIULIANO ANDRE','2024-04-27 20:01:12','2024-04-27 20:01:12'),('47665564','TORRES STAGNARO','JOAQUIN','2024-04-27 20:01:12','2024-04-27 20:01:12'),('47665565','FERREYRA','GUILLERMO','2024-04-27 20:01:12','2024-04-27 20:01:12'),('47665568','VILLCA AREQUIPA','KARINA JOCELIN','2024-04-27 20:01:12','2024-04-27 20:01:12'),('47665577','GIMENEZ','ANGEL AGUSTIN','2024-04-27 20:01:12','2024-04-27 20:01:12'),('47665580','MARTINEZ ROTHENBERGER','FACUNDO SEBASTIÁN','2024-04-27 20:01:12','2024-04-27 20:01:12'),('47665585','MONTES','ALEXANDER HORACIO','2024-04-27 20:01:12','2024-04-27 20:01:12'),('47665588','YAPURA GUZMAN','JORGE IGNACIO','2024-04-27 20:01:12','2024-04-27 20:01:12'),('47665600','PERALTA','JUAN IGNACIO','2024-04-27 20:01:12','2024-04-27 20:01:12'),('47667242','PONCE','DEMIÁN LEONEL','2024-04-27 20:01:12','2024-04-27 20:01:12'),('47670177','MORALES','PRISCILA NICOLE','2024-04-27 20:01:12','2024-04-27 20:01:12'),('47701905','QUINTEROS','TIAGO VALENTIN','2024-04-27 20:01:12','2024-04-27 20:01:12'),('47710649','NASONE','GAETANO','2024-04-27 20:01:12','2024-04-27 20:01:12'),('47727928','MEIRA','YERALDIN ANGELI','2024-04-27 20:01:12','2024-04-27 20:01:12'),('47734199','ARIAS','LUDMILA AYLEN','2024-04-27 20:01:12','2024-04-27 20:01:12'),('47756036','OJEDA','LUCIANO','2024-04-27 20:01:12','2024-04-27 20:01:12'),('47774034','MEDINA','NURIA ABRIL','2024-04-27 20:01:12','2024-04-27 20:01:12'),('47794342','GAUTO','JULIANA','2024-04-27 20:01:12','2024-04-27 20:01:12'),('47802365','CANTEROS','AARON VALENTIN','2024-04-27 20:01:12','2024-04-27 20:01:12'),('47823037','MAX','MAGALI','2024-04-27 20:01:12','2024-04-27 20:01:12'),('47823182','MONTES FREITES','AGUSTIN','2024-04-27 20:01:12','2024-04-27 20:01:12'),('47823196','CARBONELL','NAHUEL','2024-04-27 20:01:12','2024-04-27 20:01:12'),('47824103','LOPEZ','AXEL MAXIMILIANO','2024-04-27 20:01:12','2024-04-27 20:01:12'),('47860147','LEWANDOWSKI','AGUSTIN EMILIANO','2024-04-27 20:01:12','2024-04-27 20:01:12'),('47863708','LAZO','MIA','2024-04-27 20:01:12','2024-04-27 20:01:12'),('47870851','DIAMONTE','MORA','2024-04-27 20:01:12','2024-04-27 20:01:12'),('47890684','LITIVIN','MAYRA DAIANA','2024-04-27 20:01:12','2024-04-27 20:01:12'),('47891707','ASTUDILLO PINTO','MARIA AGOSTINA','2024-04-27 20:01:12','2024-04-27 20:01:12'),('47900897','LOPEZ','MORENA','2024-04-27 20:01:12','2024-04-27 20:01:12'),('47907085','TORANZO','VALENTINA BELÉN','2024-04-27 20:01:12','2024-04-27 20:01:12'),('47910596','MIÑO BALMACEDA','LUDMILA ALEXANDRA','2024-04-27 20:01:12','2024-04-27 20:01:12'),('47964660','CACERES AGUIRRE','CELENA YAZMIN','2024-04-27 20:01:12','2024-04-27 20:01:12'),('47975092','BARBARRUSA','TOMAS PAUL','2024-04-27 20:01:12','2024-04-27 20:01:12'),('47978706','ROSALES','INDIRA MAGDALENA','2024-04-27 20:01:12','2024-04-27 20:01:12'),('47985739','GIMENEZ','ABRIL GIMENA','2024-04-27 20:01:12','2024-04-27 20:01:12'),('47987537','COSTA VIDAURRETA','SERENA MELINA','2024-04-27 20:01:12','2024-04-27 20:01:12'),('47989208','RICARTE','EVER AGUSTIN','2024-04-27 20:01:12','2024-04-27 20:01:12'),('47989209','MURUA','ALMA MILAGROS','2024-04-27 20:01:12','2024-04-27 20:01:12'),('47989211','BOSSIO','DELFINA','2024-04-27 20:01:12','2024-04-27 20:01:12'),('47989216','DOMINGUEZ','ARIEL NICOLAS','2024-04-27 20:01:12','2024-04-27 20:01:12'),('47989219','MORALES PONCE','LARA','2024-04-27 20:01:12','2024-04-27 20:01:12'),('47989224','PEREYRA','LAUTARO NICOLAS','2024-04-27 20:01:12','2024-04-27 20:01:12'),('47989227','MOGICA','SAMIRA MAGALI','2024-04-27 20:01:12','2024-04-27 20:01:12'),('47989230','NORIEGA OLMEDO','AXEL','2024-04-27 20:01:12','2024-04-27 20:01:12'),('47989238','LOPEZ FERREYRA','CANDELA NICOLE','2024-04-27 20:01:12','2024-04-27 20:01:12'),('47989246','MOLINA','THIAGO PABLO','2024-04-27 20:01:12','2024-04-27 20:01:12'),('47989248','DIEDRICH','BORIS','2024-04-27 20:01:12','2024-04-27 20:01:12'),('47989251','ALARCON GUZMAN','CELESTE TIZIANA','2024-04-27 20:01:12','2024-04-27 20:01:12'),('47989253','MAZZOLA','ALMA SOLEDAD','2024-04-27 20:01:12','2024-04-27 20:01:12'),('47989260','MICUCCI','MARTINA','2024-04-27 20:01:12','2024-04-27 20:01:12'),('47989261','ALANIZ','VALENTINA','2024-04-27 20:01:12','2024-04-27 20:01:12'),('47989277','OLMEDO','SOFIA','2024-04-27 20:01:12','2024-04-27 20:01:12'),('47989278','GARAY','IAN LUCA','2024-04-27 20:01:12','2024-04-27 20:01:12'),('47989279','GALAN','NICOLE AGOSTINA','2024-04-27 20:01:12','2024-04-27 20:01:12'),('47989281','CASAS','VERONICA CAROLINA','2024-04-27 20:01:12','2024-04-27 20:01:12'),('47989283','PEREIRA CORVALAN','MARIA PAZ','2024-04-27 20:01:12','2024-04-27 20:01:12'),('47989285','MURUA','JEREMIAS ALEXANDER','2024-04-27 20:01:12','2024-04-27 20:01:12'),('47989287','PERALTA SCHULZ','SOFIA LARA','2024-04-27 20:01:12','2024-04-27 20:01:12'),('47989290','SEYFARTH ZINNA','GABRIEL','2024-04-27 20:01:12','2024-04-27 20:01:12'),('47989294','GUZMAN','MORENA AGOSTINA','2024-04-27 20:01:12','2024-04-27 20:01:12'),('47989298','HEREDIA','FRANCISCO MATIAS','2024-04-27 20:01:12','2024-04-27 20:01:12'),('48038338','MARIN','CANDELA MAIRA','2024-04-27 20:01:12','2024-04-27 20:01:12'),('48040092','NIETO LELEU','BELEN MILAGROS','2024-04-27 20:01:12','2024-04-27 20:01:12'),('48041306','CORONEL','JAZMIN ALMA','2024-04-27 20:01:12','2024-04-27 20:01:12'),('48056268','PIGNATARO','CONSTANZA ALMA','2024-04-27 20:01:12','2024-04-27 20:01:12'),('48074452','MOGICA','ALAN LUIS','2024-04-27 20:01:12','2024-04-27 20:01:12'),('48094946','ITURRI','SIRO GAEL','2024-04-27 20:01:12','2024-04-27 20:01:12'),('48124527','NAPAL','EMILIA ZOE','2024-04-27 20:01:12','2024-04-27 20:01:12'),('48128118','LUCERO','IVANNA ABRIL','2024-04-27 20:01:12','2024-04-27 20:01:12'),('48128120','FERREYRA MARTINEZ','MARIA FLORENCIA','2024-04-27 20:01:12','2024-04-27 20:01:12'),('48130212','PEREYRA','VICTORIA JOSEFINA','2024-04-27 20:01:12','2024-04-27 20:01:12'),('48130230','BÜTTNER','JEREMIAS','2024-04-27 20:01:12','2024-04-27 20:01:12'),('48130234','SOLOAGA PEREZ','ABRIL NAYA','2024-04-27 20:01:12','2024-04-27 20:01:12'),('48130240','MARINELICH','JUAN CRUZ','2024-04-27 20:01:12','2024-04-27 20:01:12'),('48130270','GOMEZ','ALAN EZEQUIEL','2024-04-27 20:01:12','2024-04-27 20:01:12'),('48130296','CABRERA','TIAGO LAUREANO','2024-04-27 20:01:12','2024-04-27 20:01:12'),('48170876','GASTALDO ALFONSO','LAUTARO AUGUSTO','2024-04-27 20:01:12','2024-04-27 20:01:12'),('48173361','SARCUNO','LUCRECIA','2024-04-27 20:01:12','2024-04-27 20:01:12'),('48177631','SARVAZYAN ROMAN','YADIR','2024-04-27 20:01:12','2024-04-27 20:01:12'),('48180657','ESTIGARRIBIA CIERI','EZEQUIEL','2024-04-27 20:01:12','2024-04-27 20:01:12'),('48180791','LIMAS','MIRANDA','2024-04-27 20:01:12','2024-04-27 20:01:12'),('48231675','MONTOYA','SOFIA MAGALI','2024-04-27 20:01:12','2024-04-27 20:01:12'),('48235372','VAZQUEZ GARMASAR','MATILDA','2024-04-27 20:01:12','2024-04-27 20:01:12'),('48240966','PARODI','URSULA ELEONORA','2024-04-27 20:01:12','2024-04-27 20:01:12'),('48245637','MONTAÑA','PATRICIO','2024-04-27 20:01:12','2024-04-27 20:01:12'),('48253150','GIMENEZ','ALEJANDRO LUIS','2024-04-27 20:01:12','2024-04-27 20:01:12'),('48264989','FRANQUELLI','TIZIANO JOSE','2024-04-27 20:01:12','2024-04-27 20:01:12'),('48269974','VIDELA','TOBÍAS AGUSTIN','2024-04-27 20:01:12','2024-04-27 20:01:12'),('48303621','PEREYRA','JOAQUINA','2024-04-27 20:01:12','2024-04-27 20:01:12'),('48326453','ALARGUNZORO','GABINO','2024-04-27 20:01:12','2024-04-27 20:01:12'),('48328240','LOYOLA KIRKOROWICZ','ANTONELA LUDMILA','2024-04-27 20:01:12','2024-04-27 20:01:12'),('48328264','MERLO','MATIAS YUTIEL','2024-04-27 20:01:12','2024-04-27 20:01:12'),('48367455','DESIMONE','MANUEL','2024-04-27 20:01:12','2024-04-27 20:01:12'),('48370926','DIAZ','MARTINA ARIANA','2024-04-27 20:01:12','2024-04-27 20:01:12'),('48387372','PLEIMLING LAVIA','VALENTINA','2024-04-27 20:01:12','2024-04-27 20:01:12'),('48409974','JURI GARAY','AIXA VICTORIA','2024-04-27 20:01:12','2024-04-27 20:01:12'),('48422542','MARTIN','MAITENA','2024-04-27 20:01:12','2024-04-27 20:01:12'),('48433404','CAMPESI','ARIADNA','2024-04-27 20:01:12','2024-04-27 20:01:12'),('48453428','TUCHOLKE','IGNACIO DAVID','2024-04-27 20:01:12','2024-04-27 20:01:12'),('48456975','LOZA','TOBIAS ALEJO','2024-04-27 20:01:12','2024-04-27 20:01:12'),('48492866','MARTICH','AMBAR','2024-04-27 20:01:12','2024-04-27 20:01:12'),('48496669','FERNANDEZ','FELIPE','2024-04-27 20:01:12','2024-04-27 20:01:12'),('48522912','MARTIN','IÑAKI','2024-04-27 20:01:12','2024-04-27 20:01:12'),('48533838','CHIAPPO RUPIL','TOMAS','2024-04-27 20:01:12','2024-04-27 20:01:12'),('48533899','ALVARRACIN','JULIA','2024-04-27 20:01:12','2024-04-27 20:01:12'),('48537999','LOPEZ','BENJAMIN','2024-04-27 20:01:12','2024-04-27 20:01:12'),('48538101','BIANCHINI MIRANDA','TAYRA','2024-04-27 20:01:12','2024-04-27 20:01:12'),('48538109','GRASSO','ALVARO JONAS','2024-04-27 20:01:12','2024-04-27 20:01:12'),('48538110','TOLMER','JOAQUIN ANTONIO','2024-04-27 20:01:12','2024-04-27 20:01:12'),('48538123','FREYTES','AGUSTIN EZEQUIEL','2024-04-27 20:01:12','2024-04-27 20:01:12'),('48538128','FREYTES MAUL','AINHOA ARIADNA','2024-04-27 20:01:12','2024-04-27 20:01:12'),('48538134','BARRIENTOS','JULIETA','2024-04-27 20:01:12','2024-04-27 20:01:12'),('48538136','GIMENEZ','BRENDA MAGALI','2024-04-27 20:01:12','2024-04-27 20:01:12'),('48538137','LENCINA','VICTORIA','2024-04-27 20:01:12','2024-04-27 20:01:12'),('48538143','SEIBERT','ALEX','2024-04-27 20:01:12','2024-04-27 20:01:12'),('48538145','FERNANDEZ','YAZMIN','2024-04-27 20:01:12','2024-04-27 20:01:12'),('48538150','BENITEZ JUNCOS','MAXIMO TOMAS','2024-04-27 20:01:12','2024-04-27 20:01:12'),('48538499','FUNES GALLARDO','BARTOLO BRAULIO','2024-04-27 20:01:12','2024-04-27 20:01:12'),('48539261','RUIZ','SARA GUADALUPE','2024-04-27 20:01:12','2024-04-27 20:01:12'),('48545342','VAZQUEZ','SOFIA MILAGROS','2024-04-27 20:01:12','2024-04-27 20:01:12'),('48592905','NUÑEZ','LUDMILA SHAIEL','2024-04-27 20:01:12','2024-04-27 20:01:12'),('48600258','FODDE','BENJAMIN TOMAS','2024-04-27 20:01:12','2024-04-27 20:01:12'),('48601540','CERUSO ALMEIDA','GUIDO','2024-04-27 20:01:12','2024-04-27 20:01:12'),('48607958','ZOTELO GIORDANO','ALFREDO HUGO','2024-04-27 20:01:12','2024-04-27 20:01:12'),('48653201','CABALLERO','SOL GUADALUPE','2024-04-27 20:01:12','2024-04-27 20:01:12'),('48671848','DIAZ','TOMAS SEBASTIAN','2024-04-27 20:01:12','2024-04-27 20:01:12'),('48683376','REALES','VALENTIN','2024-04-27 20:01:12','2024-04-27 20:01:12'),('48719612','OCHOA','LUDMILA ANTONELA','2024-04-27 20:01:12','2024-04-27 20:01:12'),('48719981','MERLO RICARTE','IGNACIO AARON','2024-04-27 20:01:12','2024-04-27 20:01:12'),('48723222','FARRIOL CUEVAS','LUA','2024-04-27 20:01:12','2024-04-27 20:01:12'),('48754192','ARROYOS','MORENA MILAGROS','2024-04-27 20:01:12','2024-04-27 20:01:12'),('48754197','ESCALANTE','ROCIO GUADALUPE','2024-04-27 20:01:12','2024-04-27 20:01:12'),('48755103','RASCHINI','SELENA','2024-04-27 20:01:12','2024-04-27 20:01:12'),('48755104','AGÜERO','GIANNA BAHIA','2024-04-27 20:01:12','2024-04-27 20:01:12'),('48755109','NIETO','THIAGO ISMAEL','2024-04-27 20:01:12','2024-04-27 20:01:12'),('48755111','LUJAN','LUCIANA BELEN','2024-04-27 20:01:12','2024-04-27 20:01:12'),('48755112','LUJAN','VALENTINA SOL','2024-04-27 20:01:12','2024-04-27 20:01:12'),('48755113','BUSTAMANTE','MORA CAMILA','2024-04-27 20:01:12','2024-04-27 20:01:12'),('48755114','ZIMMERMANN','UMA','2024-04-27 20:01:12','2024-04-27 20:01:12'),('48755117','ICOFF','THIAGO DAMIAN MIJAIL','2024-04-27 20:01:12','2024-04-27 20:01:12'),('48755654','SZYLLER MEDINA','AMBAR','2024-04-27 20:01:12','2024-04-27 20:01:12'),('48755657','JUNCOS','LUCAS TADEO','2024-04-27 20:01:12','2024-04-27 20:01:12'),('48755665','FERREYRA','SORAYA','2024-04-27 20:01:12','2024-04-27 20:01:12'),('48755672','VILLANUEVA GUZMAN','ALEJO ROMAN','2024-04-27 20:01:12','2024-04-27 20:01:12'),('48755683','FERNANDEZ BELTRAN','ALAN JOEL','2024-04-27 20:01:12','2024-04-27 20:01:12'),('48755687','RIESENBERG','DYLAN','2024-04-27 20:01:12','2024-04-27 20:01:12'),('48755690','PEDERNERA','AYLEN AGOSTINA','2024-04-27 20:01:12','2024-04-27 20:01:12'),('48755691','ACOSTA OLMEDO','BRUNELLA ZOE','2024-04-27 20:01:12','2024-04-27 20:01:12'),('48755699','EVANGELISTA','JULIETA','2024-04-27 20:01:12','2024-04-27 20:01:12'),('48814891','PEREYRA','TAMARA LUDMILA','2024-04-27 20:01:12','2024-04-27 20:01:12'),('48815453','ALVELO','ALEJANDRA SOLEDAD','2024-04-27 20:01:12','2024-04-27 20:01:12'),('48816203','PREININGER','GIL FRANCESCA','2024-04-27 20:01:12','2024-04-27 20:01:12'),('48816206','MORENO','THIAGO JOAQUIN','2024-04-27 20:01:12','2024-04-27 20:01:12'),('48816208','APARICIO','KIARA MAGALI','2024-04-27 20:01:12','2024-04-27 20:01:12'),('48816210','ACOSTA','LUCA JOAQUIN','2024-04-27 20:01:12','2024-04-27 20:01:12'),('48816219','VILLAGGI WEDAHL','MAXIMO GABRIEL','2024-04-27 20:01:12','2024-04-27 20:01:12'),('48816220','MENENDEZ','AGUSTIN LEONEL','2024-04-27 20:01:12','2024-04-27 20:01:12'),('48816232','MARTINEZ','CATALINA MILAGROS','2024-04-27 20:01:12','2024-04-27 20:01:12'),('48816237','MONCADA','LUDMILA DESIREE','2024-04-27 20:01:12','2024-04-27 20:01:12'),('48816239','BIDELA','CARLA ANABEL','2024-04-27 20:01:12','2024-04-27 20:01:12'),('48816281','MORENO','AXEL YAMIL','2024-04-27 20:01:12','2024-04-27 20:01:12'),('48816285','TEJEDOR','BRUNO DEMIAN','2024-04-27 20:01:12','2024-04-27 20:01:12'),('48816287','ROSADO','MILAGROS NAHIR','2024-04-27 20:01:12','2024-04-27 20:01:12'),('48816298','MERLO','MORENA GUADALUPE','2024-04-27 20:01:12','2024-04-27 20:01:12'),('48868447','BEN RAMPI','GIULIANA MARTINA','2024-04-27 20:01:12','2024-04-27 20:01:12'),('48902163','SALGADO','MARTINA NAHIARA','2024-04-27 20:01:12','2024-04-27 20:01:12'),('48902169','OLMEDO','MILAGROS','2024-04-27 20:01:12','2024-04-27 20:01:12'),('48903897','DEL - FOR CONTRERAS','ANTONELLA','2024-04-27 20:01:12','2024-04-27 20:01:12'),('48905277','PASQUETTI','ALAN BENJAMÍN','2024-04-27 20:01:12','2024-04-27 20:01:12'),('48951420','GONZALEZ','YESICA PAOLA','2024-04-27 20:01:12','2024-04-27 20:01:12'),('48952605','RODAS','RONAL ELIAS','2024-04-27 20:01:12','2024-04-27 20:01:12'),('48997199','BARBEITOS','NEHUEN ARIEL','2024-04-27 20:01:12','2024-04-27 20:01:12'),('49009248','SCHINELLA PERTILE','MICAELA','2024-04-27 20:01:12','2024-04-27 20:01:12'),('49037514','HERNANDEZ','MARTIN URIEL','2024-04-27 20:01:12','2024-04-27 20:01:12'),('49079922','GENARI','JOAQUIN ALFREDO','2024-04-27 20:01:12','2024-04-27 20:01:12'),('49087762','CANTEROS','OSCAR','2024-04-27 20:01:12','2024-04-27 20:01:12'),('49112591','MARTIN','SEBASTIAN ARIEL','2024-04-27 20:01:12','2024-04-27 20:01:12'),('49128349','PONCE','GUADALUPE ROCÍO','2024-04-27 20:01:12','2024-04-27 20:01:12'),('49144687','BAEZ','VALENTINO MARTIN','2024-04-27 20:01:12','2024-04-27 20:01:12'),('49166987','CUBICINO','CIRO NAHUEL','2024-04-27 20:01:12','2024-04-27 20:01:12'),('49169794','AMICO','JUAN IGNACIO','2024-04-27 20:01:12','2024-04-27 20:01:12'),('49221556','BUSTO LOPEZ','ZOE MARGARITA','2024-04-27 20:01:12','2024-04-27 20:01:12'),('49241916','PANEPUCCI','VALENTINO ROCCO','2024-04-27 20:01:12','2024-04-27 20:01:12'),('49290959','BARBOZA','JEREMIAS JOSE','2024-04-27 20:01:12','2024-04-27 20:01:12'),('49307436','NEGROTTO','JAZMIN','2024-04-27 20:01:12','2024-04-27 20:01:12'),('49318740','FURFARO','THIAGO GABRIEL','2024-04-27 20:01:12','2024-04-27 20:01:12'),('49319118','ROBLES GONTEK','BRYANNA','2024-04-27 20:01:12','2024-04-27 20:01:12'),('49323605','PEREZ GARAY','EMILIA AGUSTINA','2024-04-27 20:01:12','2024-04-27 20:01:12'),('49323608','SARGIOTTI','ERNESTINA','2024-04-27 20:01:12','2024-04-27 20:01:12'),('49323628','RUIZ GIMENEZ','JOAQUIN BENJAMIN','2024-04-27 20:01:12','2024-04-27 20:01:12'),('49324876','GUAIMAN VERA','ESTEBAN SANTINO','2024-04-27 20:01:12','2024-04-27 20:01:12'),('49371025','MARTEL MACEIRA','CATALINA','2024-04-27 20:01:12','2024-04-27 20:01:12'),('49384524','MEDINA','SANTIAGO SHAMEL','2024-04-27 20:01:12','2024-04-27 20:01:12'),('49404202','FERNANDEZ','HELIANA BELEN','2024-04-27 20:01:12','2024-04-27 20:01:12'),('49415440','CASERTA','ELIAS JOSÉ','2024-04-27 20:01:12','2024-04-27 20:01:12'),('49435614','ARLANDINI DUARTE','TAIANA CELESTE','2024-04-27 20:01:12','2024-04-27 20:01:12'),('49455809','OLMEDO PEREYRA','MELISA ANTONELA','2024-04-27 20:01:12','2024-04-27 20:01:12'),('49455812','ACUÑA REARTES','JONATHAN BENJAMIN','2024-04-27 20:01:12','2024-04-27 20:01:12'),('49455815','SCHERZER','AMBAR EMILIA','2024-04-27 20:01:12','2024-04-27 20:01:12'),('49455826','VALLEJOS ZAMORA','JAZMIN AGUSTINA','2024-04-27 20:01:12','2024-04-27 20:01:12'),('49455830','OLMEDO','JAZMIN ALEJANDRA','2024-04-27 20:01:12','2024-04-27 20:01:12'),('49455834','GONZALEZ PALACIO','ROSARIO MILENA','2024-04-27 20:01:12','2024-04-27 20:01:12'),('49455836','DIEDRICH','AGUSTIN','2024-04-27 20:01:12','2024-04-27 20:01:12'),('49455838','VILLCA','MACARENA NICOLLE','2024-04-27 20:01:12','2024-04-27 20:01:12'),('49455839','SANCHEZ','KARINA NATALIA','2024-04-27 20:01:12','2024-04-27 20:01:12'),('49455842','NORIEGA','ELIAN SAMUEL','2024-04-27 20:01:12','2024-04-27 20:01:12'),('49455843','YAPURA REKOFSKY','BENJAMIN','2024-04-27 20:01:12','2024-04-27 20:01:12'),('49455855','TORANZO PEÑALOZA','CATALINA','2024-04-27 20:01:12','2024-04-27 20:01:12'),('49455858','PALACIOS','PAULINA JAZMIN','2024-04-27 20:01:12','2024-04-27 20:01:12'),('49455863','DUCLO JAIME','BENJAMIN IVAN','2024-04-27 20:01:12','2024-04-27 20:01:12'),('49455865','GALLARDO ROMERO','CATERINA','2024-04-27 20:01:12','2024-04-27 20:01:12'),('49455866','CZAUDERNA','ZOE','2024-04-27 20:01:12','2024-04-27 20:01:12'),('49455877','QUINTEROS','LUNA DELFINA','2024-04-27 20:01:12','2024-04-27 20:01:12'),('49455878','RODRIGUEZ ALOMO','VICTORIA ANABEL','2024-04-27 20:01:12','2024-04-27 20:01:12'),('49455883','MARTI','THIAGO NICOLAS','2024-04-27 20:01:12','2024-04-27 20:01:12'),('49455889','MOYA','VALENTIN ENRIQUE','2024-04-27 20:01:12','2024-04-27 20:01:12'),('49455890','SCHUBERT GUZMAN','JUAN GÜNTER','2024-04-27 20:01:12','2024-04-27 20:01:12'),('49455899','RUIZ OZAN','LUDMILA MILAGROS','2024-04-27 20:01:12','2024-04-27 20:01:12'),('49457520','WALTER','AGUSTIN','2024-04-27 20:01:12','2024-04-27 20:01:12'),('49458710','LUJAN','VALENTIN ALEJANDRO','2024-04-27 20:01:12','2024-04-27 20:01:12'),('49459557','VERA','TATIANA ANTONELLA','2024-04-27 20:01:12','2024-04-27 20:01:12'),('49460716','GILLETA','TIZIANA','2024-04-27 20:01:12','2024-04-27 20:01:12'),('49487135','ENCINA','VALENTINO','2024-04-27 20:01:12','2024-04-27 20:01:12'),('49496964','ESTEVES CUELLAR','YOEL FRANKLIN','2024-04-27 20:01:12','2024-04-27 20:01:12'),('49497126','TOCONAS DIAZ','ARIEL','2024-04-27 20:01:12','2024-04-27 20:01:12'),('49502266','ALTAMIRANO MERLO','SILENE ABIGAIL','2024-04-27 20:01:12','2024-04-27 20:01:12'),('49550097','BAUTISTA CONDORI','RODRIGO THIAGO','2024-04-27 20:01:12','2024-04-27 20:01:12'),('49559295','CORIA','TOMÁS AGUSTÍN','2024-04-27 20:01:12','2024-04-27 20:01:12'),('49585033','VALDEZ','JAZMÍN','2024-04-27 20:01:12','2024-04-27 20:01:12'),('49607735','SAYAGO','KIANA YAMEL','2024-04-27 20:01:12','2024-04-27 20:01:12'),('49647778','FRIEDL SAMMARTINO','LUCIA','2024-04-27 20:01:12','2024-04-27 20:01:12'),('49661848','RODAS SILVERO','HECTOR JULIAN','2024-04-27 20:01:12','2024-04-27 20:01:12'),('49697620','AVACA HERRERA','JUAN MANUEL','2024-04-27 20:01:12','2024-04-27 20:01:12'),('49716541','ALARCÓN GUZMÁN','GASTÓN MARTINIANO','2024-04-27 20:01:12','2024-04-27 20:01:12'),('49716907','TORRES MOLINA','ALMA AGUSTINA','2024-04-27 20:01:12','2024-04-27 20:01:12'),('49716911','FREYTES','YAMILA ANTONELLA','2024-04-27 20:01:12','2024-04-27 20:01:12'),('49716919','RODRIGUEZ CESPEDES','SANTIAGO AGUSTIN','2024-04-27 20:01:12','2024-04-27 20:01:12'),('49716938','CAPELIN LIVIERO','TAO','2024-04-27 20:01:12','2024-04-27 20:01:12'),('49716950','OVIEDO CORTEZ','MALENA QUIMEY','2024-04-27 20:01:12','2024-04-27 20:01:12'),('49716956','BUSTOS','ANTHONY SEBASTIAN','2024-04-27 20:01:12','2024-04-27 20:01:12'),('49716962','ALIVE','JUAN CRUZ','2024-04-27 20:01:12','2024-04-27 20:01:12'),('49716965','ORELLANA GONZALEZ','JOAQUIN LAUTARO','2024-04-27 20:01:12','2024-04-27 20:01:12'),('49716967','GONZALEZ ANRIQUE','LEON EZEQUIEL','2024-04-27 20:01:12','2024-04-27 20:01:12'),('49716969','VILLARREAL','VALENTIN ALEXIS','2024-04-27 20:01:12','2024-04-27 20:01:12'),('49716973','PATIÑO','SANTINO NAHUEL','2024-04-27 20:01:12','2024-04-27 20:01:12'),('49716975','NUTTING RODRIGUEZ','JAZMIN','2024-04-27 20:01:12','2024-04-27 20:01:12'),('49716976','MARTINEZ SOTO','SEILA','2024-04-27 20:01:12','2024-04-27 20:01:12'),('49716981','FINKE','INGRID KATHERINE','2024-04-27 20:01:12','2024-04-27 20:01:12'),('49716986','FERREYRA','CATALINA','2024-04-27 20:01:12','2024-04-27 20:01:12'),('49716991','MENENDEZ','THIAGO DYLAN','2024-04-27 20:01:12','2024-04-27 20:01:12'),('49716994','BAIGORRIA','ROGER SAMUEL','2024-04-27 20:01:12','2024-04-27 20:01:12'),('49716997','MEDRANO','KEVIN','2024-04-27 20:01:12','2024-04-27 20:01:12'),('49718562','CENTAMORI','THIAGO ALEXIS','2024-04-27 20:01:12','2024-04-27 20:01:12'),('49719273','AMESA','CARLOS EZEQUIEL','2024-04-27 20:01:12','2024-04-27 20:01:12'),('49720155','ALMEIDA RESTELLI','MALENA','2024-04-27 20:01:12','2024-04-27 20:01:12'),('49757645','MAUBECIN','JOAQUIN','2024-04-27 20:01:12','2024-04-27 20:01:12'),('49766137','GARCIA RODRIGUEZ','TIZIANO URIEL','2024-04-27 20:01:12','2024-04-27 20:01:12'),('49766150','OTERO','BAUTISTA','2024-04-27 20:01:12','2024-04-27 20:01:12'),('49766174','RUIZ','KIARA NAIARA','2024-04-27 20:01:12','2024-04-27 20:01:12'),('49766435','LITIVIN','MILAGROS AYELEN','2024-04-27 20:01:12','2024-04-27 20:01:12'),('49766453','MARTINEZ','MICAELA GUADALUPE','2024-04-27 20:01:12','2024-04-27 20:01:12'),('49768034','MACHADO','SANTINO VALENTIN','2024-04-27 20:01:12','2024-04-27 20:01:12'),('49768712','BERISSO SEQUEIRA','SANTIAGO EMANUEL','2024-04-27 20:01:12','2024-04-27 20:01:12'),('49768719','MERLO','MILENA MAGALI','2024-04-27 20:01:12','2024-04-27 20:01:12'),('49837116','CORDOBA','CAMILA GERALDINE','2024-04-27 20:01:12','2024-04-27 20:01:12'),('49863425','GIL','MORENA GUADALUPE','2024-04-27 20:01:12','2024-04-27 20:01:12'),('49866762','PAEZ','GERONIMO','2024-04-27 20:01:12','2024-04-27 20:01:12'),('49952087','CELAYA','FRANCISCO','2024-04-27 20:01:12','2024-04-27 20:01:12'),('49952088','CELAYA','AUGUSTO','2024-04-27 20:01:12','2024-04-27 20:01:12'),('49963883','ACEVEDO PEREZ','TOBIAS URIEL','2024-04-27 20:01:12','2024-04-27 20:01:12'),('49964540','QUEVEDO','MATIAS GASTON','2024-04-27 20:01:12','2024-04-27 20:01:12'),('49993784','VAZQUEZ','JULIAN EZEQUIEL','2024-04-27 20:01:12','2024-04-27 20:01:12'),('49996879','AVILA','MAXIMO GERMAN','2024-04-27 20:01:12','2024-04-27 20:01:12'),('49997085','VENICA MARIANO','BENJAMIN','2024-04-27 20:01:12','2024-04-27 20:01:12'),('50033122','ANTIVERO SALGADO','ALMENDRA VICTORIA','2024-04-27 20:01:12','2024-04-27 20:01:12'),('50033525','PASQUETTI','MILAGROS VALENTINA','2024-04-27 20:01:12','2024-04-27 20:01:12'),('50081310','BECKMANN GUTIERREZ','THIAGO JOEL','2024-04-27 20:01:12','2024-04-27 20:01:12'),('50091901','TOLMER','IAN FACUNDO','2024-04-27 20:01:12','2024-04-27 20:01:12'),('50091909','CENTENO AGUILAR','THIAGO RODRIGO','2024-04-27 20:01:12','2024-04-27 20:01:12'),('50091918','VILLA','JULIA BERENICE MILAGROS','2024-04-27 20:01:12','2024-04-27 20:01:12'),('50091928','OVIEDO LINDON','PRISCILA AYELEN','2024-04-27 20:01:12','2024-04-27 20:01:12'),('50091934','NORIEGA','MAIA BRUNELLA','2024-04-27 20:01:12','2024-04-27 20:01:12'),('50091952','RODRIGUEZ','CONRADO','2024-04-27 20:01:12','2024-04-27 20:01:12'),('50091954','TORRES FIGUERA','FERMIN','2024-04-27 20:01:12','2024-04-27 20:01:12'),('50091959','PERALTA SCHULZ','MATEO','2024-04-27 20:01:12','2024-04-27 20:01:12'),('50091961','ROJAS','INGRID GIMENA','2024-04-27 20:01:12','2024-04-27 20:01:12'),('50091965','FERREYRA','BENJAMIN','2024-04-27 20:01:12','2024-04-27 20:01:12'),('50091978','RIVERO','THIAGO NATAN','2024-04-27 20:01:12','2024-04-27 20:01:12'),('50091990','MERLO','ISAIAS SANTINO','2024-04-27 20:01:12','2024-04-27 20:01:12'),('50091994','DANILUQUI','DELFINA FRANCESCA','2024-04-27 20:01:12','2024-04-27 20:01:12'),('50091995','PEREYRA','THIAGO BENJAMIN','2024-04-27 20:01:12','2024-04-27 20:01:12'),('50091999','MARTINEZ','MATTEO','2024-04-27 20:01:12','2024-04-27 20:01:12'),('50092000','MARTINEZ','LAUTARO','2024-04-27 20:01:12','2024-04-27 20:01:12'),('50106695','ARDILES','FRIDA BRUNELLA','2024-04-27 20:01:12','2024-04-27 20:01:12'),('50140675','WILSON','MAIA VALENTINA','2024-04-27 20:01:12','2024-04-27 20:01:12'),('50179395','VILCHEZ','VALENTINO ADRIAN','2024-04-27 20:01:12','2024-04-27 20:01:12'),('50179725','ARREGUI FERREYRA','MIA JULIETA AGOSTINA','2024-04-27 20:01:12','2024-04-27 20:01:12'),('50179729','PONCE','LAZARO','2024-04-27 20:01:12','2024-04-27 20:01:12'),('50202903','ROMERO','MANUEL','2024-04-27 20:01:12','2024-04-27 20:01:12'),('50239513','GILI','HAZIEL','2024-04-27 20:01:12','2024-04-27 20:01:12'),('50260791','ZALAZAR','MARIA ALEJANDRA','2024-04-27 20:01:12','2024-04-27 20:01:12'),('50261997','DELFINI','THIAGO','2024-04-27 20:01:12','2024-04-27 20:01:12'),('50262337','BERTERAME','EVA NICOLE','2024-04-27 20:01:12','2024-04-27 20:01:12'),('50322133','MORENO','BENJAMIN TAHIEL','2024-04-27 20:01:12','2024-04-27 20:01:12'),('50328975','NASONE','DORIAN','2024-04-27 20:01:12','2024-04-27 20:01:12'),('50334173','POLI','MAXIMO','2024-04-27 20:01:12','2024-04-27 20:01:12'),('50344504','VERA','JASMIN','2024-04-27 20:01:12','2024-04-27 20:01:12'),('50413171','PONCE','SARA MALENA','2024-04-27 20:01:12','2024-04-27 20:01:12'),('50418792','GAETA','GIANNI VINCENZO','2024-04-27 20:01:12','2024-04-27 20:01:12'),('50425096','DE NICOLAI','AITANA','2024-04-27 20:01:12','2024-04-27 20:01:12'),('50430108','LEYES','ANTONELLA ESMERALDA','2024-04-27 20:01:12','2024-04-27 20:01:12'),('50437771','PALERMO','KIARA JAZMIN','2024-04-27 20:01:12','2024-04-27 20:01:12'),('50452991','PALACIOS','TIZIANA INES','2024-04-27 20:01:12','2024-04-27 20:01:12'),('50469374','MONJE','ALMA ABRIL','2024-04-27 20:01:12','2024-04-27 20:01:12'),('50495402','WALAS SEQUI','LARA','2024-04-27 20:01:12','2024-04-27 20:01:12'),('50505056','RIOS','JONAS MIGUEL','2024-04-27 20:01:12','2024-04-27 20:01:12'),('50506058','FERRERO CORTEZ','LARA','2024-04-27 20:01:12','2024-04-27 20:01:12'),('50523334','TIRABOSQUI LUNA','LAUTARO EZEQUIEL','2024-04-27 20:01:12','2024-04-27 20:01:12'),('50523340','CALZON LUNA','FLORENCIA AITANA','2024-04-27 20:01:12','2024-04-27 20:01:12'),('50531697','NAVARRO','TOBIAS JOEL','2024-04-27 20:01:12','2024-04-27 20:01:12'),('50553951','PEDROZO','LUCAS AGUSTIN','2024-04-27 20:01:12','2024-04-27 20:01:12'),('50585932','GOMEZ HERMANN','LUANA CRISTAL','2024-04-27 20:01:12','2024-04-27 20:01:12'),('50586567','SUAREZ ARGUELLO','MAXIMO','2024-04-27 20:01:12','2024-04-27 20:01:12'),('50590188','NAVAZO','LISANDRO','2024-04-27 20:01:12','2024-04-27 20:01:12'),('50598225','GOMEZ','ZOE JAZMIN','2024-04-27 20:01:12','2024-04-27 20:01:12'),('50603335','CARRASCO OSSANA','FRANCISCO','2024-04-27 20:01:12','2024-04-27 20:01:12'),('50603538','SAUCE','VICTORIA','2024-04-27 20:01:12','2024-04-27 20:01:12'),('50632303','OLMEDO PABLOFF','ALVARO','2024-04-27 20:01:12','2024-04-27 20:01:12'),('50632411','CARRANZA','JONATHAN JOAQUIN','2024-04-27 20:01:12','2024-04-27 20:01:12'),('50632448','MELGAREJO','MICAELA CELESTE','2024-04-27 20:01:12','2024-04-27 20:01:12'),('50634606','RIVARA BENAVIDEZ','ALMA AGOSTINA','2024-04-27 20:01:12','2024-04-27 20:01:12'),('50634607','TEJEDOR','SANTINO JOAQUIN','2024-04-27 20:01:12','2024-04-27 20:01:12'),('50634612','HOLOSBAK ZAPATA','SANTINO','2024-04-27 20:01:12','2024-04-27 20:01:12'),('50634614','MARTINEZ','SERENA DANIELA','2024-04-27 20:01:12','2024-04-27 20:01:12'),('50634621','REYNOSO CONTRERAS','KATIA SOFIA','2024-04-27 20:01:12','2024-04-27 20:01:12'),('50634624','CUPAIOLO FRIEDL','BAUTISTA','2024-04-27 20:01:12','2024-04-27 20:01:12'),('50634626','CORIA TERRY','LAUTARO ELIEZER','2024-04-27 20:01:12','2024-04-27 20:01:12'),('50634630','BOSSIO','LUCA','2024-04-27 20:01:12','2024-04-27 20:01:12'),('50634632','CEBALLOS CEBALLOS','MARIA LOURDES','2024-04-27 20:01:12','2024-04-27 20:01:12'),('50634634','HUBELI','MAXIMO','2024-04-27 20:01:12','2024-04-27 20:01:12'),('50634642','GARAY','JULIETA NAHIARA','2024-04-27 20:01:12','2024-04-27 20:01:12'),('50634643','MÜLLER','EMILIA DELFINA','2024-04-27 20:01:12','2024-04-27 20:01:12'),('50634644','NILO','VALENTINA','2024-04-27 20:01:12','2024-04-27 20:01:12'),('50634653','PEREZ','SEGUNDO BENJAMIN','2024-04-27 20:01:12','2024-04-27 20:01:12'),('50634655','VALENZUELA','AGOSTINA NICOLLE','2024-04-27 20:01:12','2024-04-27 20:01:12'),('50634670','RODRIGUEZ ALOMO','LOURDES GUILLERMINA','2024-04-27 20:01:12','2024-04-27 20:01:12'),('50634679','CEBALLOS','EMMA JAZMIN','2024-04-27 20:01:12','2024-04-27 20:01:12'),('50634682','GAMERO','BAUTISTA','2024-04-27 20:01:12','2024-04-27 20:01:12'),('50634699','MOLINA FERREYRA','SANTINO JOAQUIN','2024-04-27 20:01:12','2024-04-27 20:01:12'),('50634816','BUSTOS','MARTINA ELUNEY','2024-04-27 20:01:12','2024-04-27 20:01:12'),('50634841','MERLO','SOLEDAD','2024-04-27 20:01:12','2024-04-27 20:01:12'),('50683284','FLEITAS','RAMONA YOSELI','2024-04-27 20:01:12','2024-04-27 20:01:12'),('50698667','BAZAN GASAN','ALEXANDER ELIEZER','2024-04-27 20:01:12','2024-04-27 20:01:12'),('50699993','RIOS','AYLEN MAGALI','2024-04-27 20:01:12','2024-04-27 20:01:12'),('50739288','CUBICINO','AYLEN TIZIANA','2024-04-27 20:01:12','2024-04-27 20:01:12'),('50741969','SANCHEZ','SAMIR EITAN','2024-04-27 20:01:12','2024-04-27 20:01:12'),('50742204','SALTO CABRERA','THIAGO VALENTINO','2024-04-27 20:01:12','2024-04-27 20:01:12'),('50742220','MARTINEZ ONORATTO','JAZMIN JULIETA','2024-04-27 20:01:12','2024-04-27 20:01:12'),('50755633','MILESI','THIAGO DAVID','2024-04-27 20:01:12','2024-04-27 20:01:12'),('50766220','VIZZO','THIAGO','2024-04-27 20:01:12','2024-04-27 20:01:12'),('50775519','BAEZ CALDERON','MIA GERALDINE','2024-04-27 20:01:12','2024-04-27 20:01:12'),('50830132','CACERES','DAVID JOAQUIN','2024-04-27 20:01:12','2024-04-27 20:01:12'),('50835807','MAIDANA MICHELL','JULIA CELESTE','2024-04-27 20:01:12','2024-04-27 20:01:12'),('50836436','CHARRAS','LAUTARO GABRIEL','2024-04-27 20:01:12','2024-04-27 20:01:12'),('50842190','VIAÑO','ZOE MARTINA','2024-04-27 20:01:12','2024-04-27 20:01:12'),('50903394','ESPINOSA','JUANA CAROLA','2024-04-27 20:01:12','2024-04-27 20:01:12'),('50931260','CEBALLOS AYALA','BIANCA JAZMIN','2024-04-27 20:01:12','2024-04-27 20:01:12'),('50931274','DURAN COLNAGO','MALENA ISABEL','2024-04-27 20:01:12','2024-04-27 20:01:12'),('50931316','DEL FOR','ELUNEY','2024-04-27 20:01:12','2024-04-27 20:01:12'),('50931317','GARCIA','ALMA LUCIA','2024-04-27 20:01:12','2024-04-27 20:01:12'),('50971126','GOMEZ','BAUTISTA VALENTIN','2024-04-27 20:01:12','2024-04-27 20:01:12'),('50971147','DE SIMONE','BIANCA','2024-04-27 20:01:12','2024-04-27 20:01:12'),('51010161','IGLESIAS DELGADO','LOLA DEL ROSARIO','2024-04-27 20:01:12','2024-04-27 20:01:12'),('51013768','DIAZ NAVA','LUNA','2024-04-27 20:01:12','2024-04-27 20:01:12'),('51026008','MONTOYA SCHONFELD','AGUSTIN','2024-04-27 20:01:12','2024-04-27 20:01:12'),('51033867','BECKMANN GUTIERREZ','AXEL BENJAMIN','2024-04-27 20:01:12','2024-04-27 20:01:12'),('51033873','VARELA','SANTIAGO DAVID','2024-04-27 20:01:12','2024-04-27 20:01:12'),('51033875','PREININGER OLMEDO','MALENA DENISE','2024-04-27 20:01:12','2024-04-27 20:01:12'),('51035817','GIRA BAIGORRIA','MICHAEL ROBERTO BENJAMIN','2024-04-27 20:01:12','2024-04-27 20:01:12'),('51125037','SANJURJO SGUERZO','JUAN CRUZ','2024-04-27 20:01:12','2024-04-27 20:01:12'),('51221918','REGGIANI','MARCOS NEHUEN','2024-04-27 20:01:12','2024-04-27 20:01:12'),('51297338','GILI','LEONEL','2024-04-27 20:01:12','2024-04-27 20:01:12'),('52096969','DOMINGUEZ CARRILLO','ELIAN','2024-04-27 20:01:12','2024-04-27 20:01:12'),('53420253','MARQUEZ','MAXIMILIANO DANIEL','2024-04-27 20:01:12','2024-04-27 20:01:12'),('54947293','DEL VALLE','FATIMA ISABEL','2024-04-27 20:01:12','2024-04-27 20:01:12'),('6509219','LEIVA LOPEZ','TATIANA YANET','2024-04-27 20:01:12','2024-04-27 20:01:12'),('94410697','GARMASAR VAZQUEZ','MAXIMO','2024-04-27 20:01:12','2024-04-27 20:01:12'),('94707469','DIAZ NAVA','ANA LIZBETH','2024-04-27 20:01:12','2024-04-27 20:01:12'),('94809271','RODRIGUEZ ROMERO','SOFIA BELEN','2024-04-27 20:01:12','2024-04-27 20:01:12'),('94818244','SOSA','INES ALICIA','2024-04-27 20:01:12','2024-04-27 20:01:12'),('95048224','CALLO CRUZ','RICHARD','2024-04-27 20:01:12','2024-04-27 20:01:12'),('95061101','MONGES AREVALOS','FLORA ARACELI','2024-04-27 20:01:12','2024-04-27 20:01:12'),('95255017','GUERRERO PEREIRA','JHONATAN','2024-04-27 20:01:12','2024-04-27 20:01:12'),('95308963','CAMACHO SALAZAR','NELDY','2024-04-27 20:01:12','2024-04-27 20:01:12'),('95308967','CAMACHO SALAZAR','AILEENS','2024-04-27 20:01:12','2024-04-27 20:01:12'),('95525571','BERTOLLINI SOSA','WENDY STEPHANIE','2024-04-27 20:01:12','2024-04-27 20:01:12'),('95843395','DE LUCA PORTO','DIEGO ALESSANDRO','2024-04-27 20:01:12','2024-04-27 20:01:12'),('AAF72819','MOLTRASSIO EPIFANIO','TIZIANO','2024-04-27 20:01:12','2024-04-27 20:01:12'),('YB5120307','CINTI','THOMAS','2024-04-27 20:01:12','2024-04-27 20:01:12');
/*!40000 ALTER TABLE `alumnos` ENABLE KEYS */;
UNLOCK TABLES;

--
-- Table structure for table `calificaciones`
--

DROP TABLE IF EXISTS `calificaciones`;
/*!40101 SET @saved_cs_client     = @@character_set_client */;
/*!50503 SET character_set_client = utf8mb4 */;
CREATE TABLE `calificaciones` (
  `id_calificacion` int NOT NULL AUTO_INCREMENT,
  `calificacion` varchar(4) NOT NULL,
  `aprobado` tinyint(1) NOT NULL,
  `createdAt` datetime NOT NULL,
  `updatedAt` datetime NOT NULL,
  PRIMARY KEY (`id_calificacion`)
) ENGINE=InnoDB AUTO_INCREMENT=12 DEFAULT CHARSET=utf8mb4 COLLATE=utf8mb4_0900_ai_ci;
/*!40101 SET character_set_client = @saved_cs_client */;

--
-- Dumping data for table `calificaciones`
--

LOCK TABLES `calificaciones` WRITE;
/*!40000 ALTER TABLE `calificaciones` DISABLE KEYS */;
INSERT INTO `calificaciones` VALUES (1,'10',1,'2024-04-27 22:09:00','2024-04-27 22:09:00'),(2,'9',1,'2024-04-27 22:09:00','2024-04-27 22:09:00'),(3,'8',1,'2024-04-27 22:09:00','2024-04-27 22:09:00'),(4,'7',1,'2024-04-27 22:09:00','2024-04-27 22:09:00'),(5,'6',0,'2024-04-27 22:13:00','2024-04-27 22:13:00'),(6,'5',0,'2024-04-27 22:13:00','2024-04-27 22:13:00'),(7,'4',0,'2024-04-27 22:13:00','2024-04-27 22:13:00'),(8,'3',0,'2024-04-27 22:13:00','2024-04-27 22:13:00'),(9,'2',0,'2024-04-27 22:13:00','2024-04-27 22:13:00'),(10,'1',0,'2024-04-27 22:13:00','2024-04-27 22:13:00'),(11,'Aus.',0,'2024-04-27 22:14:00','2024-04-27 22:14:00');
/*!40000 ALTER TABLE `calificaciones` ENABLE KEYS */;
UNLOCK TABLES;

--
-- Table structure for table `ciclolectivos`
--

DROP TABLE IF EXISTS `ciclolectivos`;
/*!40101 SET @saved_cs_client     = @@character_set_client */;
/*!50503 SET character_set_client = utf8mb4 */;
CREATE TABLE `ciclolectivos` (
  `id_ciclo` int NOT NULL AUTO_INCREMENT,
  `anio` int NOT NULL,
  `createdAt` datetime NOT NULL,
  `updatedAt` datetime NOT NULL,
  PRIMARY KEY (`id_ciclo`)
) ENGINE=InnoDB AUTO_INCREMENT=11 DEFAULT CHARSET=utf8mb4 COLLATE=utf8mb4_0900_ai_ci;
/*!40101 SET character_set_client = @saved_cs_client */;

--
-- Dumping data for table `ciclolectivos`
--

LOCK TABLES `ciclolectivos` WRITE;
/*!40000 ALTER TABLE `ciclolectivos` DISABLE KEYS */;
INSERT INTO `ciclolectivos` VALUES (1,2015,'2024-04-27 17:29:43','2024-04-27 17:29:43'),(2,2016,'2024-04-27 17:29:54','2024-04-27 17:29:54'),(3,2017,'2024-04-27 17:29:57','2024-04-27 17:29:57'),(4,2018,'2024-04-27 17:30:01','2024-04-27 17:30:01'),(5,2019,'2024-04-27 17:30:06','2024-04-27 17:30:06'),(6,2020,'2024-04-27 17:30:08','2024-04-27 17:30:08'),(7,2021,'2024-04-27 17:30:11','2024-04-27 17:30:11'),(8,2022,'2024-04-27 17:30:13','2024-04-27 17:30:13'),(9,2023,'2024-04-27 17:30:17','2024-04-27 17:30:17'),(10,2024,'2024-04-28 12:41:00','2024-04-28 12:41:00');
/*!40000 ALTER TABLE `ciclolectivos` ENABLE KEYS */;
UNLOCK TABLES;

--
-- Table structure for table `condiciones`
--

DROP TABLE IF EXISTS `condiciones`;
/*!40101 SET @saved_cs_client     = @@character_set_client */;
/*!50503 SET character_set_client = utf8mb4 */;
CREATE TABLE `condiciones` (
  `id_condicion` int NOT NULL AUTO_INCREMENT,
  `nombre` varchar(255) NOT NULL,
  `createdAt` datetime NOT NULL,
  `updatedAt` datetime NOT NULL,
  PRIMARY KEY (`id_condicion`)
) ENGINE=InnoDB AUTO_INCREMENT=7 DEFAULT CHARSET=utf8mb4 COLLATE=utf8mb4_0900_ai_ci;
/*!40101 SET character_set_client = @saved_cs_client */;

--
-- Dumping data for table `condiciones`
--

LOCK TABLES `condiciones` WRITE;
/*!40000 ALTER TABLE `condiciones` DISABLE KEYS */;
INSERT INTO `condiciones` VALUES (1,'PREVIA','2024-04-27 21:59:49','2024-04-27 21:59:49'),(2,'EQUIVALENCIA','2024-04-27 21:59:57','2024-04-27 21:59:57'),(3,'COLOQUIO','2024-04-27 22:00:02','2024-04-27 22:00:02'),(4,'COMPLEMENTARIO','2024-04-27 22:00:18','2024-04-27 22:00:18'),(5,'EXCEPTUADA','2024-04-27 22:00:29','2024-04-27 22:00:29'),(6,'TERCER MATERIA','2024-04-27 22:00:36','2024-04-27 22:00:36');
/*!40000 ALTER TABLE `condiciones` ENABLE KEYS */;
UNLOCK TABLES;

--
-- Table structure for table `cursos`
--

DROP TABLE IF EXISTS `cursos`;
/*!40101 SET @saved_cs_client     = @@character_set_client */;
/*!50503 SET character_set_client = utf8mb4 */;
CREATE TABLE `cursos` (
  `id_curso` int NOT NULL AUTO_INCREMENT,
  `id_plan` int NOT NULL,
  `nombre` varchar(2) NOT NULL,
  `createdAt` datetime NOT NULL,
  `updatedAt` datetime NOT NULL,
  PRIMARY KEY (`id_curso`),
  KEY `id_plan` (`id_plan`),
  CONSTRAINT `cursos_ibfk_1` FOREIGN KEY (`id_plan`) REFERENCES `planes` (`id_plan`),
  CONSTRAINT `cursos_ibfk_10` FOREIGN KEY (`id_plan`) REFERENCES `planes` (`id_plan`),
  CONSTRAINT `cursos_ibfk_11` FOREIGN KEY (`id_plan`) REFERENCES `planes` (`id_plan`),
  CONSTRAINT `cursos_ibfk_12` FOREIGN KEY (`id_plan`) REFERENCES `planes` (`id_plan`),
  CONSTRAINT `cursos_ibfk_13` FOREIGN KEY (`id_plan`) REFERENCES `planes` (`id_plan`),
  CONSTRAINT `cursos_ibfk_14` FOREIGN KEY (`id_plan`) REFERENCES `planes` (`id_plan`),
  CONSTRAINT `cursos_ibfk_15` FOREIGN KEY (`id_plan`) REFERENCES `planes` (`id_plan`),
  CONSTRAINT `cursos_ibfk_16` FOREIGN KEY (`id_plan`) REFERENCES `planes` (`id_plan`),
  CONSTRAINT `cursos_ibfk_17` FOREIGN KEY (`id_plan`) REFERENCES `planes` (`id_plan`),
  CONSTRAINT `cursos_ibfk_18` FOREIGN KEY (`id_plan`) REFERENCES `planes` (`id_plan`),
  CONSTRAINT `cursos_ibfk_19` FOREIGN KEY (`id_plan`) REFERENCES `planes` (`id_plan`),
  CONSTRAINT `cursos_ibfk_2` FOREIGN KEY (`id_plan`) REFERENCES `planes` (`id_plan`),
  CONSTRAINT `cursos_ibfk_20` FOREIGN KEY (`id_plan`) REFERENCES `planes` (`id_plan`),
  CONSTRAINT `cursos_ibfk_21` FOREIGN KEY (`id_plan`) REFERENCES `planes` (`id_plan`),
  CONSTRAINT `cursos_ibfk_3` FOREIGN KEY (`id_plan`) REFERENCES `planes` (`id_plan`),
  CONSTRAINT `cursos_ibfk_4` FOREIGN KEY (`id_plan`) REFERENCES `planes` (`id_plan`),
  CONSTRAINT `cursos_ibfk_5` FOREIGN KEY (`id_plan`) REFERENCES `planes` (`id_plan`),
  CONSTRAINT `cursos_ibfk_6` FOREIGN KEY (`id_plan`) REFERENCES `planes` (`id_plan`),
  CONSTRAINT `cursos_ibfk_7` FOREIGN KEY (`id_plan`) REFERENCES `planes` (`id_plan`),
  CONSTRAINT `cursos_ibfk_8` FOREIGN KEY (`id_plan`) REFERENCES `planes` (`id_plan`),
  CONSTRAINT `cursos_ibfk_9` FOREIGN KEY (`id_plan`) REFERENCES `planes` (`id_plan`)
) ENGINE=InnoDB AUTO_INCREMENT=7 DEFAULT CHARSET=utf8mb4 COLLATE=utf8mb4_0900_ai_ci;
/*!40101 SET character_set_client = @saved_cs_client */;

--
-- Dumping data for table `cursos`
--

LOCK TABLES `cursos` WRITE;
/*!40000 ALTER TABLE `cursos` DISABLE KEYS */;
INSERT INTO `cursos` VALUES (1,1,'1°','2024-04-27 18:30:25','2024-04-27 18:30:25'),(2,1,'2°','2024-04-27 18:30:28','2024-04-27 18:30:28'),(3,1,'3°','2024-04-27 18:30:31','2024-04-27 18:30:31'),(4,2,'4°','2024-04-27 18:30:35','2024-04-27 18:30:35'),(5,2,'5°','2024-04-27 18:30:39','2024-04-27 18:30:39'),(6,2,'6°','2024-04-27 18:30:42','2024-04-27 18:30:42');
/*!40000 ALTER TABLE `cursos` ENABLE KEYS */;
UNLOCK TABLES;

--
-- Table structure for table `divisiones`
--

DROP TABLE IF EXISTS `divisiones`;
/*!40101 SET @saved_cs_client     = @@character_set_client */;
/*!50503 SET character_set_client = utf8mb4 */;
CREATE TABLE `divisiones` (
  `id_division` int NOT NULL AUTO_INCREMENT,
  `nombre` varchar(1) DEFAULT NULL,
  `id_curso` int NOT NULL,
  `createdAt` datetime NOT NULL,
  `updatedAt` datetime NOT NULL,
  PRIMARY KEY (`id_division`),
  KEY `id_curso` (`id_curso`),
  CONSTRAINT `divisiones_ibfk_1` FOREIGN KEY (`id_curso`) REFERENCES `cursos` (`id_curso`),
  CONSTRAINT `divisiones_ibfk_10` FOREIGN KEY (`id_curso`) REFERENCES `cursos` (`id_curso`),
  CONSTRAINT `divisiones_ibfk_11` FOREIGN KEY (`id_curso`) REFERENCES `cursos` (`id_curso`),
  CONSTRAINT `divisiones_ibfk_12` FOREIGN KEY (`id_curso`) REFERENCES `cursos` (`id_curso`),
  CONSTRAINT `divisiones_ibfk_13` FOREIGN KEY (`id_curso`) REFERENCES `cursos` (`id_curso`),
  CONSTRAINT `divisiones_ibfk_14` FOREIGN KEY (`id_curso`) REFERENCES `cursos` (`id_curso`),
  CONSTRAINT `divisiones_ibfk_15` FOREIGN KEY (`id_curso`) REFERENCES `cursos` (`id_curso`),
  CONSTRAINT `divisiones_ibfk_16` FOREIGN KEY (`id_curso`) REFERENCES `cursos` (`id_curso`),
  CONSTRAINT `divisiones_ibfk_17` FOREIGN KEY (`id_curso`) REFERENCES `cursos` (`id_curso`),
  CONSTRAINT `divisiones_ibfk_18` FOREIGN KEY (`id_curso`) REFERENCES `cursos` (`id_curso`),
  CONSTRAINT `divisiones_ibfk_19` FOREIGN KEY (`id_curso`) REFERENCES `cursos` (`id_curso`),
  CONSTRAINT `divisiones_ibfk_2` FOREIGN KEY (`id_curso`) REFERENCES `cursos` (`id_curso`),
  CONSTRAINT `divisiones_ibfk_20` FOREIGN KEY (`id_curso`) REFERENCES `cursos` (`id_curso`),
  CONSTRAINT `divisiones_ibfk_21` FOREIGN KEY (`id_curso`) REFERENCES `cursos` (`id_curso`),
  CONSTRAINT `divisiones_ibfk_3` FOREIGN KEY (`id_curso`) REFERENCES `cursos` (`id_curso`),
  CONSTRAINT `divisiones_ibfk_4` FOREIGN KEY (`id_curso`) REFERENCES `cursos` (`id_curso`),
  CONSTRAINT `divisiones_ibfk_5` FOREIGN KEY (`id_curso`) REFERENCES `cursos` (`id_curso`),
  CONSTRAINT `divisiones_ibfk_6` FOREIGN KEY (`id_curso`) REFERENCES `cursos` (`id_curso`),
  CONSTRAINT `divisiones_ibfk_7` FOREIGN KEY (`id_curso`) REFERENCES `cursos` (`id_curso`),
  CONSTRAINT `divisiones_ibfk_8` FOREIGN KEY (`id_curso`) REFERENCES `cursos` (`id_curso`),
  CONSTRAINT `divisiones_ibfk_9` FOREIGN KEY (`id_curso`) REFERENCES `cursos` (`id_curso`)
) ENGINE=InnoDB AUTO_INCREMENT=19 DEFAULT CHARSET=utf8mb4 COLLATE=utf8mb4_0900_ai_ci;
/*!40101 SET character_set_client = @saved_cs_client */;

--
-- Dumping data for table `divisiones`
--

LOCK TABLES `divisiones` WRITE;
/*!40000 ALTER TABLE `divisiones` DISABLE KEYS */;
INSERT INTO `divisiones` VALUES (1,'A',1,'2024-04-27 00:00:00','2024-04-27 00:00:00'),(2,'A',2,'2024-04-27 00:00:00','2024-04-27 00:00:00'),(3,'A',3,'2024-04-27 00:00:00','2024-04-27 00:00:00'),(4,'A',4,'2024-04-27 00:00:00','2024-04-27 00:00:00'),(5,'A',5,'2024-04-27 00:00:00','2024-04-27 00:00:00'),(6,'A',6,'2024-04-27 00:00:00','2024-04-27 00:00:00'),(7,'B',1,'2024-04-27 00:00:00','2024-04-27 00:00:00'),(8,'B',2,'2024-04-27 00:00:00','2024-04-27 00:00:00'),(9,'B',3,'2024-04-27 00:00:00','2024-04-27 00:00:00'),(10,'B',4,'2024-04-27 00:00:00','2024-04-27 00:00:00'),(11,'B',5,'2024-04-27 00:00:00','2024-04-27 00:00:00'),(12,'B',6,'2024-04-27 00:00:00','2024-04-27 00:00:00'),(13,'C',1,'2024-04-27 00:00:00','2024-04-27 00:00:00'),(14,'C',2,'2024-04-27 00:00:00','2024-04-27 00:00:00'),(15,'C',3,'2024-04-27 00:00:00','2024-04-27 00:00:00'),(16,'C',4,'2024-04-27 00:00:00','2024-04-27 00:00:00'),(17,'C',5,'2024-04-27 00:00:00','2024-04-27 00:00:00'),(18,'C',6,'2024-04-27 00:00:00','2024-04-27 00:00:00');
/*!40000 ALTER TABLE `divisiones` ENABLE KEYS */;
UNLOCK TABLES;

--
-- Table structure for table `fechasexamen`
--

DROP TABLE IF EXISTS `fechasexamen`;
/*!40101 SET @saved_cs_client     = @@character_set_client */;
/*!50503 SET character_set_client = utf8mb4 */;
CREATE TABLE `fechasexamen` (
  `id_fechaExamen` int NOT NULL AUTO_INCREMENT,
  `fechaExamen` datetime NOT NULL,
  `id_turno` int NOT NULL,
  `id_materia` int NOT NULL,
  `createdAt` datetime NOT NULL,
  `updatedAt` datetime NOT NULL,
  PRIMARY KEY (`id_fechaExamen`),
  KEY `id_turno` (`id_turno`),
  KEY `id_materia` (`id_materia`),
  CONSTRAINT `fechasexamen_ibfk_1` FOREIGN KEY (`id_turno`) REFERENCES `turnosexamen` (`id_turno`),
  CONSTRAINT `fechasexamen_ibfk_10` FOREIGN KEY (`id_materia`) REFERENCES `materias` (`id_materia`),
  CONSTRAINT `fechasexamen_ibfk_11` FOREIGN KEY (`id_turno`) REFERENCES `turnosexamen` (`id_turno`),
  CONSTRAINT `fechasexamen_ibfk_12` FOREIGN KEY (`id_materia`) REFERENCES `materias` (`id_materia`),
  CONSTRAINT `fechasexamen_ibfk_13` FOREIGN KEY (`id_turno`) REFERENCES `turnosexamen` (`id_turno`),
  CONSTRAINT `fechasexamen_ibfk_14` FOREIGN KEY (`id_materia`) REFERENCES `materias` (`id_materia`),
  CONSTRAINT `fechasexamen_ibfk_15` FOREIGN KEY (`id_turno`) REFERENCES `turnosexamen` (`id_turno`),
  CONSTRAINT `fechasexamen_ibfk_16` FOREIGN KEY (`id_materia`) REFERENCES `materias` (`id_materia`),
  CONSTRAINT `fechasexamen_ibfk_17` FOREIGN KEY (`id_turno`) REFERENCES `turnosexamen` (`id_turno`),
  CONSTRAINT `fechasexamen_ibfk_18` FOREIGN KEY (`id_materia`) REFERENCES `materias` (`id_materia`),
  CONSTRAINT `fechasexamen_ibfk_19` FOREIGN KEY (`id_turno`) REFERENCES `turnosexamen` (`id_turno`),
  CONSTRAINT `fechasexamen_ibfk_2` FOREIGN KEY (`id_materia`) REFERENCES `materias` (`id_materia`),
  CONSTRAINT `fechasexamen_ibfk_20` FOREIGN KEY (`id_materia`) REFERENCES `materias` (`id_materia`),
  CONSTRAINT `fechasexamen_ibfk_21` FOREIGN KEY (`id_turno`) REFERENCES `turnosexamen` (`id_turno`),
  CONSTRAINT `fechasexamen_ibfk_22` FOREIGN KEY (`id_materia`) REFERENCES `materias` (`id_materia`),
  CONSTRAINT `fechasexamen_ibfk_23` FOREIGN KEY (`id_turno`) REFERENCES `turnosexamen` (`id_turno`),
  CONSTRAINT `fechasexamen_ibfk_24` FOREIGN KEY (`id_materia`) REFERENCES `materias` (`id_materia`),
  CONSTRAINT `fechasexamen_ibfk_25` FOREIGN KEY (`id_turno`) REFERENCES `turnosexamen` (`id_turno`),
  CONSTRAINT `fechasexamen_ibfk_26` FOREIGN KEY (`id_materia`) REFERENCES `materias` (`id_materia`),
  CONSTRAINT `fechasexamen_ibfk_27` FOREIGN KEY (`id_turno`) REFERENCES `turnosexamen` (`id_turno`),
  CONSTRAINT `fechasexamen_ibfk_28` FOREIGN KEY (`id_materia`) REFERENCES `materias` (`id_materia`),
  CONSTRAINT `fechasexamen_ibfk_29` FOREIGN KEY (`id_turno`) REFERENCES `turnosexamen` (`id_turno`),
  CONSTRAINT `fechasexamen_ibfk_3` FOREIGN KEY (`id_turno`) REFERENCES `turnosexamen` (`id_turno`),
  CONSTRAINT `fechasexamen_ibfk_30` FOREIGN KEY (`id_materia`) REFERENCES `materias` (`id_materia`),
  CONSTRAINT `fechasexamen_ibfk_31` FOREIGN KEY (`id_turno`) REFERENCES `turnosexamen` (`id_turno`),
  CONSTRAINT `fechasexamen_ibfk_32` FOREIGN KEY (`id_materia`) REFERENCES `materias` (`id_materia`),
  CONSTRAINT `fechasexamen_ibfk_33` FOREIGN KEY (`id_turno`) REFERENCES `turnosexamen` (`id_turno`),
  CONSTRAINT `fechasexamen_ibfk_34` FOREIGN KEY (`id_materia`) REFERENCES `materias` (`id_materia`),
  CONSTRAINT `fechasexamen_ibfk_35` FOREIGN KEY (`id_turno`) REFERENCES `turnosexamen` (`id_turno`),
  CONSTRAINT `fechasexamen_ibfk_36` FOREIGN KEY (`id_materia`) REFERENCES `materias` (`id_materia`),
  CONSTRAINT `fechasexamen_ibfk_37` FOREIGN KEY (`id_turno`) REFERENCES `turnosexamen` (`id_turno`),
  CONSTRAINT `fechasexamen_ibfk_38` FOREIGN KEY (`id_materia`) REFERENCES `materias` (`id_materia`),
  CONSTRAINT `fechasexamen_ibfk_39` FOREIGN KEY (`id_turno`) REFERENCES `turnosexamen` (`id_turno`),
  CONSTRAINT `fechasexamen_ibfk_4` FOREIGN KEY (`id_materia`) REFERENCES `materias` (`id_materia`),
  CONSTRAINT `fechasexamen_ibfk_40` FOREIGN KEY (`id_materia`) REFERENCES `materias` (`id_materia`),
  CONSTRAINT `fechasexamen_ibfk_41` FOREIGN KEY (`id_turno`) REFERENCES `turnosexamen` (`id_turno`),
  CONSTRAINT `fechasexamen_ibfk_42` FOREIGN KEY (`id_materia`) REFERENCES `materias` (`id_materia`),
  CONSTRAINT `fechasexamen_ibfk_5` FOREIGN KEY (`id_turno`) REFERENCES `turnosexamen` (`id_turno`),
  CONSTRAINT `fechasexamen_ibfk_6` FOREIGN KEY (`id_materia`) REFERENCES `materias` (`id_materia`),
  CONSTRAINT `fechasexamen_ibfk_7` FOREIGN KEY (`id_turno`) REFERENCES `turnosexamen` (`id_turno`),
  CONSTRAINT `fechasexamen_ibfk_8` FOREIGN KEY (`id_materia`) REFERENCES `materias` (`id_materia`),
  CONSTRAINT `fechasexamen_ibfk_9` FOREIGN KEY (`id_turno`) REFERENCES `turnosexamen` (`id_turno`)
) ENGINE=InnoDB AUTO_INCREMENT=2 DEFAULT CHARSET=utf8mb4 COLLATE=utf8mb4_0900_ai_ci;
/*!40101 SET character_set_client = @saved_cs_client */;

--
-- Dumping data for table `fechasexamen`
--

LOCK TABLES `fechasexamen` WRITE;
/*!40000 ALTER TABLE `fechasexamen` DISABLE KEYS */;
INSERT INTO `fechasexamen` VALUES (1,'2024-04-17 08:00:00',1,8,'2024-04-28 00:00:00','2024-04-28 00:00:00');
/*!40000 ALTER TABLE `fechasexamen` ENABLE KEYS */;
UNLOCK TABLES;

--
-- Table structure for table `inscripciones`
--

DROP TABLE IF EXISTS `inscripciones`;
/*!40101 SET @saved_cs_client     = @@character_set_client */;
/*!50503 SET character_set_client = utf8mb4 */;
CREATE TABLE `inscripciones` (
  `id_inscripcion` int NOT NULL AUTO_INCREMENT,
  `id_previa` int NOT NULL,
  `id_turno` int NOT NULL,
  `id_fechaExamen` int NOT NULL,
  `libro` varchar(255) DEFAULT NULL,
  `folio` varchar(255) DEFAULT NULL,
  `createdAt` datetime NOT NULL,
  `updatedAt` datetime NOT NULL,
  `id_calificacion` int NOT NULL,
  PRIMARY KEY (`id_inscripcion`),
  KEY `id_previa` (`id_previa`),
  KEY `id_turno` (`id_turno`),
  KEY `id_fechaExamen` (`id_fechaExamen`),
  KEY `id_calificacion` (`id_calificacion`),
  CONSTRAINT `inscripciones_ibfk_1` FOREIGN KEY (`id_previa`) REFERENCES `previas` (`id_previa`),
  CONSTRAINT `inscripciones_ibfk_10` FOREIGN KEY (`id_previa`) REFERENCES `previas` (`id_previa`),
  CONSTRAINT `inscripciones_ibfk_11` FOREIGN KEY (`id_turno`) REFERENCES `turnosexamen` (`id_turno`),
  CONSTRAINT `inscripciones_ibfk_12` FOREIGN KEY (`id_fechaExamen`) REFERENCES `fechasexamen` (`id_fechaExamen`),
  CONSTRAINT `inscripciones_ibfk_13` FOREIGN KEY (`id_previa`) REFERENCES `previas` (`id_previa`),
  CONSTRAINT `inscripciones_ibfk_14` FOREIGN KEY (`id_turno`) REFERENCES `turnosexamen` (`id_turno`),
  CONSTRAINT `inscripciones_ibfk_15` FOREIGN KEY (`id_fechaExamen`) REFERENCES `fechasexamen` (`id_fechaExamen`),
  CONSTRAINT `inscripciones_ibfk_16` FOREIGN KEY (`id_previa`) REFERENCES `previas` (`id_previa`),
  CONSTRAINT `inscripciones_ibfk_17` FOREIGN KEY (`id_turno`) REFERENCES `turnosexamen` (`id_turno`),
  CONSTRAINT `inscripciones_ibfk_18` FOREIGN KEY (`id_fechaExamen`) REFERENCES `fechasexamen` (`id_fechaExamen`),
  CONSTRAINT `inscripciones_ibfk_19` FOREIGN KEY (`id_previa`) REFERENCES `previas` (`id_previa`),
  CONSTRAINT `inscripciones_ibfk_2` FOREIGN KEY (`id_turno`) REFERENCES `turnosexamen` (`id_turno`),
  CONSTRAINT `inscripciones_ibfk_20` FOREIGN KEY (`id_turno`) REFERENCES `turnosexamen` (`id_turno`),
  CONSTRAINT `inscripciones_ibfk_21` FOREIGN KEY (`id_fechaExamen`) REFERENCES `fechasexamen` (`id_fechaExamen`),
  CONSTRAINT `inscripciones_ibfk_22` FOREIGN KEY (`id_previa`) REFERENCES `previas` (`id_previa`),
  CONSTRAINT `inscripciones_ibfk_23` FOREIGN KEY (`id_turno`) REFERENCES `turnosexamen` (`id_turno`),
  CONSTRAINT `inscripciones_ibfk_24` FOREIGN KEY (`id_fechaExamen`) REFERENCES `fechasexamen` (`id_fechaExamen`),
  CONSTRAINT `inscripciones_ibfk_25` FOREIGN KEY (`id_previa`) REFERENCES `previas` (`id_previa`),
  CONSTRAINT `inscripciones_ibfk_26` FOREIGN KEY (`id_turno`) REFERENCES `turnosexamen` (`id_turno`),
  CONSTRAINT `inscripciones_ibfk_27` FOREIGN KEY (`id_fechaExamen`) REFERENCES `fechasexamen` (`id_fechaExamen`),
  CONSTRAINT `inscripciones_ibfk_28` FOREIGN KEY (`id_previa`) REFERENCES `previas` (`id_previa`),
  CONSTRAINT `inscripciones_ibfk_29` FOREIGN KEY (`id_turno`) REFERENCES `turnosexamen` (`id_turno`),
  CONSTRAINT `inscripciones_ibfk_3` FOREIGN KEY (`id_fechaExamen`) REFERENCES `fechasexamen` (`id_fechaExamen`),
  CONSTRAINT `inscripciones_ibfk_30` FOREIGN KEY (`id_fechaExamen`) REFERENCES `fechasexamen` (`id_fechaExamen`),
  CONSTRAINT `inscripciones_ibfk_31` FOREIGN KEY (`id_previa`) REFERENCES `previas` (`id_previa`),
  CONSTRAINT `inscripciones_ibfk_32` FOREIGN KEY (`id_turno`) REFERENCES `turnosexamen` (`id_turno`),
  CONSTRAINT `inscripciones_ibfk_33` FOREIGN KEY (`id_fechaExamen`) REFERENCES `fechasexamen` (`id_fechaExamen`),
  CONSTRAINT `inscripciones_ibfk_34` FOREIGN KEY (`id_previa`) REFERENCES `previas` (`id_previa`),
  CONSTRAINT `inscripciones_ibfk_35` FOREIGN KEY (`id_turno`) REFERENCES `turnosexamen` (`id_turno`),
  CONSTRAINT `inscripciones_ibfk_36` FOREIGN KEY (`id_fechaExamen`) REFERENCES `fechasexamen` (`id_fechaExamen`),
  CONSTRAINT `inscripciones_ibfk_37` FOREIGN KEY (`id_previa`) REFERENCES `previas` (`id_previa`),
  CONSTRAINT `inscripciones_ibfk_38` FOREIGN KEY (`id_turno`) REFERENCES `turnosexamen` (`id_turno`),
  CONSTRAINT `inscripciones_ibfk_39` FOREIGN KEY (`id_fechaExamen`) REFERENCES `fechasexamen` (`id_fechaExamen`),
  CONSTRAINT `inscripciones_ibfk_4` FOREIGN KEY (`id_previa`) REFERENCES `previas` (`id_previa`),
  CONSTRAINT `inscripciones_ibfk_40` FOREIGN KEY (`id_calificacion`) REFERENCES `calificaciones` (`id_calificacion`),
  CONSTRAINT `inscripciones_ibfk_41` FOREIGN KEY (`id_previa`) REFERENCES `previas` (`id_previa`),
  CONSTRAINT `inscripciones_ibfk_42` FOREIGN KEY (`id_turno`) REFERENCES `turnosexamen` (`id_turno`),
  CONSTRAINT `inscripciones_ibfk_43` FOREIGN KEY (`id_fechaExamen`) REFERENCES `fechasexamen` (`id_fechaExamen`),
  CONSTRAINT `inscripciones_ibfk_44` FOREIGN KEY (`id_calificacion`) REFERENCES `calificaciones` (`id_calificacion`),
  CONSTRAINT `inscripciones_ibfk_45` FOREIGN KEY (`id_previa`) REFERENCES `previas` (`id_previa`),
  CONSTRAINT `inscripciones_ibfk_46` FOREIGN KEY (`id_turno`) REFERENCES `turnosexamen` (`id_turno`),
  CONSTRAINT `inscripciones_ibfk_47` FOREIGN KEY (`id_fechaExamen`) REFERENCES `fechasexamen` (`id_fechaExamen`),
  CONSTRAINT `inscripciones_ibfk_48` FOREIGN KEY (`id_calificacion`) REFERENCES `calificaciones` (`id_calificacion`),
  CONSTRAINT `inscripciones_ibfk_49` FOREIGN KEY (`id_previa`) REFERENCES `previas` (`id_previa`),
  CONSTRAINT `inscripciones_ibfk_5` FOREIGN KEY (`id_turno`) REFERENCES `turnosexamen` (`id_turno`),
  CONSTRAINT `inscripciones_ibfk_50` FOREIGN KEY (`id_turno`) REFERENCES `turnosexamen` (`id_turno`),
  CONSTRAINT `inscripciones_ibfk_51` FOREIGN KEY (`id_fechaExamen`) REFERENCES `fechasexamen` (`id_fechaExamen`),
  CONSTRAINT `inscripciones_ibfk_52` FOREIGN KEY (`id_calificacion`) REFERENCES `calificaciones` (`id_calificacion`),
  CONSTRAINT `inscripciones_ibfk_53` FOREIGN KEY (`id_previa`) REFERENCES `previas` (`id_previa`),
  CONSTRAINT `inscripciones_ibfk_54` FOREIGN KEY (`id_turno`) REFERENCES `turnosexamen` (`id_turno`),
  CONSTRAINT `inscripciones_ibfk_55` FOREIGN KEY (`id_fechaExamen`) REFERENCES `fechasexamen` (`id_fechaExamen`),
  CONSTRAINT `inscripciones_ibfk_56` FOREIGN KEY (`id_calificacion`) REFERENCES `calificaciones` (`id_calificacion`),
  CONSTRAINT `inscripciones_ibfk_57` FOREIGN KEY (`id_previa`) REFERENCES `previas` (`id_previa`),
  CONSTRAINT `inscripciones_ibfk_58` FOREIGN KEY (`id_turno`) REFERENCES `turnosexamen` (`id_turno`),
  CONSTRAINT `inscripciones_ibfk_59` FOREIGN KEY (`id_fechaExamen`) REFERENCES `fechasexamen` (`id_fechaExamen`),
  CONSTRAINT `inscripciones_ibfk_6` FOREIGN KEY (`id_fechaExamen`) REFERENCES `fechasexamen` (`id_fechaExamen`),
  CONSTRAINT `inscripciones_ibfk_60` FOREIGN KEY (`id_calificacion`) REFERENCES `calificaciones` (`id_calificacion`),
  CONSTRAINT `inscripciones_ibfk_61` FOREIGN KEY (`id_previa`) REFERENCES `previas` (`id_previa`),
  CONSTRAINT `inscripciones_ibfk_62` FOREIGN KEY (`id_turno`) REFERENCES `turnosexamen` (`id_turno`),
  CONSTRAINT `inscripciones_ibfk_63` FOREIGN KEY (`id_fechaExamen`) REFERENCES `fechasexamen` (`id_fechaExamen`),
  CONSTRAINT `inscripciones_ibfk_64` FOREIGN KEY (`id_calificacion`) REFERENCES `calificaciones` (`id_calificacion`),
  CONSTRAINT `inscripciones_ibfk_65` FOREIGN KEY (`id_previa`) REFERENCES `previas` (`id_previa`),
  CONSTRAINT `inscripciones_ibfk_66` FOREIGN KEY (`id_turno`) REFERENCES `turnosexamen` (`id_turno`),
  CONSTRAINT `inscripciones_ibfk_67` FOREIGN KEY (`id_fechaExamen`) REFERENCES `fechasexamen` (`id_fechaExamen`),
  CONSTRAINT `inscripciones_ibfk_68` FOREIGN KEY (`id_calificacion`) REFERENCES `calificaciones` (`id_calificacion`),
  CONSTRAINT `inscripciones_ibfk_69` FOREIGN KEY (`id_previa`) REFERENCES `previas` (`id_previa`),
  CONSTRAINT `inscripciones_ibfk_7` FOREIGN KEY (`id_previa`) REFERENCES `previas` (`id_previa`),
  CONSTRAINT `inscripciones_ibfk_70` FOREIGN KEY (`id_turno`) REFERENCES `turnosexamen` (`id_turno`),
  CONSTRAINT `inscripciones_ibfk_71` FOREIGN KEY (`id_fechaExamen`) REFERENCES `fechasexamen` (`id_fechaExamen`),
  CONSTRAINT `inscripciones_ibfk_72` FOREIGN KEY (`id_calificacion`) REFERENCES `calificaciones` (`id_calificacion`),
  CONSTRAINT `inscripciones_ibfk_8` FOREIGN KEY (`id_turno`) REFERENCES `turnosexamen` (`id_turno`),
  CONSTRAINT `inscripciones_ibfk_9` FOREIGN KEY (`id_fechaExamen`) REFERENCES `fechasexamen` (`id_fechaExamen`),
  CONSTRAINT `inscripciones_id_calificacion_foreign_idx` FOREIGN KEY (`id_calificacion`) REFERENCES `calificaciones` (`id_calificacion`)
) ENGINE=InnoDB DEFAULT CHARSET=utf8mb4 COLLATE=utf8mb4_0900_ai_ci;
/*!40101 SET character_set_client = @saved_cs_client */;

--
-- Dumping data for table `inscripciones`
--

LOCK TABLES `inscripciones` WRITE;
/*!40000 ALTER TABLE `inscripciones` DISABLE KEYS */;
/*!40000 ALTER TABLE `inscripciones` ENABLE KEYS */;
UNLOCK TABLES;

--
-- Table structure for table `materias`
--

DROP TABLE IF EXISTS `materias`;
/*!40101 SET @saved_cs_client     = @@character_set_client */;
/*!50503 SET character_set_client = utf8mb4 */;
CREATE TABLE `materias` (
  `id_materia` int NOT NULL AUTO_INCREMENT,
  `nombre` varchar(255) NOT NULL,
  `area` varchar(255) DEFAULT NULL,
  `id_curso` int NOT NULL,
  `createdAt` datetime NOT NULL,
  `updatedAt` datetime NOT NULL,
  PRIMARY KEY (`id_materia`),
  KEY `id_curso` (`id_curso`),
  CONSTRAINT `materias_ibfk_1` FOREIGN KEY (`id_curso`) REFERENCES `cursos` (`id_curso`),
  CONSTRAINT `materias_ibfk_10` FOREIGN KEY (`id_curso`) REFERENCES `cursos` (`id_curso`),
  CONSTRAINT `materias_ibfk_11` FOREIGN KEY (`id_curso`) REFERENCES `cursos` (`id_curso`),
  CONSTRAINT `materias_ibfk_12` FOREIGN KEY (`id_curso`) REFERENCES `cursos` (`id_curso`),
  CONSTRAINT `materias_ibfk_13` FOREIGN KEY (`id_curso`) REFERENCES `cursos` (`id_curso`),
  CONSTRAINT `materias_ibfk_14` FOREIGN KEY (`id_curso`) REFERENCES `cursos` (`id_curso`),
  CONSTRAINT `materias_ibfk_15` FOREIGN KEY (`id_curso`) REFERENCES `cursos` (`id_curso`),
  CONSTRAINT `materias_ibfk_16` FOREIGN KEY (`id_curso`) REFERENCES `cursos` (`id_curso`),
  CONSTRAINT `materias_ibfk_17` FOREIGN KEY (`id_curso`) REFERENCES `cursos` (`id_curso`),
  CONSTRAINT `materias_ibfk_18` FOREIGN KEY (`id_curso`) REFERENCES `cursos` (`id_curso`),
  CONSTRAINT `materias_ibfk_19` FOREIGN KEY (`id_curso`) REFERENCES `cursos` (`id_curso`),
  CONSTRAINT `materias_ibfk_2` FOREIGN KEY (`id_curso`) REFERENCES `cursos` (`id_curso`),
  CONSTRAINT `materias_ibfk_20` FOREIGN KEY (`id_curso`) REFERENCES `cursos` (`id_curso`),
  CONSTRAINT `materias_ibfk_21` FOREIGN KEY (`id_curso`) REFERENCES `cursos` (`id_curso`),
  CONSTRAINT `materias_ibfk_3` FOREIGN KEY (`id_curso`) REFERENCES `cursos` (`id_curso`),
  CONSTRAINT `materias_ibfk_4` FOREIGN KEY (`id_curso`) REFERENCES `cursos` (`id_curso`),
  CONSTRAINT `materias_ibfk_5` FOREIGN KEY (`id_curso`) REFERENCES `cursos` (`id_curso`),
  CONSTRAINT `materias_ibfk_6` FOREIGN KEY (`id_curso`) REFERENCES `cursos` (`id_curso`),
  CONSTRAINT `materias_ibfk_7` FOREIGN KEY (`id_curso`) REFERENCES `cursos` (`id_curso`),
  CONSTRAINT `materias_ibfk_8` FOREIGN KEY (`id_curso`) REFERENCES `cursos` (`id_curso`),
  CONSTRAINT `materias_ibfk_9` FOREIGN KEY (`id_curso`) REFERENCES `cursos` (`id_curso`)
) ENGINE=InnoDB AUTO_INCREMENT=76 DEFAULT CHARSET=utf8mb4 COLLATE=utf8mb4_0900_ai_ci;
/*!40101 SET character_set_client = @saved_cs_client */;

--
-- Dumping data for table `materias`
--

LOCK TABLES `materias` WRITE;
/*!40000 ALTER TABLE `materias` DISABLE KEYS */;
INSERT INTO `materias` VALUES (1,'EDUCACIÓN FÍSICA','ARTÍSTICA',1,'2024-04-27 19:51:09','2024-04-27 19:51:09'),(2,'LENGUA Y LITERATURA','',1,'2024-04-27 19:53:07','2024-04-27 19:53:07'),(3,'MATEMÁTICA','',1,'2024-04-27 19:53:33','2024-04-27 19:53:33'),(4,'CIENCIAS NATURALES - BIOLOGÍA','NATURALES',1,'2024-04-27 19:54:17','2024-04-27 19:54:17'),(5,'CIENCIAS NATURALES - FÍSICA','NATURALES',1,'2024-04-27 19:54:37','2024-04-27 19:54:37'),(6,'CIENCIAS SOCIALES - GEOGRAFÍA','SOCIALES',1,'2024-04-27 19:54:55','2024-04-27 19:54:55'),(7,'LENGUA EXTRANJERA - INGLÉS','',1,'2024-04-27 19:55:07','2024-04-27 19:55:07'),(8,'EDUCACIÓN ARTÍSTICA - ARTES VISUALES','ARTÍSTICA',1,'2024-04-27 19:55:27','2024-04-27 19:55:27'),(9,'EDUCACIÓN TECNOLÓGICA','',1,'2024-04-27 19:55:37','2024-04-27 19:55:37'),(10,'CIUDADANÍA Y PARTICIPACIÓN','SOCIALES',1,'2024-04-27 19:58:15','2024-04-27 19:58:15'),(11,'EDUCACIÓN FÍSICA','ARTÍSTICA',2,'2024-04-27 18:48:57','2024-04-27 18:48:57'),(12,'LENGUA Y LITERATURA','',2,'2024-04-27 18:48:57','2024-04-27 18:48:57'),(13,'MATEMÁTICA','',2,'2024-04-27 18:48:57','2024-04-27 18:48:57'),(14,'CIENCIAS NATURALES - QUÍMICA','NATURALES',2,'2024-04-27 18:48:57','2024-04-27 18:48:57'),(15,'BIOLOGÍA','NATURALES',2,'2024-04-27 18:48:57','2024-04-27 18:48:57'),(16,'CIENCIAS SOCIALES - HISTORIA','SOCIALES',2,'2024-04-27 18:48:57','2024-04-27 18:48:57'),(17,'LENGUA EXTRANJERA - INGLÉS','',2,'2024-04-27 18:48:57','2024-04-27 18:48:57'),(18,'EDUCACIÓN ARTÍSTICA - MÚSICA','ARTÍSTICA',2,'2024-04-27 18:48:57','2024-04-27 18:48:57'),(19,'EDUCACIÓN TECNOLÓGICA','',2,'2024-04-27 18:48:57','2024-04-27 18:48:57'),(20,'CIUDADANÍA Y PARTICIPACIÓN','SOCIALES',2,'2024-04-27 18:48:57','2024-04-27 18:48:57'),(21,'EDUCACIÓN FÍSICA','ARTÍSTICA',3,'2024-04-27 18:48:57','2024-04-27 18:48:57'),(22,'LENGUA Y LITERATURA','',3,'2024-04-27 18:48:57','2024-04-27 18:48:57'),(23,'MATEMÁTICA','',3,'2024-04-27 18:48:57','2024-04-27 18:48:57'),(24,'FÍSICA','NATURALES',3,'2024-04-27 18:48:57','2024-04-27 18:48:57'),(25,'QUÍMICA','NATURALES',3,'2024-04-27 18:48:57','2024-04-27 18:48:57'),(26,'GEOGRAFÍA','SOCIALES',3,'2024-04-27 18:48:57','2024-04-27 18:48:57'),(27,'HISTORIA','SOCIALES',3,'2024-04-27 18:48:57','2024-04-27 18:48:57'),(28,'LENGUA EXTRANJERA - INGLÉS','',3,'2024-04-27 18:48:57','2024-04-27 18:48:57'),(29,'EDUCACIÓN ARTÍSTICA - ARTES VISUALES','',3,'2024-04-27 18:48:57','2024-04-27 18:48:57'),(30,'EDUCACIÓN ARTÍSTICA - MÚSICA','ARTÍSTICA',3,'2024-04-27 18:48:57','2024-04-27 18:48:57'),(31,'EDUCACIÓN TECNOLÓGICA','',3,'2024-04-27 18:48:57','2024-04-27 18:48:57'),(32,'FORMACIÓN PARA LA VIDA Y EL TRABAJO','',3,'2024-04-27 18:48:57','2024-04-27 18:48:57'),(33,'EDUCACIÓN FÍSICA','ARTÍSTICA',4,'2024-04-27 18:48:57','2024-04-27 18:48:57'),(34,'LENGUA Y LITERATURA','',4,'2024-04-27 18:48:57','2024-04-27 18:48:57'),(35,'MATEMÁTICA','',4,'2024-04-27 18:48:57','2024-04-27 18:48:57'),(36,'BIOLOGÍA','',4,'2024-04-27 18:48:57','2024-04-27 18:48:57'),(37,'GEOGRAFÍA','SOCIALES',4,'2024-04-27 18:48:57','2024-04-27 18:48:57'),(38,'HISTORIA','SOCIALES',4,'2024-04-27 18:48:57','2024-04-27 18:48:57'),(39,'LENGUA EXTRANJERA - INGLÉS','',4,'2024-04-27 18:48:57','2024-04-27 18:48:57'),(40,'EDUCACIÓN ARTÍSTICA - ARTES VISUALES','ARTÍSTICA',4,'2024-04-27 18:48:57','2024-04-27 18:48:57'),(41,'FORMACIÓN PARA LA VIDA Y EL TRABAJO','',4,'2024-04-27 18:48:57','2024-04-27 18:48:57'),(42,'SISTEMAS DE INFORMACIÓN CONTABLE','ESPECIALIDAD',4,'2024-04-27 18:48:57','2024-04-27 18:48:57'),(43,'ADMINISTRACIÓN','ESPECIALIDAD',4,'2024-04-27 18:48:57','2024-04-27 18:48:57'),(44,'ECONOMÍA Y DESARROLLO SUSTENTABLE','ESPECIALIDAD',4,'2024-04-27 18:48:57','2024-04-27 18:48:57'),(45,'ADMINISTRACIÓN DE LA PRODUCCIÓN Y COMERCIALIZACIÓN','ESPECIALIDAD',4,'2024-04-27 18:48:57','2024-04-27 18:48:57'),(46,'EDUCACIÓN FÍSICA','ARTÍSTICA',5,'2024-04-27 18:48:57','2024-04-27 18:48:57'),(47,'LENGUA Y LITERATURA','',5,'2024-04-27 18:48:57','2024-04-27 18:48:57'),(48,'MATEMÁTICA','',5,'2024-04-27 18:48:57','2024-04-27 18:48:57'),(49,'FÍSICA','',5,'2024-04-27 18:48:57','2024-04-27 18:48:57'),(50,'GEOGRAFÍA','SOCIALES',5,'2024-04-27 18:48:57','2024-04-27 18:48:57'),(51,'HISTORIA','SOCIALES',5,'2024-04-27 18:48:57','2024-04-27 18:48:57'),(52,'LENGUA EXTRANJERA - INGLÉS','',5,'2024-04-27 18:48:57','2024-04-27 18:48:57'),(53,'EDUCACIÓN ARTÍSTICA - MÚSICA','ARTÍSTICA',5,'2024-04-27 18:48:57','2024-04-27 18:48:57'),(54,'PSICOLOGÍA','SOCIALES',5,'2024-04-27 18:48:57','2024-04-27 18:48:57'),(55,'FORMACIÓN PARA LA VIDA Y EL TRABAJO','',5,'2024-04-27 18:48:57','2024-04-27 18:48:57'),(56,'SISTEMAS DE INFORMACIÓN CONTABLE','ESPECIALIDAD',5,'2024-04-27 18:48:57','2024-04-27 18:48:57'),(57,'ADMINISTRACIÓN','ESPECIALIDAD',5,'2024-04-27 18:48:57','2024-04-27 18:48:57'),(58,'ECONOMÍA','ESPECIALIDAD',5,'2024-04-27 18:48:57','2024-04-27 18:48:57'),(59,'ADMINISTRACIÓN DE RECURSOS HUMANOS','ESPECIALIDAD',5,'2024-04-27 18:48:57','2024-04-27 18:48:57'),(60,'ADMINISTRACIÓN DE LA PRODUCCIÓN Y COMERCIALIZACIÓN','ESPECIALIDAD',5,'2024-04-27 18:48:57','2024-04-27 18:48:57'),(61,'EDUCACIÓN FÍSICA','ARTÍSTICA',6,'2024-04-27 18:48:57','2024-04-27 18:48:57'),(62,'LENGUA Y LITERATURA','',6,'2024-04-27 18:48:57','2024-04-27 18:48:57'),(63,'MATEMÁTICA','',6,'2024-04-27 18:48:57','2024-04-27 18:48:57'),(64,'QUÍMICA','',6,'2024-04-27 18:48:57','2024-04-27 18:48:57'),(65,'LENGUA EXTRANJERA - INGLÉS','',6,'2024-04-27 18:48:57','2024-04-27 18:48:57'),(66,'EDUCACIÓN ARTÍSTICA - TEATRO','ARTÍSTICA',6,'2024-04-27 18:48:57','2024-04-27 18:48:57'),(67,'CIUDADANÍA Y POLÍTICA','SOCIALES',6,'2024-04-27 18:48:57','2024-04-27 18:48:57'),(68,'ADMINISTRACIÓN','ESPECIALIDAD',6,'2024-04-27 18:48:57','2024-04-27 18:48:57'),(69,'ECONOMÍA','ESPECIALIDAD',6,'2024-04-27 18:48:57','2024-04-27 18:48:57'),(70,'DERECHO','ESPECIALIDAD',6,'2024-04-27 18:48:57','2024-04-27 18:48:57'),(71,'RESPONSABILIDAD SOCIAL DE LAS ORGANIZACIONES','ESPECIALIDAD',6,'2024-04-27 18:48:57','2024-04-27 18:48:57'),(72,'ADMINISTRACIÓN FINANCIERA','ESPECIALIDAD',6,'2024-04-27 18:48:57','2024-04-27 18:48:57'),(73,'SISTEMAS DE INFORMACIÓN CONTABLE','ESPECIALIDAD',6,'2024-04-27 18:48:57','2024-04-27 18:48:57'),(74,'FORMACIÓN PARA LA VIDA Y EL TRABAJO','',6,'2024-04-27 18:48:57','2024-04-27 18:48:57'),(75,'FILOSOFÍA','SOCIALES',6,'2024-04-27 18:48:57','2024-04-27 18:48:57');
/*!40000 ALTER TABLE `materias` ENABLE KEYS */;
UNLOCK TABLES;

--
-- Table structure for table `planes`
--

DROP TABLE IF EXISTS `planes`;
/*!40101 SET @saved_cs_client     = @@character_set_client */;
/*!50503 SET character_set_client = utf8mb4 */;
CREATE TABLE `planes` (
  `id_plan` int NOT NULL AUTO_INCREMENT,
  `codigo` varchar(25) NOT NULL,
  `descripcion` varchar(255) NOT NULL,
  `id_ciclo` int DEFAULT NULL,
  `createdAt` datetime NOT NULL,
  `updatedAt` datetime NOT NULL,
  PRIMARY KEY (`id_plan`),
  KEY `id_ciclo` (`id_ciclo`),
  CONSTRAINT `planes_ibfk_1` FOREIGN KEY (`id_ciclo`) REFERENCES `ciclolectivos` (`id_ciclo`),
  CONSTRAINT `planes_ibfk_10` FOREIGN KEY (`id_ciclo`) REFERENCES `ciclolectivos` (`id_ciclo`),
  CONSTRAINT `planes_ibfk_11` FOREIGN KEY (`id_ciclo`) REFERENCES `ciclolectivos` (`id_ciclo`),
  CONSTRAINT `planes_ibfk_12` FOREIGN KEY (`id_ciclo`) REFERENCES `ciclolectivos` (`id_ciclo`),
  CONSTRAINT `planes_ibfk_13` FOREIGN KEY (`id_ciclo`) REFERENCES `ciclolectivos` (`id_ciclo`),
  CONSTRAINT `planes_ibfk_14` FOREIGN KEY (`id_ciclo`) REFERENCES `ciclolectivos` (`id_ciclo`),
  CONSTRAINT `planes_ibfk_15` FOREIGN KEY (`id_ciclo`) REFERENCES `ciclolectivos` (`id_ciclo`),
  CONSTRAINT `planes_ibfk_16` FOREIGN KEY (`id_ciclo`) REFERENCES `ciclolectivos` (`id_ciclo`),
  CONSTRAINT `planes_ibfk_17` FOREIGN KEY (`id_ciclo`) REFERENCES `ciclolectivos` (`id_ciclo`),
  CONSTRAINT `planes_ibfk_18` FOREIGN KEY (`id_ciclo`) REFERENCES `ciclolectivos` (`id_ciclo`),
  CONSTRAINT `planes_ibfk_19` FOREIGN KEY (`id_ciclo`) REFERENCES `ciclolectivos` (`id_ciclo`),
  CONSTRAINT `planes_ibfk_2` FOREIGN KEY (`id_ciclo`) REFERENCES `ciclolectivos` (`id_ciclo`),
  CONSTRAINT `planes_ibfk_20` FOREIGN KEY (`id_ciclo`) REFERENCES `ciclolectivos` (`id_ciclo`),
  CONSTRAINT `planes_ibfk_21` FOREIGN KEY (`id_ciclo`) REFERENCES `ciclolectivos` (`id_ciclo`),
  CONSTRAINT `planes_ibfk_3` FOREIGN KEY (`id_ciclo`) REFERENCES `ciclolectivos` (`id_ciclo`),
  CONSTRAINT `planes_ibfk_4` FOREIGN KEY (`id_ciclo`) REFERENCES `ciclolectivos` (`id_ciclo`),
  CONSTRAINT `planes_ibfk_5` FOREIGN KEY (`id_ciclo`) REFERENCES `ciclolectivos` (`id_ciclo`),
  CONSTRAINT `planes_ibfk_6` FOREIGN KEY (`id_ciclo`) REFERENCES `ciclolectivos` (`id_ciclo`),
  CONSTRAINT `planes_ibfk_7` FOREIGN KEY (`id_ciclo`) REFERENCES `ciclolectivos` (`id_ciclo`),
  CONSTRAINT `planes_ibfk_8` FOREIGN KEY (`id_ciclo`) REFERENCES `ciclolectivos` (`id_ciclo`),
  CONSTRAINT `planes_ibfk_9` FOREIGN KEY (`id_ciclo`) REFERENCES `ciclolectivos` (`id_ciclo`)
) ENGINE=InnoDB AUTO_INCREMENT=3 DEFAULT CHARSET=utf8mb4 COLLATE=utf8mb4_0900_ai_ci;
/*!40101 SET character_set_client = @saved_cs_client */;

--
-- Dumping data for table `planes`
--

LOCK TABLES `planes` WRITE;
/*!40000 ALTER TABLE `planes` DISABLE KEYS */;
INSERT INTO `planes` VALUES (1,'Dcto. N° 344/11','BACHILLER EN ECONOMÍA Y ADMINISTRACIÓN',9,'2024-04-27 18:12:24','2024-04-27 18:12:24'),(2,'Dcto. N° 668/11','BACHILLER EN ECONOMÍA Y ADMINISTRACIÓN',9,'2024-04-27 18:13:02','2024-04-27 18:13:02');
/*!40000 ALTER TABLE `planes` ENABLE KEYS */;
UNLOCK TABLES;

--
-- Table structure for table `previas`
--

DROP TABLE IF EXISTS `previas`;
/*!40101 SET @saved_cs_client     = @@character_set_client */;
/*!50503 SET character_set_client = utf8mb4 */;
CREATE TABLE `previas` (
  `id_previa` int NOT NULL AUTO_INCREMENT,
  `dni_alumno` varchar(12) NOT NULL,
  `id_condicion` int NOT NULL,
  `id_materia` int NOT NULL,
  `aprobado` tinyint(1) NOT NULL,
  `createdAt` datetime NOT NULL,
  `updatedAt` datetime NOT NULL,
  PRIMARY KEY (`id_previa`),
  KEY `dni_alumno` (`dni_alumno`),
  KEY `id_condicion` (`id_condicion`),
  KEY `id_materia` (`id_materia`),
  CONSTRAINT `previas_ibfk_1` FOREIGN KEY (`dni_alumno`) REFERENCES `alumnos` (`dni`),
  CONSTRAINT `previas_ibfk_10` FOREIGN KEY (`dni_alumno`) REFERENCES `alumnos` (`dni`),
  CONSTRAINT `previas_ibfk_11` FOREIGN KEY (`id_condicion`) REFERENCES `condiciones` (`id_condicion`),
  CONSTRAINT `previas_ibfk_12` FOREIGN KEY (`id_materia`) REFERENCES `materias` (`id_materia`),
  CONSTRAINT `previas_ibfk_13` FOREIGN KEY (`dni_alumno`) REFERENCES `alumnos` (`dni`),
  CONSTRAINT `previas_ibfk_14` FOREIGN KEY (`id_condicion`) REFERENCES `condiciones` (`id_condicion`),
  CONSTRAINT `previas_ibfk_15` FOREIGN KEY (`id_materia`) REFERENCES `materias` (`id_materia`),
  CONSTRAINT `previas_ibfk_16` FOREIGN KEY (`dni_alumno`) REFERENCES `alumnos` (`dni`),
  CONSTRAINT `previas_ibfk_17` FOREIGN KEY (`id_condicion`) REFERENCES `condiciones` (`id_condicion`),
  CONSTRAINT `previas_ibfk_18` FOREIGN KEY (`id_materia`) REFERENCES `materias` (`id_materia`),
  CONSTRAINT `previas_ibfk_19` FOREIGN KEY (`dni_alumno`) REFERENCES `alumnos` (`dni`),
  CONSTRAINT `previas_ibfk_2` FOREIGN KEY (`id_condicion`) REFERENCES `condiciones` (`id_condicion`),
  CONSTRAINT `previas_ibfk_20` FOREIGN KEY (`id_condicion`) REFERENCES `condiciones` (`id_condicion`),
  CONSTRAINT `previas_ibfk_21` FOREIGN KEY (`id_materia`) REFERENCES `materias` (`id_materia`),
  CONSTRAINT `previas_ibfk_22` FOREIGN KEY (`dni_alumno`) REFERENCES `alumnos` (`dni`),
  CONSTRAINT `previas_ibfk_23` FOREIGN KEY (`id_condicion`) REFERENCES `condiciones` (`id_condicion`),
  CONSTRAINT `previas_ibfk_24` FOREIGN KEY (`id_materia`) REFERENCES `materias` (`id_materia`),
  CONSTRAINT `previas_ibfk_25` FOREIGN KEY (`dni_alumno`) REFERENCES `alumnos` (`dni`),
  CONSTRAINT `previas_ibfk_26` FOREIGN KEY (`id_condicion`) REFERENCES `condiciones` (`id_condicion`),
  CONSTRAINT `previas_ibfk_27` FOREIGN KEY (`id_materia`) REFERENCES `materias` (`id_materia`),
  CONSTRAINT `previas_ibfk_28` FOREIGN KEY (`dni_alumno`) REFERENCES `alumnos` (`dni`),
  CONSTRAINT `previas_ibfk_29` FOREIGN KEY (`id_condicion`) REFERENCES `condiciones` (`id_condicion`),
  CONSTRAINT `previas_ibfk_3` FOREIGN KEY (`id_materia`) REFERENCES `materias` (`id_materia`),
  CONSTRAINT `previas_ibfk_30` FOREIGN KEY (`id_materia`) REFERENCES `materias` (`id_materia`),
  CONSTRAINT `previas_ibfk_31` FOREIGN KEY (`dni_alumno`) REFERENCES `alumnos` (`dni`),
  CONSTRAINT `previas_ibfk_32` FOREIGN KEY (`id_condicion`) REFERENCES `condiciones` (`id_condicion`),
  CONSTRAINT `previas_ibfk_33` FOREIGN KEY (`id_materia`) REFERENCES `materias` (`id_materia`),
  CONSTRAINT `previas_ibfk_34` FOREIGN KEY (`dni_alumno`) REFERENCES `alumnos` (`dni`),
  CONSTRAINT `previas_ibfk_35` FOREIGN KEY (`id_condicion`) REFERENCES `condiciones` (`id_condicion`),
  CONSTRAINT `previas_ibfk_36` FOREIGN KEY (`id_materia`) REFERENCES `materias` (`id_materia`),
  CONSTRAINT `previas_ibfk_37` FOREIGN KEY (`dni_alumno`) REFERENCES `alumnos` (`dni`),
  CONSTRAINT `previas_ibfk_38` FOREIGN KEY (`id_condicion`) REFERENCES `condiciones` (`id_condicion`),
  CONSTRAINT `previas_ibfk_39` FOREIGN KEY (`id_materia`) REFERENCES `materias` (`id_materia`),
  CONSTRAINT `previas_ibfk_4` FOREIGN KEY (`dni_alumno`) REFERENCES `alumnos` (`dni`),
  CONSTRAINT `previas_ibfk_40` FOREIGN KEY (`dni_alumno`) REFERENCES `alumnos` (`dni`),
  CONSTRAINT `previas_ibfk_41` FOREIGN KEY (`id_condicion`) REFERENCES `condiciones` (`id_condicion`),
  CONSTRAINT `previas_ibfk_42` FOREIGN KEY (`id_materia`) REFERENCES `materias` (`id_materia`),
  CONSTRAINT `previas_ibfk_43` FOREIGN KEY (`dni_alumno`) REFERENCES `alumnos` (`dni`),
  CONSTRAINT `previas_ibfk_44` FOREIGN KEY (`id_condicion`) REFERENCES `condiciones` (`id_condicion`),
  CONSTRAINT `previas_ibfk_45` FOREIGN KEY (`id_materia`) REFERENCES `materias` (`id_materia`),
  CONSTRAINT `previas_ibfk_46` FOREIGN KEY (`dni_alumno`) REFERENCES `alumnos` (`dni`),
  CONSTRAINT `previas_ibfk_47` FOREIGN KEY (`id_condicion`) REFERENCES `condiciones` (`id_condicion`),
  CONSTRAINT `previas_ibfk_48` FOREIGN KEY (`id_materia`) REFERENCES `materias` (`id_materia`),
  CONSTRAINT `previas_ibfk_49` FOREIGN KEY (`dni_alumno`) REFERENCES `alumnos` (`dni`),
  CONSTRAINT `previas_ibfk_5` FOREIGN KEY (`id_condicion`) REFERENCES `condiciones` (`id_condicion`),
  CONSTRAINT `previas_ibfk_50` FOREIGN KEY (`id_condicion`) REFERENCES `condiciones` (`id_condicion`),
  CONSTRAINT `previas_ibfk_51` FOREIGN KEY (`id_materia`) REFERENCES `materias` (`id_materia`),
  CONSTRAINT `previas_ibfk_52` FOREIGN KEY (`dni_alumno`) REFERENCES `alumnos` (`dni`),
  CONSTRAINT `previas_ibfk_53` FOREIGN KEY (`id_condicion`) REFERENCES `condiciones` (`id_condicion`),
  CONSTRAINT `previas_ibfk_54` FOREIGN KEY (`id_materia`) REFERENCES `materias` (`id_materia`),
  CONSTRAINT `previas_ibfk_55` FOREIGN KEY (`dni_alumno`) REFERENCES `alumnos` (`dni`),
  CONSTRAINT `previas_ibfk_56` FOREIGN KEY (`id_condicion`) REFERENCES `condiciones` (`id_condicion`),
  CONSTRAINT `previas_ibfk_57` FOREIGN KEY (`id_materia`) REFERENCES `materias` (`id_materia`),
  CONSTRAINT `previas_ibfk_58` FOREIGN KEY (`dni_alumno`) REFERENCES `alumnos` (`dni`),
  CONSTRAINT `previas_ibfk_59` FOREIGN KEY (`id_condicion`) REFERENCES `condiciones` (`id_condicion`),
  CONSTRAINT `previas_ibfk_6` FOREIGN KEY (`id_materia`) REFERENCES `materias` (`id_materia`),
  CONSTRAINT `previas_ibfk_60` FOREIGN KEY (`id_materia`) REFERENCES `materias` (`id_materia`),
  CONSTRAINT `previas_ibfk_61` FOREIGN KEY (`dni_alumno`) REFERENCES `alumnos` (`dni`),
  CONSTRAINT `previas_ibfk_62` FOREIGN KEY (`id_condicion`) REFERENCES `condiciones` (`id_condicion`),
  CONSTRAINT `previas_ibfk_63` FOREIGN KEY (`id_materia`) REFERENCES `materias` (`id_materia`),
  CONSTRAINT `previas_ibfk_7` FOREIGN KEY (`dni_alumno`) REFERENCES `alumnos` (`dni`),
  CONSTRAINT `previas_ibfk_8` FOREIGN KEY (`id_condicion`) REFERENCES `condiciones` (`id_condicion`),
  CONSTRAINT `previas_ibfk_9` FOREIGN KEY (`id_materia`) REFERENCES `materias` (`id_materia`)
) ENGINE=InnoDB AUTO_INCREMENT=2 DEFAULT CHARSET=utf8mb4 COLLATE=utf8mb4_0900_ai_ci;
/*!40101 SET character_set_client = @saved_cs_client */;

--
-- Dumping data for table `previas`
--

LOCK TABLES `previas` WRITE;
/*!40000 ALTER TABLE `previas` DISABLE KEYS */;
INSERT INTO `previas` VALUES (1,'49716919',1,8,0,'2024-04-29 01:47:26','2024-04-29 01:47:26');
/*!40000 ALTER TABLE `previas` ENABLE KEYS */;
UNLOCK TABLES;

--
-- Table structure for table `roles`
--

DROP TABLE IF EXISTS `roles`;
/*!40101 SET @saved_cs_client     = @@character_set_client */;
/*!50503 SET character_set_client = utf8mb4 */;
CREATE TABLE `roles` (
  `id_rol` int NOT NULL AUTO_INCREMENT,
  `rol` varchar(25) NOT NULL,
  `createdAt` datetime NOT NULL,
  `updatedAt` datetime NOT NULL,
  PRIMARY KEY (`id_rol`)
) ENGINE=InnoDB DEFAULT CHARSET=utf8mb4 COLLATE=utf8mb4_0900_ai_ci;
/*!40101 SET character_set_client = @saved_cs_client */;

--
-- Dumping data for table `roles`
--

LOCK TABLES `roles` WRITE;
/*!40000 ALTER TABLE `roles` DISABLE KEYS */;
/*!40000 ALTER TABLE `roles` ENABLE KEYS */;
UNLOCK TABLES;

--
-- Table structure for table `turnosexamen`
--

DROP TABLE IF EXISTS `turnosexamen`;
/*!40101 SET @saved_cs_client     = @@character_set_client */;
/*!50503 SET character_set_client = utf8mb4 */;
CREATE TABLE `turnosexamen` (
  `id_turno` int NOT NULL AUTO_INCREMENT,
  `nombre` varchar(15) NOT NULL,
  `id_condicion` int NOT NULL,
  `id_ciclo` int NOT NULL,
  `createdAt` datetime NOT NULL,
  `updatedAt` datetime NOT NULL,
  PRIMARY KEY (`id_turno`),
  KEY `id_condicion` (`id_condicion`),
  KEY `id_ciclo` (`id_ciclo`),
  CONSTRAINT `turnosexamen_ibfk_1` FOREIGN KEY (`id_condicion`) REFERENCES `condiciones` (`id_condicion`),
  CONSTRAINT `turnosexamen_ibfk_10` FOREIGN KEY (`id_ciclo`) REFERENCES `ciclolectivos` (`id_ciclo`),
  CONSTRAINT `turnosexamen_ibfk_11` FOREIGN KEY (`id_condicion`) REFERENCES `condiciones` (`id_condicion`),
  CONSTRAINT `turnosexamen_ibfk_12` FOREIGN KEY (`id_ciclo`) REFERENCES `ciclolectivos` (`id_ciclo`),
  CONSTRAINT `turnosexamen_ibfk_13` FOREIGN KEY (`id_condicion`) REFERENCES `condiciones` (`id_condicion`),
  CONSTRAINT `turnosexamen_ibfk_14` FOREIGN KEY (`id_ciclo`) REFERENCES `ciclolectivos` (`id_ciclo`),
  CONSTRAINT `turnosexamen_ibfk_15` FOREIGN KEY (`id_condicion`) REFERENCES `condiciones` (`id_condicion`),
  CONSTRAINT `turnosexamen_ibfk_16` FOREIGN KEY (`id_ciclo`) REFERENCES `ciclolectivos` (`id_ciclo`),
  CONSTRAINT `turnosexamen_ibfk_17` FOREIGN KEY (`id_condicion`) REFERENCES `condiciones` (`id_condicion`),
  CONSTRAINT `turnosexamen_ibfk_18` FOREIGN KEY (`id_ciclo`) REFERENCES `ciclolectivos` (`id_ciclo`),
  CONSTRAINT `turnosexamen_ibfk_19` FOREIGN KEY (`id_condicion`) REFERENCES `condiciones` (`id_condicion`),
  CONSTRAINT `turnosexamen_ibfk_2` FOREIGN KEY (`id_ciclo`) REFERENCES `ciclolectivos` (`id_ciclo`),
  CONSTRAINT `turnosexamen_ibfk_20` FOREIGN KEY (`id_ciclo`) REFERENCES `ciclolectivos` (`id_ciclo`),
  CONSTRAINT `turnosexamen_ibfk_21` FOREIGN KEY (`id_condicion`) REFERENCES `condiciones` (`id_condicion`),
  CONSTRAINT `turnosexamen_ibfk_22` FOREIGN KEY (`id_ciclo`) REFERENCES `ciclolectivos` (`id_ciclo`),
  CONSTRAINT `turnosexamen_ibfk_23` FOREIGN KEY (`id_condicion`) REFERENCES `condiciones` (`id_condicion`),
  CONSTRAINT `turnosexamen_ibfk_24` FOREIGN KEY (`id_ciclo`) REFERENCES `ciclolectivos` (`id_ciclo`),
  CONSTRAINT `turnosexamen_ibfk_25` FOREIGN KEY (`id_condicion`) REFERENCES `condiciones` (`id_condicion`),
  CONSTRAINT `turnosexamen_ibfk_26` FOREIGN KEY (`id_ciclo`) REFERENCES `ciclolectivos` (`id_ciclo`),
  CONSTRAINT `turnosexamen_ibfk_27` FOREIGN KEY (`id_condicion`) REFERENCES `condiciones` (`id_condicion`),
  CONSTRAINT `turnosexamen_ibfk_28` FOREIGN KEY (`id_ciclo`) REFERENCES `ciclolectivos` (`id_ciclo`),
  CONSTRAINT `turnosexamen_ibfk_29` FOREIGN KEY (`id_condicion`) REFERENCES `condiciones` (`id_condicion`),
  CONSTRAINT `turnosexamen_ibfk_3` FOREIGN KEY (`id_condicion`) REFERENCES `condiciones` (`id_condicion`),
  CONSTRAINT `turnosexamen_ibfk_30` FOREIGN KEY (`id_ciclo`) REFERENCES `ciclolectivos` (`id_ciclo`),
  CONSTRAINT `turnosexamen_ibfk_31` FOREIGN KEY (`id_condicion`) REFERENCES `condiciones` (`id_condicion`),
  CONSTRAINT `turnosexamen_ibfk_32` FOREIGN KEY (`id_ciclo`) REFERENCES `ciclolectivos` (`id_ciclo`),
  CONSTRAINT `turnosexamen_ibfk_33` FOREIGN KEY (`id_condicion`) REFERENCES `condiciones` (`id_condicion`),
  CONSTRAINT `turnosexamen_ibfk_34` FOREIGN KEY (`id_ciclo`) REFERENCES `ciclolectivos` (`id_ciclo`),
  CONSTRAINT `turnosexamen_ibfk_35` FOREIGN KEY (`id_condicion`) REFERENCES `condiciones` (`id_condicion`),
  CONSTRAINT `turnosexamen_ibfk_36` FOREIGN KEY (`id_ciclo`) REFERENCES `ciclolectivos` (`id_ciclo`),
  CONSTRAINT `turnosexamen_ibfk_37` FOREIGN KEY (`id_condicion`) REFERENCES `condiciones` (`id_condicion`),
  CONSTRAINT `turnosexamen_ibfk_38` FOREIGN KEY (`id_ciclo`) REFERENCES `ciclolectivos` (`id_ciclo`),
  CONSTRAINT `turnosexamen_ibfk_39` FOREIGN KEY (`id_condicion`) REFERENCES `condiciones` (`id_condicion`),
  CONSTRAINT `turnosexamen_ibfk_4` FOREIGN KEY (`id_ciclo`) REFERENCES `ciclolectivos` (`id_ciclo`),
  CONSTRAINT `turnosexamen_ibfk_40` FOREIGN KEY (`id_ciclo`) REFERENCES `ciclolectivos` (`id_ciclo`),
  CONSTRAINT `turnosexamen_ibfk_41` FOREIGN KEY (`id_condicion`) REFERENCES `condiciones` (`id_condicion`),
  CONSTRAINT `turnosexamen_ibfk_42` FOREIGN KEY (`id_ciclo`) REFERENCES `ciclolectivos` (`id_ciclo`),
  CONSTRAINT `turnosexamen_ibfk_5` FOREIGN KEY (`id_condicion`) REFERENCES `condiciones` (`id_condicion`),
  CONSTRAINT `turnosexamen_ibfk_6` FOREIGN KEY (`id_ciclo`) REFERENCES `ciclolectivos` (`id_ciclo`),
  CONSTRAINT `turnosexamen_ibfk_7` FOREIGN KEY (`id_condicion`) REFERENCES `condiciones` (`id_condicion`),
  CONSTRAINT `turnosexamen_ibfk_8` FOREIGN KEY (`id_ciclo`) REFERENCES `ciclolectivos` (`id_ciclo`),
  CONSTRAINT `turnosexamen_ibfk_9` FOREIGN KEY (`id_condicion`) REFERENCES `condiciones` (`id_condicion`)
) ENGINE=InnoDB AUTO_INCREMENT=14 DEFAULT CHARSET=utf8mb4 COLLATE=utf8mb4_0900_ai_ci;
/*!40101 SET character_set_client = @saved_cs_client */;

--
-- Dumping data for table `turnosexamen`
--

LOCK TABLES `turnosexamen` WRITE;
/*!40000 ALTER TABLE `turnosexamen` DISABLE KEYS */;
INSERT INTO `turnosexamen` VALUES (1,'ABRIL',1,10,'2024-04-28 00:00:00','2024-04-28 00:00:00'),(2,'ABRIL',2,10,'2024-04-28 00:00:00','2024-04-28 00:00:00'),(3,'JULIO',1,10,'2024-04-28 00:00:00','2024-04-28 00:00:00'),(4,'JULIO',2,10,'2024-04-28 00:00:00','2024-04-28 00:00:00'),(5,'SEPTIEMBRE',1,10,'2024-04-28 00:00:00','2024-04-28 00:00:00'),(6,'SEPTIEMBRE',2,10,'2024-04-28 00:00:00','2024-04-28 00:00:00'),(7,'DICIEMBRE',1,10,'2024-04-28 00:00:00','2024-04-28 00:00:00'),(8,'DICIEMBRE',2,10,'2024-04-28 00:00:00','2024-04-28 00:00:00'),(9,'FEBRERO',1,10,'2024-04-28 00:00:00','2024-04-28 00:00:00'),(10,'FEBRERO',2,10,'2024-04-28 00:00:00','2024-04-28 00:00:00'),(11,'DICIEMBRE',3,10,'2024-04-28 00:00:00','2024-04-28 00:00:00'),(12,'FEBRERO',4,10,'2024-04-28 00:00:00','2024-04-28 00:00:00'),(13,'FEBRERO',6,10,'2024-04-28 00:00:00','2024-04-28 00:00:00');
/*!40000 ALTER TABLE `turnosexamen` ENABLE KEYS */;
UNLOCK TABLES;
/*!40103 SET TIME_ZONE=@OLD_TIME_ZONE */;

/*!40101 SET SQL_MODE=@OLD_SQL_MODE */;
/*!40014 SET FOREIGN_KEY_CHECKS=@OLD_FOREIGN_KEY_CHECKS */;
/*!40014 SET UNIQUE_CHECKS=@OLD_UNIQUE_CHECKS */;
/*!40101 SET CHARACTER_SET_CLIENT=@OLD_CHARACTER_SET_CLIENT */;
/*!40101 SET CHARACTER_SET_RESULTS=@OLD_CHARACTER_SET_RESULTS */;
/*!40101 SET COLLATION_CONNECTION=@OLD_COLLATION_CONNECTION */;
/*!40111 SET SQL_NOTES=@OLD_SQL_NOTES */;

-- Dump completed on 2024-04-29 18:10:18
