-- MySQL dump 10.13  Distrib 8.0.34, for Win64 (x86_64)
--
-- Host: localhost    Database: nsgadb
-- ------------------------------------------------------
-- Server version	8.0.34

/*!40101 SET @OLD_CHARACTER_SET_CLIENT=@@CHARACTER_SET_CLIENT */;
/*!40101 SET @OLD_CHARACTER_SET_RESULTS=@@CHARACTER_SET_RESULTS */;
/*!40101 SET @OLD_COLLATION_CONNECTION=@@COLLATION_CONNECTION */;
/*!50503 SET NAMES utf8 */;
/*!40103 SET @OLD_TIME_ZONE=@@TIME_ZONE */;
/*!40103 SET TIME_ZONE='+00:00' */;
/*!40014 SET @OLD_UNIQUE_CHECKS=@@UNIQUE_CHECKS, UNIQUE_CHECKS=0 */;
/*!40014 SET @OLD_FOREIGN_KEY_CHECKS=@@FOREIGN_KEY_CHECKS, FOREIGN_KEY_CHECKS=0 */;
/*!40101 SET @OLD_SQL_MODE=@@SQL_MODE, SQL_MODE='NO_AUTO_VALUE_ON_ZERO' */;
/*!40111 SET @OLD_SQL_NOTES=@@SQL_NOTES, SQL_NOTES=0 */;

--
-- Table structure for table `alumnos`
--

DROP TABLE IF EXISTS `alumnos`;
/*!40101 SET @saved_cs_client     = @@character_set_client */;
/*!50503 SET character_set_client = utf8mb4 */;
CREATE TABLE `alumnos` (
  `id` int NOT NULL AUTO_INCREMENT,
  `dni` varchar(12) DEFAULT NULL,
  `apellidos` varchar(255) NOT NULL,
  `nombres` varchar(255) NOT NULL,
  `createdAt` datetime NOT NULL,
  `updatedAt` datetime NOT NULL,
  PRIMARY KEY (`id`),
  UNIQUE KEY `dni` (`dni`)
) ENGINE=InnoDB AUTO_INCREMENT=818 DEFAULT CHARSET=utf8mb4 COLLATE=utf8mb4_0900_ai_ci;
/*!40101 SET character_set_client = @saved_cs_client */;

--
-- Dumping data for table `alumnos`
--

LOCK TABLES `alumnos` WRITE;
/*!40000 ALTER TABLE `alumnos` DISABLE KEYS */;
INSERT INTO `alumnos` VALUES (1,'4031662','MARTINEZ ROJAS','ERIANTELI CHRISJEY','2024-04-27 00:00:00','2024-04-27 00:00:00'),(2,'6509219','LEIVA LOPEZ','TATIANA YANET','2024-04-27 00:00:00','2024-04-27 00:00:00'),(3,'12773227','CANAVIRI ALVAREZ','AHINOA MIRIAM','2024-04-27 00:00:00','2024-04-27 00:00:00'),(4,'13985734','RIVERO EGUEZ','CARLA YAMILE','2024-04-27 00:00:00','2024-04-27 00:00:00'),(5,'29373910','ALFONSO','LORENA DEL VALLE','2024-04-27 00:00:00','2024-04-27 00:00:00'),(6,'30779913','PACHECO','FRANCO SEBASTIÁN','2024-04-27 00:00:00','2024-04-27 00:00:00'),(7,'31955819','MANZL','JUAN CARLOS','2024-05-11 00:00:00','2024-05-11 00:00:00'),(8,'36148256','CALDERON','PAULA ESTEFANIA','2024-04-27 00:00:00','2024-04-27 00:00:00'),(9,'39445113','GILLIO','YAMILA','2024-04-27 00:00:00','2024-04-27 00:00:00'),(10,'40575260','MORALES','IVANA SOFÍA','2024-04-27 00:00:00','2024-04-27 00:00:00'),(11,'40575280','OLMEDO','JONATHAN EZEQUIEL','2024-04-27 00:00:00','2024-04-27 00:00:00'),(12,'41158008','CALDERON','LOURDES  LORENA','2024-04-27 00:00:00','2024-04-27 00:00:00'),(13,'42156664','ECHEVARRIA','ESTEBAN GABRIEL','2024-04-27 00:00:00','2024-04-27 00:00:00'),(14,'42956808','FERRARIO','FACUNDO EMILIO','2024-04-27 00:00:00','2024-04-27 00:00:00'),(15,'43230018','BAZAN','ALEJANDRO MARCOS','2024-04-27 00:00:00','2024-04-27 00:00:00'),(16,'43367449','AGÜERO','ANNERIS JULIETA','2024-04-27 00:00:00','2024-04-27 00:00:00'),(17,'43367452','SANCHEZ','IRINA','2024-04-27 00:00:00','2024-04-27 00:00:00'),(18,'43367460','BUSTAMANTE VERDE','LUDMILA','2024-04-27 00:00:00','2024-04-27 00:00:00'),(19,'43606946','RE','ISIS MICHELLE','2024-04-27 00:00:00','2024-04-27 00:00:00'),(20,'43609636','GARCIA SOSA','KEVIN LAUTARO','2024-04-27 00:00:00','2024-04-27 00:00:00'),(21,'43609639','AGUILERA','TOMAS ADRIAN','2024-04-27 00:00:00','2024-04-27 00:00:00'),(22,'43609644','PEREYRA','DARIANA','2024-04-27 00:00:00','2024-04-27 00:00:00'),(23,'43648251','PONTONI','AVRIL BELEN','2024-04-27 00:00:00','2024-04-27 00:00:00'),(24,'43808675','ACOSTA FERNANDEZ','ALEXIS EMANUEL','2024-04-27 00:00:00','2024-04-27 00:00:00'),(25,'43881850','FIORIO','MARTINA','2024-04-27 00:00:00','2024-04-27 00:00:00'),(26,'43882340','NIEVAS RUBIONE','GINA','2024-04-27 00:00:00','2024-04-27 00:00:00'),(27,'43929574','REMIS','CANDELA','2024-04-27 00:00:00','2024-04-27 00:00:00'),(28,'43929972','BRAVO OLMEDO','ARIANA','2024-04-27 00:00:00','2024-04-27 00:00:00'),(29,'43992124','VERON','CRISTIAN GONZALO','2024-04-27 00:00:00','2024-04-27 00:00:00'),(30,'43998660','TULIAN BECKER','ANNA KATERINNE','2024-04-27 00:00:00','2024-04-27 00:00:00'),(31,'44071029','FIGUEROA','SANTIAGO MARCELO','2024-04-27 00:00:00','2024-04-27 00:00:00'),(32,'44107356','BIANCHINI','MANUEL','2024-04-27 00:00:00','2024-04-27 00:00:00'),(33,'44168562','RIVERO','MAXIMILIANO NICOLAS','2024-04-27 00:00:00','2024-04-27 00:00:00'),(34,'44194962','FLORES SILETTO','AGUSTIN','2024-04-27 00:00:00','2024-04-27 00:00:00'),(35,'44195305','FERREYRA','JULIAN ANDRES','2024-04-27 00:00:00','2024-04-27 00:00:00'),(36,'44204976','FERREYRA','MILENA LOURDES','2024-04-27 00:00:00','2024-04-27 00:00:00'),(37,'44204979','SUAREZ','RAMIRO JOSE','2024-04-27 00:00:00','2024-04-27 00:00:00'),(38,'44204983','RIVERO','EZEQUIEL','2024-04-27 00:00:00','2024-04-27 00:00:00'),(39,'44204986','LEZANA','CANDELA','2024-04-27 00:00:00','2024-04-27 00:00:00'),(40,'44204987','BAZAN ARGÜELLO','RAMIRO','2024-04-27 00:00:00','2024-04-27 00:00:00'),(41,'44205545','DIAZ ARCUSA','LUKA','2024-04-27 00:00:00','2024-04-27 00:00:00'),(42,'44211653','PEÑA','NAHUEL ALEJANDRO','2024-04-27 00:00:00','2024-04-27 00:00:00'),(43,'44213841','CAYUQUEO','FRANCISCO','2024-04-27 00:00:00','2024-04-27 00:00:00'),(44,'44237180','GARAY MANCILLA','TOMAS BENJAMIN','2024-04-27 00:00:00','2024-04-27 00:00:00'),(45,'44245203','ZAPATA MERLO','JOAQUIN TOBIAS','2024-04-27 00:00:00','2024-04-27 00:00:00'),(46,'44245221','TORELLI','GIMENA ALDANA','2024-04-27 00:00:00','2024-04-27 00:00:00'),(47,'44245864','SERRA','JOAQUIN','2024-04-27 00:00:00','2024-04-27 00:00:00'),(48,'44264057','BATALLA','SANTIAGO','2024-04-27 00:00:00','2024-04-27 00:00:00'),(49,'44274429','ARGUELLO ALVAREZ','MALENA ABRIL','2024-04-27 00:00:00','2024-04-27 00:00:00'),(50,'44296627','CUELLO','JOAQUIN ANDRES','2024-04-27 00:00:00','2024-04-27 00:00:00'),(51,'44296629','PALACIOS','NICOLAS AGUSTIN','2024-04-27 00:00:00','2024-04-27 00:00:00'),(52,'44296634','WIETZ','DAVID EZEQUIEL','2024-04-27 00:00:00','2024-04-27 00:00:00'),(53,'44296635','RAMIREZ CASTALDI','ROCIO AYLEN','2024-04-27 00:00:00','2024-04-27 00:00:00'),(54,'44296637','BUSTOS','MARIA EUGENIA','2024-04-27 00:00:00','2024-04-27 00:00:00'),(55,'44296638','SANCHEZ RAMIREZ','ENZO DANIEL','2024-04-27 00:00:00','2024-04-27 00:00:00'),(56,'44302158','GARCIA','LAUTARO JOAQUIN','2024-04-27 00:00:00','2024-04-27 00:00:00'),(57,'44363416','UNAMUNO','ALEJANDRO JOSE AGUSTIN','2024-04-27 00:00:00','2024-04-27 00:00:00'),(58,'44369620','FREYTES VARAS','AZUL SHANIA','2024-04-27 00:00:00','2024-04-27 00:00:00'),(59,'44369814','SANTIAGO','JULIANO CRISTIAN','2024-04-27 00:00:00','2024-04-27 00:00:00'),(60,'44372143','WEDAHL','ALEJANDRO LEONEL','2024-04-27 00:00:00','2024-04-27 00:00:00'),(61,'44372151','ALEMAN','ANTONELLA ROCIO','2024-04-27 00:00:00','2024-04-27 00:00:00'),(62,'44372152','ZIZZIAS','FACUNDO ARIEL','2024-04-27 00:00:00','2024-04-27 00:00:00'),(63,'44372156','FERREYRA','SELENE ABRIL','2024-04-27 00:00:00','2024-04-27 00:00:00'),(64,'44372158','TORRES MARTINEZ','MATEO','2024-04-27 00:00:00','2024-04-27 00:00:00'),(65,'44372159','FERNANDEZ','SOLANGE','2024-04-27 00:00:00','2024-04-27 00:00:00'),(66,'44372164','DOMINGUEZ','ANTONELLA JAZMIN','2024-04-27 00:00:00','2024-04-27 00:00:00'),(67,'44372170','ARROYO','LUCAS','2024-04-27 00:00:00','2024-04-27 00:00:00'),(68,'44512007','TOLEDO','FRANCISCO','2024-04-27 00:00:00','2024-04-27 00:00:00'),(69,'44521239','CRISCUOLO','CATERINA SOFIA','2024-04-27 00:00:00','2024-04-27 00:00:00'),(70,'44578281','RUEDA','THIAGO MERLIN','2024-04-27 00:00:00','2024-04-27 00:00:00'),(71,'44588496','GALLUZZI','EMILIANO','2024-04-27 00:00:00','2024-04-27 00:00:00'),(72,'44599629','CORONEL','ARIADNA SABINA','2024-04-27 00:00:00','2024-04-27 00:00:00'),(73,'44607491','MEDINA','MEIBEL ORNELA','2024-04-27 00:00:00','2024-04-27 00:00:00'),(74,'44607525','MARTINEZ','LEONEL','2024-04-27 00:00:00','2024-04-27 00:00:00'),(75,'44610373','PEREZ SAN ROMAN','MARTINA TATIANA','2024-04-27 00:00:00','2024-04-27 00:00:00'),(76,'44623948','MONTENEGRO','AVRIL','2024-04-27 00:00:00','2024-04-27 00:00:00'),(77,'44642031','ALDAZ VALVERDE','MANUELA','2024-04-27 00:00:00','2024-04-27 00:00:00'),(78,'44657981','PEREYRA','ESTEFANIA','2024-04-27 00:00:00','2024-04-27 00:00:00'),(79,'44657992','BAZAN MONTOYA','LEONEL','2024-04-27 00:00:00','2024-04-27 00:00:00'),(80,'44657994','MOLINA','MARCELA CAMILA','2024-04-27 00:00:00','2024-04-27 00:00:00'),(81,'44657998','ECHENIQUE FREYTES','MAIA VALENTINA','2024-04-27 00:00:00','2024-04-27 00:00:00'),(82,'44670541','LIETZ','NADINE','2024-04-27 00:00:00','2024-04-27 00:00:00'),(83,'44674195','FERNANDEZ','MAXIMILIANO','2024-04-27 00:00:00','2024-04-27 00:00:00'),(84,'44686779','WAINSTEIN','TOBIAS JAVIER','2024-04-27 00:00:00','2024-04-27 00:00:00'),(85,'44741500','OLMEDO','MARIA QUIMEY','2024-04-27 00:00:00','2024-04-27 00:00:00'),(86,'44762201','DURAN','CAMILA VALERIA','2024-04-27 00:00:00','2024-04-27 00:00:00'),(87,'44768513','MERLO','LUCAS ANDRES','2024-04-27 00:00:00','2024-04-27 00:00:00'),(88,'44789560','DI MASCIO','NARELLA COSTANZA','2024-04-27 00:00:00','2024-04-27 00:00:00'),(89,'44791401','FERREYRA CASAS','MILAGROS','2024-04-27 00:00:00','2024-04-27 00:00:00'),(90,'44791403','CELAYA','SEBASTIAN ESTEBAN','2024-04-27 00:00:00','2024-04-27 00:00:00'),(91,'44791409','FORMIA','MEDINA BARBARA','2024-04-27 00:00:00','2024-04-27 00:00:00'),(92,'44825082','ROCCA','FABRIZIO BALTASAR','2024-04-27 00:00:00','2024-04-27 00:00:00'),(93,'44827487','PERALTA','ALMA LUCIA','2024-04-27 00:00:00','2024-04-27 00:00:00'),(94,'44842685','FERRETTI SANSEVERINO','JUAN CRUZ','2024-04-27 00:00:00','2024-04-27 00:00:00'),(95,'44851290','LOPEZ','JOAQUIN NAHUEL','2024-04-27 00:00:00','2024-04-27 00:00:00'),(96,'44899046','SEGURA','GIULIANA','2024-04-27 00:00:00','2024-04-27 00:00:00'),(97,'44899047','PAGUAGA','MARTIN SEBASTIAN','2024-04-27 00:00:00','2024-04-27 00:00:00'),(98,'44936781','ALICE','LILA MORGANA','2024-04-27 00:00:00','2024-04-27 00:00:00'),(99,'44938174','AHMED AVERSA','IGNACIO','2024-04-27 00:00:00','2024-04-27 00:00:00'),(100,'44973247','MERLO','MELINA VANESA','2024-04-27 00:00:00','2024-04-27 00:00:00'),(101,'44973250','ROTHENBERGER','NICOLAS GERMAN','2024-04-27 00:00:00','2024-04-27 00:00:00'),(102,'44973705','MASFARRE PALACIOS','FACUNDO NATANAEL','2024-04-27 00:00:00','2024-04-27 00:00:00'),(103,'44973706','HEREDIA','GABINA TAMARA SOLEDAD','2024-04-27 00:00:00','2024-04-27 00:00:00'),(104,'44973974','PAEZ','PATRICIO','2024-04-27 00:00:00','2024-04-27 00:00:00'),(105,'44974383','SERPP','YAMILA MICAELA','2024-04-27 00:00:00','2024-04-27 00:00:00'),(106,'44975703','ESCALANTE','JUAN IGNACIO','2024-04-27 00:00:00','2024-04-27 00:00:00'),(107,'45070707','RIVERO','NAHUEL AGUSTIN','2024-04-27 00:00:00','2024-04-27 00:00:00'),(108,'45074201','FORTE','VALENTINA ABRIL','2024-04-27 00:00:00','2024-04-27 00:00:00'),(109,'45083749','PEREIRA VALDEZ','MATIAS GABRIEL','2024-04-27 00:00:00','2024-04-27 00:00:00'),(110,'45085581','OLIVERA BALMACEDA','JULIETA FLORENCIA','2024-04-27 00:00:00','2024-04-27 00:00:00'),(111,'45089207','PEREZ','ULISES RAFAEL','2024-04-27 00:00:00','2024-04-27 00:00:00'),(112,'45092222','RODRIGUEZ','FEDERICO AGUSTIN','2024-04-27 00:00:00','2024-04-27 00:00:00'),(113,'45092225','INSAURRALDE','NICOLAS','2024-04-27 00:00:00','2024-04-27 00:00:00'),(114,'45092233','SOTO','EMANUEL','2024-04-27 00:00:00','2024-04-27 00:00:00'),(115,'45092234','FREYTES MAUL','IMANOL JOAQUIN','2024-04-27 00:00:00','2024-04-27 00:00:00'),(116,'45092235','GARAY ZAMORA','TOMAS ALEJANDRO','2024-04-27 00:00:00','2024-04-27 00:00:00'),(117,'45092236','FERREYRA','NICOLE AGUSTINA','2024-04-27 00:00:00','2024-04-27 00:00:00'),(118,'45092237','BUTTNER','CONSTANZA','2024-04-27 00:00:00','2024-04-27 00:00:00'),(119,'45092238','CESARIO','MARIA DEL PILAR','2024-04-27 00:00:00','2024-04-27 00:00:00'),(120,'45092575','STABIO','CLARA','2024-04-27 00:00:00','2024-04-27 00:00:00'),(121,'45093742','VAZQUEZ AVILA','LUCIA BELEN','2024-04-27 00:00:00','2024-04-27 00:00:00'),(122,'45094655','LINDELL','FELIPE','2024-04-27 00:00:00','2024-04-27 00:00:00'),(123,'45114903','BIXQUERT','CANDELA','2024-04-27 00:00:00','2024-04-27 00:00:00'),(124,'45134563','BERTHALET','SANTIAGO','2024-04-27 00:00:00','2024-04-27 00:00:00'),(125,'45154728','QUIROGA RAMIREZ','LAUTARO MARIANO','2024-04-27 00:00:00','2024-04-27 00:00:00'),(126,'45154730','PEREYRA','REGINA GUADALUPE','2024-04-27 00:00:00','2024-04-27 00:00:00'),(127,'45154756','YEDRO','CAMILA MILAGROS','2024-04-27 00:00:00','2024-04-27 00:00:00'),(128,'45154816','CHAVEZ','MARIANO AGUSTIN','2024-04-27 00:00:00','2024-04-27 00:00:00'),(129,'45154844','PASSARELO ALONSO','JOAQUIN','2024-04-27 00:00:00','2024-04-27 00:00:00'),(130,'45155934','JUDICA','BRUNO EZEQUIEL','2024-04-27 00:00:00','2024-04-27 00:00:00'),(131,'45212029','HIRSCH','EMILIO ESTEBAN','2024-04-27 00:00:00','2024-04-27 00:00:00'),(132,'45235868','NIETO LELEU','LEANDRO JULIAN','2024-04-27 00:00:00','2024-04-27 00:00:00'),(133,'45245009','GONZALEZ','LAUREANO','2024-04-27 00:00:00','2024-04-27 00:00:00'),(134,'45251407','SANCHEZ','JUAN OMAR','2024-04-27 00:00:00','2024-04-27 00:00:00'),(135,'45272090','FIGUEROA','BRUNELLA DENIS','2024-04-27 00:00:00','2024-04-27 00:00:00'),(136,'45322180','RAGO','FEDERICO NICOLAS','2024-04-27 00:00:00','2024-04-27 00:00:00'),(137,'45349553','LOPEZ FERREYRA','TOMAS BENJAMIN','2024-04-27 00:00:00','2024-04-27 00:00:00'),(138,'45349554','IRIARTE','MARCO ANDRES','2024-04-27 00:00:00','2024-04-27 00:00:00'),(139,'45349556','FERREYRA','CLAUDIA LUDMILA','2024-04-27 00:00:00','2024-04-27 00:00:00'),(140,'45349558','KAHL','GISELLA MAYLEN','2024-04-27 00:00:00','2024-04-27 00:00:00'),(141,'45349567','SALGAN','ANTONELLA MICAELA','2024-04-27 00:00:00','2024-04-27 00:00:00'),(142,'45349568','PALACIOS','VALENTINA','2024-04-27 00:00:00','2024-04-27 00:00:00'),(143,'45349569','DIEZ','TIAGO NICOLAS','2024-04-27 00:00:00','2024-04-27 00:00:00'),(144,'45349570','MOGICA','KEVIN ISMAEL','2024-04-27 00:00:00','2024-04-27 00:00:00'),(145,'45349579','RIESENBERG','JULIAN','2024-04-27 00:00:00','2024-04-27 00:00:00'),(146,'45349580','IGLESIAS','YAGO','2024-04-27 00:00:00','2024-04-27 00:00:00'),(147,'45349587','ESPINDOLA','MILAGROS ALUHE','2024-04-27 00:00:00','2024-04-27 00:00:00'),(148,'45349589','SALICA','FRANCISCO NICOLAS','2024-04-27 00:00:00','2024-04-27 00:00:00'),(149,'45349593','ALMUNA MALDONADO','ANTONELLA','2024-04-27 00:00:00','2024-04-27 00:00:00'),(150,'45349594','GONZALEZ ROJAS','RUBEN TOMAS','2024-04-27 00:00:00','2024-04-27 00:00:00'),(151,'45349596','HARBERING','ERICK','2024-04-27 00:00:00','2024-04-27 00:00:00'),(152,'45349600','MOLINA','BRISA GUADALUPE','2024-04-27 00:00:00','2024-04-27 00:00:00'),(153,'45351696','MIERES MELIDORO','ARACELI MARITE','2024-04-27 00:00:00','2024-04-27 00:00:00'),(154,'45403302','MONSALVO GIMENEZ','CAMILA GUADALUPE','2024-04-27 00:00:00','2024-04-27 00:00:00'),(155,'45403864','CASTRO','JUAN IGNACIO','2024-04-27 00:00:00','2024-04-27 00:00:00'),(156,'45405766','MARTINENGO','DONATELA','2024-04-27 00:00:00','2024-04-27 00:00:00'),(157,'45483169','FIGUEROA','KASSANDRA MAGNOLIA','2024-04-27 00:00:00','2024-04-27 00:00:00'),(158,'45483488','WATKIN','EMILIANO','2024-04-27 00:00:00','2024-04-27 00:00:00'),(159,'45484411','CINTI','LUCA JOAQUIN','2024-04-27 00:00:00','2024-04-27 00:00:00'),(160,'45484413','YAPURA GUZMAN','PEDRO AMILCAR','2024-04-27 00:00:00','2024-04-27 00:00:00'),(161,'45484414','DOMINGUEZ','JENIFER YAMILA','2024-04-27 00:00:00','2024-04-27 00:00:00'),(162,'45484418','SEIBERT','ANIA','2024-04-27 00:00:00','2024-04-27 00:00:00'),(163,'45484422','FERREYRA','TOBIAS NICOLAS','2024-04-27 00:00:00','2024-04-27 00:00:00'),(164,'45484423','NORIEGA','LUCA HERNAN','2024-04-27 00:00:00','2024-04-27 00:00:00'),(165,'45484427','PIZARRO','DIONEL RAFAEL','2024-04-27 00:00:00','2024-04-27 00:00:00'),(166,'45484429','RAMIREZ','FABRICIO GABRIEL','2024-04-27 00:00:00','2024-04-27 00:00:00'),(167,'45484430','WIETZ','IVAN','2024-04-27 00:00:00','2024-04-27 00:00:00'),(168,'45485875','BUSTOS LOPEZ','ALDANA MACARENA','2024-04-27 00:00:00','2024-04-27 00:00:00'),(169,'45487253','LOPEZ','JULIETA MAGALI','2024-04-27 00:00:00','2024-04-27 00:00:00'),(170,'45520806','ORLANDO','CANDELA','2024-04-27 00:00:00','2024-04-27 00:00:00'),(171,'45538387','GIMENEZ SAETTONE','LUZ MARINA','2024-04-27 00:00:00','2024-04-27 00:00:00'),(172,'45545378','MURUA','CANDELA','2024-04-27 00:00:00','2024-04-27 00:00:00'),(173,'45561753','RODRIGUEZ','BELEN CELESTE','2024-04-27 00:00:00','2024-04-27 00:00:00'),(174,'45591905','BUSTOS','MILAGROS JACQUELINE','2024-04-27 00:00:00','2024-04-27 00:00:00'),(175,'45593081','FLORENTIN','FACUNDO FABIAN','2024-04-27 00:00:00','2024-04-27 00:00:00'),(176,'45593326','AIRASCA CEPEDA','ANGELA AZUL','2024-04-27 00:00:00','2024-04-27 00:00:00'),(177,'45594733','RIVARA BENAVIDEZ','PAULA DENISE','2024-04-27 00:00:00','2024-04-27 00:00:00'),(178,'45614539','BARBEITOS','KIMEY BIANCA','2024-04-27 00:00:00','2024-04-27 00:00:00'),(179,'45674069','CRUZ','AGUSTINA NICOLE','2024-04-27 00:00:00','2024-04-27 00:00:00'),(180,'45679023','ITURRI','THEO','2024-04-27 00:00:00','2024-04-27 00:00:00'),(181,'45696578','PONCE','LARA PILAR','2024-04-27 00:00:00','2024-04-27 00:00:00'),(182,'45698126','CONTRERAS','JEREMIAS IVAN','2024-04-27 00:00:00','2024-04-27 00:00:00'),(183,'45698127','SANCHEZ','JULIAN','2024-04-27 00:00:00','2024-04-27 00:00:00'),(184,'45698131','LEYRIA','CARLOS ESTEBAN','2024-04-27 00:00:00','2024-04-27 00:00:00'),(185,'45698135','OLMEDO','CAMILA CELESTE','2024-04-27 00:00:00','2024-04-27 00:00:00'),(186,'45698136','BIDELA SEYFARTH','MARTINA','2024-04-27 00:00:00','2024-04-27 00:00:00'),(187,'45698141','PEREIRA CORVALAN','MARIA NOE','2024-04-27 00:00:00','2024-04-27 00:00:00'),(188,'45698143','WEIGANDT','CANDELA LUCIA','2024-04-27 00:00:00','2024-04-27 00:00:00'),(189,'45698153','SANTIBAÑEZ KAHL','ALANA HILEN','2024-04-27 00:00:00','2024-04-27 00:00:00'),(190,'45698157','TORRES STAGNARO','ABRIL','2024-04-27 00:00:00','2024-04-27 00:00:00'),(191,'45698163','GLUNZ','MATHIAS','2024-04-27 00:00:00','2024-04-27 00:00:00'),(192,'45698166','BARRERA','MAIA NAZARENA','2024-04-27 00:00:00','2024-04-27 00:00:00'),(193,'45698167','ZARINI','NAZARENO JOAQUIN','2024-04-27 00:00:00','2024-04-27 00:00:00'),(194,'45698169','AGUIRRE','ELIAS EZEQUIEL','2024-04-27 00:00:00','2024-04-27 00:00:00'),(195,'45722960','CAMPILLAY','CRISTINA AYELEN','2024-04-27 00:00:00','2024-04-27 00:00:00'),(196,'45753557','KLYMCZUK','MARTINA','2024-04-27 00:00:00','2024-04-27 00:00:00'),(197,'45753781','CALLEJON','CATALINA','2024-04-27 00:00:00','2024-04-27 00:00:00'),(198,'45786311','HUBER','LOLA MORA','2024-04-27 00:00:00','2024-04-27 00:00:00'),(199,'45829208','GAMARRA','MELINA DANIELA','2024-04-27 00:00:00','2024-04-27 00:00:00'),(200,'45835390','BAENA PINI','MALENA','2024-04-27 00:00:00','2024-04-27 00:00:00'),(201,'45836228','CUTA','MARIA PAZ','2024-04-27 00:00:00','2024-04-27 00:00:00'),(202,'45836242','MAX','MISAEL','2024-04-27 00:00:00','2024-04-27 00:00:00'),(203,'45838458','NIEVES','DIEGO FERNANDO','2024-04-27 00:00:00','2024-04-27 00:00:00'),(204,'45868257','CAMELINO CURUTCHET','ANAHI SUSEL','2024-04-27 00:00:00','2024-04-27 00:00:00'),(205,'45887410','GRISOTTO','FRANCO MARTIN','2024-04-27 00:00:00','2024-04-27 00:00:00'),(206,'45933490','CABRERA','FACUNDO EMILIANO','2024-04-27 00:00:00','2024-04-27 00:00:00'),(207,'45933997','LIZONDO GUTIERREZ','YAMIL QUIMEY','2024-04-27 00:00:00','2024-04-27 00:00:00'),(208,'45935197','MAYORGA','EZEQUIEL DAVID','2024-04-27 00:00:00','2024-04-27 00:00:00'),(209,'45937843','MIERES MELIDORO','ESTEFANIA ALEJANDRA','2024-04-27 00:00:00','2024-04-27 00:00:00'),(210,'46002906','VILLCA','JENNIFER JACQUELINE','2024-04-27 00:00:00','2024-04-27 00:00:00'),(211,'46011263','GASTALDO ALFONSO','ARIADNA LUCIA','2024-04-27 00:00:00','2024-04-27 00:00:00'),(212,'46017549','DI PALMA','GIAN PAULO','2024-04-27 00:00:00','2024-04-27 00:00:00'),(213,'46029110','IZAGUIRRE','MARTINA GUADALUPE','2024-04-27 00:00:00','2024-04-27 00:00:00'),(214,'46035102','ZAMORA','ANTONELLA AVRIL','2024-04-27 00:00:00','2024-04-27 00:00:00'),(215,'46035103','BRAVO OLMEDO','MILENA','2024-04-27 00:00:00','2024-04-27 00:00:00'),(216,'46035106','GIL','SOFIA MELANIA','2024-04-27 00:00:00','2024-04-27 00:00:00'),(217,'46035108','LOPEZ','MAICA LILEN','2024-04-27 00:00:00','2024-04-27 00:00:00'),(218,'46035109','OLMEDO SEYFARTH','LUCIA MAGALI','2024-04-27 00:00:00','2024-04-27 00:00:00'),(219,'46035115','CIANCIA BUTTNER','LUCA NATALIO','2024-04-27 00:00:00','2024-04-27 00:00:00'),(220,'46035116','MORENO','CELESTE ABIGAIL','2024-04-27 00:00:00','2024-04-27 00:00:00'),(221,'46035117','MARTINEZ','MILAGROS ROSARIO','2024-04-27 00:00:00','2024-04-27 00:00:00'),(222,'46035118','FRANCK AGUILERA','KIARA','2024-04-27 00:00:00','2024-04-27 00:00:00'),(223,'46035122','AGUERO MARTINEZ','ARISNE ABILENE','2024-04-27 00:00:00','2024-04-27 00:00:00'),(224,'46035124','MELGAREJO','ENZO NAHUEL','2024-04-27 00:00:00','2024-04-27 00:00:00'),(225,'46035127','LUNA CARRATALA','JUAN PABLO','2024-04-27 00:00:00','2024-04-27 00:00:00'),(226,'46035136','CACERES ARGUELLO','YASMIN AGOSTINA','2024-04-27 00:00:00','2024-04-27 00:00:00'),(227,'46035144','GALAN','CAROLA SOL','2024-04-27 00:00:00','2024-04-27 00:00:00'),(228,'46035145','SCHWAB','GUILLERMO MATIAS','2024-04-27 00:00:00','2024-04-27 00:00:00'),(229,'46035146','KNOPFLI REY','MATEO','2024-04-27 00:00:00','2024-04-27 00:00:00'),(230,'46035149','RAMIREZ CENTENO','MARIA SOLEDAD','2024-04-27 00:00:00','2024-04-27 00:00:00'),(231,'46035150','CHACON BARRERA','ALEJO','2024-04-27 00:00:00','2024-04-27 00:00:00'),(232,'46035151','AGUILERA','MATEO NICOLAS','2024-04-27 00:00:00','2024-04-27 00:00:00'),(233,'46035152','MORALES PONCE','LOURDES','2024-04-27 00:00:00','2024-04-27 00:00:00'),(234,'46035153','SUAREZ KAHL','AIN','2024-04-27 00:00:00','2024-04-27 00:00:00'),(235,'46035154','SALGADO','THOMAS AGUSTIN','2024-04-27 00:00:00','2024-04-27 00:00:00'),(236,'46035155','RUIZ DIAZ','JOAQUIN ALEJANDRO','2024-04-27 00:00:00','2024-04-27 00:00:00'),(237,'46035159','GAITAN','FRANCISCO DAVID','2024-04-27 00:00:00','2024-04-27 00:00:00'),(238,'46035160','CALDERON','PEDRO TOMAS','2024-04-27 00:00:00','2024-04-27 00:00:00'),(239,'46035161','GIMENEZ','MONICA SOLEDAD','2024-04-27 00:00:00','2024-04-27 00:00:00'),(240,'46035165','PERALTA','LUCIANO MARTIN','2024-04-27 00:00:00','2024-04-27 00:00:00'),(241,'46035169','CABRAL LUNA','LUCIA DE LOS MILAGROS','2024-04-27 00:00:00','2024-04-27 00:00:00'),(242,'46035174','CARRANZA','KIARA NAHIR','2024-04-27 00:00:00','2024-04-27 00:00:00'),(243,'46035178','CAVALLER MEDINA','YAHEL ADRIAN','2024-04-27 00:00:00','2024-04-27 00:00:00'),(244,'46035180','PALACIOS','MILAGROS SOLEDAD','2024-04-27 00:00:00','2024-04-27 00:00:00'),(245,'46035187','HEREDIA','PIA AMANDA NAZARENA','2024-04-27 00:00:00','2024-04-27 00:00:00'),(246,'46035190','MOYANO ROSSETTI','LUJAN','2024-04-27 00:00:00','2024-04-27 00:00:00'),(247,'46035195','MICUCCI','MILENA','2024-04-27 00:00:00','2024-04-27 00:00:00'),(248,'46035962','POLANCO','ALEJANDRO AGUSTIN','2024-04-27 00:00:00','2024-04-27 00:00:00'),(249,'46035983','CHARRAS','ANTONELLA ABIGAIL','2024-04-27 00:00:00','2024-04-27 00:00:00'),(250,'46037022','AGÜERO','GUADALUPE ALEJANDRA','2024-04-27 00:00:00','2024-04-27 00:00:00'),(251,'46037023','OLMEDO ARGUELLO','JOAQUIN','2024-04-27 00:00:00','2024-04-27 00:00:00'),(252,'46037026','REMIS','ANTONELLA','2024-04-27 00:00:00','2024-04-27 00:00:00'),(253,'46037028','LUCERO','RAMIRO','2024-04-27 00:00:00','2024-04-27 00:00:00'),(254,'46037029','LIENDO SALGADO','MARCO THOMAS','2024-04-27 00:00:00','2024-04-27 00:00:00'),(255,'46037365','ARCHIS CORTEZ','DELFINA','2024-04-27 00:00:00','2024-04-27 00:00:00'),(256,'46037429','PEREYRA','MATEO JOAQUIN','2024-04-27 00:00:00','2024-04-27 00:00:00'),(257,'46037451','MURUA','ROCIO YANELA','2024-04-27 00:00:00','2024-04-27 00:00:00'),(258,'46083351','TEJEDA NICOLAU','SILENE LOURDES','2024-04-27 00:00:00','2024-04-27 00:00:00'),(259,'46112635','ECHEVARRIA','SEBASTIAN NICOLAS','2024-04-27 00:00:00','2024-04-27 00:00:00'),(260,'46155454','ESTIGARRIBIA','ORIANA ROSARIO','2024-04-27 00:00:00','2024-04-27 00:00:00'),(261,'46194239','CESPEDES MARTINEZ','TOBIAS LEANDRO','2024-04-27 00:00:00','2024-04-27 00:00:00'),(262,'46226738','OLMOS','MARIEL','2024-04-27 00:00:00','2024-04-27 00:00:00'),(263,'46275539','PIGNATARO','CANDELA ABRIL','2024-04-27 00:00:00','2024-04-27 00:00:00'),(264,'46305780','RUGGERO NIEVA','SABRINA SOLEDAD','2024-04-27 00:00:00','2024-04-27 00:00:00'),(265,'46342180','ESPINO DA SILVA','MANUEL','2024-04-27 00:00:00','2024-04-27 00:00:00'),(266,'46362314','KRANZ','MICHELLE','2024-04-27 00:00:00','2024-04-27 00:00:00'),(267,'46375127','DIAZ','AGUSTIN EMANUEL','2024-04-27 00:00:00','2024-04-27 00:00:00'),(268,'46435175','MARTICH','TOBIAS','2024-04-27 00:00:00','2024-04-27 00:00:00'),(269,'46450716','FLORES SILETTO','MATIAS MIQUEAS','2024-04-27 00:00:00','2024-04-27 00:00:00'),(270,'46461432','ALDERETE','BARBARA ABIGAIL','2024-04-27 00:00:00','2024-04-27 00:00:00'),(271,'46472609','GONZALEZ','JEREMIAS','2024-04-27 00:00:00','2024-04-27 00:00:00'),(272,'46500081','GUTIERREZ','MIRANDA','2024-04-27 00:00:00','2024-04-27 00:00:00'),(273,'46506642','VALVERDIS','LISANDRO TOBIAS','2024-04-27 00:00:00','2024-04-27 00:00:00'),(274,'46507486','PEREIRA VALDEZ','VIOLETA BELEN','2024-04-27 00:00:00','2024-04-27 00:00:00'),(275,'46509006','SANCHEZ VALENZUELA','AYLEN','2024-04-27 00:00:00','2024-04-27 00:00:00'),(276,'46509009','BIANCHINI MIRANDA','VALENTIN','2024-04-27 00:00:00','2024-04-27 00:00:00'),(277,'46509010','FRIEDRICH','BRANDON NATHANIEL','2024-04-27 00:00:00','2024-04-27 00:00:00'),(278,'46509011','MOGICA','ALEXIS NICOLAS','2024-04-27 00:00:00','2024-04-27 00:00:00'),(279,'46509014','FERNANDEZ','IGNACIO','2024-04-27 00:00:00','2024-04-27 00:00:00'),(280,'46509017','FERNANDEZ FRIEDRICH','JEREMIAS','2024-04-27 00:00:00','2024-04-27 00:00:00'),(281,'46509026','BENAVIDEZ','JOAQUIN','2024-04-27 00:00:00','2024-04-27 00:00:00'),(282,'46509028','BAZAN ARGÜELLO','ALVARO','2024-04-27 00:00:00','2024-04-27 00:00:00'),(283,'46509032','MARTINEZ','MILAGROS EUNICE','2024-04-27 00:00:00','2024-04-27 00:00:00'),(284,'46509036','GIMENEZ','GUADALUPE','2024-04-27 00:00:00','2024-04-27 00:00:00'),(285,'46509037','SANCHEZ','TIAGO LEONIDAS','2024-04-27 00:00:00','2024-04-27 00:00:00'),(286,'46509043','MERLO','BRANDON NICOLAS','2024-04-27 00:00:00','2024-04-27 00:00:00'),(287,'46509044','RAMIREZ CASTALDI','TOBIAS MANUEL','2024-04-27 00:00:00','2024-04-27 00:00:00'),(288,'46509046','TORRES ALMUNA','LUCIANA','2024-04-27 00:00:00','2024-04-27 00:00:00'),(289,'46509049','LOPEZ MARTINEZ','RODRIGO AGUSTIN','2024-04-27 00:00:00','2024-04-27 00:00:00'),(290,'46509056','ROTHENBERGER','MAURICIO ANDRES','2024-04-27 00:00:00','2024-04-27 00:00:00'),(291,'46509063','LAREU CAERO','MARTIN GABRIEL','2024-04-27 00:00:00','2024-04-27 00:00:00'),(292,'46509068','INSAURRALDE','JAZMIN','2024-04-27 00:00:00','2024-04-27 00:00:00'),(293,'46509071','REYNOSO','TIARA AILEN','2024-04-27 00:00:00','2024-04-27 00:00:00'),(294,'46509074','RAMIREZ BUTTNER','TIAGO','2024-04-27 00:00:00','2024-04-27 00:00:00'),(295,'46509079','BLUM SANTA','MICAELA ANDREA','2024-04-27 00:00:00','2024-04-27 00:00:00'),(296,'46509084','VILCHEZ GORI','CAMILA MILAGROS','2024-04-27 00:00:00','2024-04-27 00:00:00'),(297,'46509090','BUSTOS CENTENO','LUDMILA LUCIANA MACARENA','2024-04-27 00:00:00','2024-04-27 00:00:00'),(298,'46509096','MURUA','LUCIA VALENTINA','2024-04-27 00:00:00','2024-04-27 00:00:00'),(299,'46509098','GRASSO','LUCIO AGUSTIN','2024-04-27 00:00:00','2024-04-27 00:00:00'),(300,'46509100','SANDOVAL','LAUTARO BAUTISTA','2024-04-27 00:00:00','2024-04-27 00:00:00'),(301,'46511833','CARBONELL','JEREMIAS','2024-04-27 00:00:00','2024-04-27 00:00:00'),(302,'46524776','VOULQUIN','NISA LUCERO','2024-04-27 00:00:00','2024-04-27 00:00:00'),(303,'46539504','CELAYA','CATALINA','2024-04-27 00:00:00','2024-04-27 00:00:00'),(304,'46539528','ROBERT','GUSTAVO PATRICIO','2024-04-27 00:00:00','2024-04-27 00:00:00'),(305,'46560846','ORLANDO','AGUSTINA','2024-04-27 00:00:00','2024-04-27 00:00:00'),(306,'46566594','SPROCH','MARLENE ANDREA','2024-04-27 00:00:00','2024-04-27 00:00:00'),(307,'46571754','FARIAS ACERBO','FÉLIX SIMÓN','2024-04-27 00:00:00','2024-04-27 00:00:00'),(308,'46580607','TORRE TUNDIS','LUCA SANTINO','2024-04-27 00:00:00','2024-04-27 00:00:00'),(309,'46584794','NICOLAS MATHISEN','AGUSTIN DIEGO','2024-04-27 00:00:00','2024-04-27 00:00:00'),(310,'46593166','ZABALA','EMMANUEL FRANCO TOMAS','2024-04-27 00:00:00','2024-04-27 00:00:00'),(311,'46633674','LUCERO','CANDELA SOLEDAD','2024-04-27 00:00:00','2024-04-27 00:00:00'),(312,'46643085','RODRIGUEZ','CAMILA AYLEN','2024-04-27 00:00:00','2024-04-27 00:00:00'),(313,'46658854','STABIO','ALEJO','2024-04-27 00:00:00','2024-04-27 00:00:00'),(314,'46707032','CORONEL','LOURDES MARIA LUZ','2024-04-27 00:00:00','2024-04-27 00:00:00'),(315,'46721807','CABRERA','ALEJANDRO DAVID','2024-04-27 00:00:00','2024-04-27 00:00:00'),(316,'46721862','OVIEDO','MARIBEL SILVANA','2024-04-27 00:00:00','2024-04-27 00:00:00'),(317,'46721918','BUSTOS LOPEZ','OZIAS NATANAEL','2024-04-27 00:00:00','2024-04-27 00:00:00'),(318,'46721947','ORIGLIA PALACIOS','MALENA','2024-04-27 00:00:00','2024-04-27 00:00:00'),(319,'46722025','GAMERO','URIEL','2024-04-27 00:00:00','2024-04-27 00:00:00'),(320,'46722052','ARREGUI FERREYRA','GIULIANO ISAIAS','2024-04-27 00:00:00','2024-04-27 00:00:00'),(321,'46722094','GALLARDO ROMERO','MELINA M','2024-04-27 00:00:00','2024-04-27 00:00:00'),(322,'46722168','ARGÜELLO','CAMILA ROSALIA','2024-04-27 00:00:00','2024-04-27 00:00:00'),(323,'46740301','CRISCUOLO','NICOLAS AUGUSTO','2024-04-27 00:00:00','2024-04-27 00:00:00'),(324,'46741061','LUCCI','DELFINA','2024-04-27 00:00:00','2024-04-27 00:00:00'),(325,'46768242','BRITOS GIMENEZ','LUDMILA ANTONELLA','2024-04-27 00:00:00','2024-04-27 00:00:00'),(326,'46768255','CALARCO DOMINGUEZ','CAMILA','2024-04-27 00:00:00','2024-04-27 00:00:00'),(327,'46768262','QUIÑONEZ CALCAGNO','JOAQUIN','2024-04-27 00:00:00','2024-04-27 00:00:00'),(328,'46768264','BUSTAMANTE','MATIAS','2024-04-27 00:00:00','2024-04-27 00:00:00'),(329,'46768339','MONTES FREITES','MATEO','2024-04-27 00:00:00','2024-04-27 00:00:00'),(330,'46771568','POLANCO PERALTA','NICOL AGUSTINA','2024-04-27 00:00:00','2024-04-27 00:00:00'),(331,'46817544','TESSORE','VALENTIN BAUTISTA','2024-04-27 00:00:00','2024-04-27 00:00:00'),(332,'46819456','HERNANDEZ','LUCRECIA MATILDE','2024-04-27 00:00:00','2024-04-27 00:00:00'),(333,'46821343','PARODI','LUANA MARIA','2024-04-27 00:00:00','2024-04-27 00:00:00'),(334,'46847389','LESCANO HEINZMANN','JESSICA SOLEDAD','2024-04-27 00:00:00','2024-04-27 00:00:00'),(335,'46847532','OLMOS','TOMAS','2024-04-27 00:00:00','2024-04-27 00:00:00'),(336,'46875626','DIAZ ARCUSA','AGUSTIN','2024-04-27 00:00:00','2024-04-27 00:00:00'),(337,'46886092','TULIAN BECKER','INGRID ABRIL','2024-04-27 00:00:00','2024-04-27 00:00:00'),(338,'46886742','ALARGUNZORO','IVAN BERNABE','2024-04-27 00:00:00','2024-04-27 00:00:00'),(339,'46888421','CUELLO','CAMILA AILEN','2024-04-27 00:00:00','2024-04-27 00:00:00'),(340,'46889210','CABRAL','LELICA AGUSTINA','2024-04-27 00:00:00','2024-04-27 00:00:00'),(341,'46890402','MARQUEZ','CATALINA ABRIL','2024-04-27 00:00:00','2024-04-27 00:00:00'),(342,'46890410','KEES BOORE','LUCIA RUTH','2024-04-27 00:00:00','2024-04-27 00:00:00'),(343,'46917655','COHEN','MARIA VICTORIA','2024-04-27 00:00:00','2024-04-27 00:00:00'),(344,'46934378','ARCE DILUCA','TOBÍAS','2024-04-27 00:00:00','2024-04-27 00:00:00'),(345,'46935855','GANDARA','ZOE ABRIL','2024-04-27 00:00:00','2024-04-27 00:00:00'),(346,'46942761','BORDA','CAMILA MARILYN','2024-04-27 00:00:00','2024-04-27 00:00:00'),(347,'46958444','CABAK','KATERINA','2024-04-27 00:00:00','2024-04-27 00:00:00'),(348,'46966587','GAMARRA','TELMA ABIGAIL','2024-04-27 00:00:00','2024-04-27 00:00:00'),(349,'46972561','CARRIZO','SANTIAGO','2024-04-27 00:00:00','2024-04-27 00:00:00'),(350,'46994214','NUÑEZ','MILAGROS ABRIL','2024-04-27 00:00:00','2024-04-27 00:00:00'),(351,'47026840','LUNGARIELLO','AZUL ROCIO','2024-04-27 00:00:00','2024-04-27 00:00:00'),(352,'47046798','ASTUDILLO PINTO','FEDERICO AGUSTIN','2024-04-27 00:00:00','2024-04-27 00:00:00'),(353,'47053448','ALFARO MAUFRE','RAMIRO','2024-04-27 00:00:00','2024-04-27 00:00:00'),(354,'47070448','VIDONI','LAUTARO','2024-04-27 00:00:00','2024-04-27 00:00:00'),(355,'47094443','DESIMONE','JULIAN','2024-04-27 00:00:00','2024-04-27 00:00:00'),(356,'47127617','PLEIMLING LAVIA','MATIAS JOAQUIN','2024-04-27 00:00:00','2024-04-27 00:00:00'),(357,'47143652','CESPEDES MARTINEZ','THIAGO GABRIEL','2024-04-27 00:00:00','2024-04-27 00:00:00'),(358,'47175016','GODOY','MARTINA','2024-04-27 00:00:00','2024-04-27 00:00:00'),(359,'47190163','AVILA','RAMIRO NICOLAS','2024-04-27 00:00:00','2024-04-27 00:00:00'),(360,'47200135','PEREZ','ANNA LAURA','2024-04-27 00:00:00','2024-04-27 00:00:00'),(361,'47213851','BONAVITA','SOL TIZIANA','2024-04-27 00:00:00','2024-04-27 00:00:00'),(362,'47217777','QUISPE CANIZARES','NAHIR BELEN','2024-04-27 00:00:00','2024-04-27 00:00:00'),(363,'47250822','PEREYRA','MIRANDA DE LOS ANGELES','2024-04-27 00:00:00','2024-04-27 00:00:00'),(364,'47250823','SCHUBERT GUZMAN','ISAÍAS NAHUEL','2024-04-27 00:00:00','2024-04-27 00:00:00'),(365,'47250824','PALACIOS','FRANCISCO JULIAN','2024-04-27 00:00:00','2024-04-27 00:00:00'),(366,'47250825','ENRIQUEZ','SOFIA','2024-04-27 00:00:00','2024-04-27 00:00:00'),(367,'47250827','BÜTTNER','ANGELA VALENTINA','2024-04-27 00:00:00','2024-04-27 00:00:00'),(368,'47250831','BUSTOS','MIA NICOLE','2024-04-27 00:00:00','2024-04-27 00:00:00'),(369,'47250832','PEÑA','PEDRO MARTIN','2024-04-27 00:00:00','2024-04-27 00:00:00'),(370,'47250833','SCHWAB','LARA ANTONELA','2024-04-27 00:00:00','2024-04-27 00:00:00'),(371,'47250842','LAMARCA','DANIEL SALVADOR','2024-04-27 00:00:00','2024-04-27 00:00:00'),(372,'47250849','SANCHEZ','LUCIA ALEJANDRA','2024-04-27 00:00:00','2024-04-27 00:00:00'),(373,'47250852','SANCHEZ RAMIREZ','VICTORIA ESTEFANIA','2024-04-27 00:00:00','2024-04-27 00:00:00'),(374,'47250853','PRADO','LOURDES AGUSTINA','2024-04-27 00:00:00','2024-04-27 00:00:00'),(375,'47250860','LUCENTINI','FRANCISCO NAHUEL','2024-04-27 00:00:00','2024-04-27 00:00:00'),(376,'47250867','PEREZ','JUAN TOMAS','2024-04-27 00:00:00','2024-04-27 00:00:00'),(377,'47250868','LEFOR RISTAU','SOL CONSTANZA','2024-04-27 00:00:00','2024-04-27 00:00:00'),(378,'47250869','CUBA','BRUNELLA','2024-04-27 00:00:00','2024-04-27 00:00:00'),(379,'47250873','PEREZ KAHL','NOELIA VALENTINA','2024-04-27 00:00:00','2024-04-27 00:00:00'),(380,'47250879','RODRIGUEZ','JUAN CRUZ','2024-04-27 00:00:00','2024-04-27 00:00:00'),(381,'47250882','MEZA FERNANDEZ','SOFIA BELEN','2024-04-27 00:00:00','2024-04-27 00:00:00'),(382,'47250888','BUSTOS','LUCAS EZEQUIEL','2024-04-27 00:00:00','2024-04-27 00:00:00'),(383,'47250892','MOLINA RAU','AINARA VALENTINA','2024-04-27 00:00:00','2024-04-27 00:00:00'),(384,'47250900','MOLINA','MORENA LUISANA','2024-04-27 00:00:00','2024-04-27 00:00:00'),(385,'47251377','DUGE DE BERNONVILLE','IVAN JEREMIAS','2024-04-27 00:00:00','2024-04-27 00:00:00'),(386,'47290887','MUNGER','JANA INES','2024-04-27 00:00:00','2024-04-27 00:00:00'),(387,'47293815','FUENTES','ALMA','2024-04-27 00:00:00','2024-04-27 00:00:00'),(388,'47297733','SALAZAR','EMILIA','2024-04-27 00:00:00','2024-04-27 00:00:00'),(389,'47304107','CAMPOS ALBERA','ÁNGELES','2024-04-27 00:00:00','2024-04-27 00:00:00'),(390,'47305406','ARGUELLO ALVAREZ','NICOLAS ISMAEL','2024-04-27 00:00:00','2024-04-27 00:00:00'),(391,'47320783','ARIAS BRIOLINI','PAULINA','2024-04-27 00:00:00','2024-04-27 00:00:00'),(392,'47352446','FLORES SILETTO','AMY MAIRE','2024-04-27 00:00:00','2024-04-27 00:00:00'),(393,'47352900','VALDEZ','PILAR','2024-04-27 00:00:00','2024-04-27 00:00:00'),(394,'47364868','DIAZ','FLORENCIA VALERIA','2024-04-27 00:00:00','2024-04-27 00:00:00'),(395,'47365513','RODRIGUEZ THEILER','IVO','2024-04-27 00:00:00','2024-04-27 00:00:00'),(396,'47370891','ZEBALLOS DUJANOFF','AQUILES LEONIDAS','2024-04-27 00:00:00','2024-04-27 00:00:00'),(397,'47385599','PANEPUCCI','CONSTANZA','2024-04-27 00:00:00','2024-04-27 00:00:00'),(398,'47404410','VALENZUELA','JUAN MARTIN','2024-04-27 00:00:00','2024-04-27 00:00:00'),(399,'47424761','RODA','JUAN CARLOS','2024-04-27 00:00:00','2024-04-27 00:00:00'),(400,'47459173','SPROCH','ERIKA LUCIANA','2024-04-27 00:00:00','2024-04-27 00:00:00'),(401,'47469192','CALVIMONTES MAMANI','ELVIRA PRISCILA','2024-04-27 00:00:00','2024-04-27 00:00:00'),(402,'47494088','SCHINELLA PERTILE','MARTINA CHIARA','2024-04-27 00:00:00','2024-04-27 00:00:00'),(403,'47567431','BUSTAMANTE','MAXIMO BAUTISTA','2024-04-27 00:00:00','2024-04-27 00:00:00'),(404,'47570651','ROBLES','MILAGROS ABRIL','2024-04-27 00:00:00','2024-04-27 00:00:00'),(405,'47578494','DIAZ','DANIELA YAZMIN','2024-04-27 00:00:00','2024-04-27 00:00:00'),(406,'47583497','QUINTEROS','JOHANA KATYA','2024-04-27 00:00:00','2024-04-27 00:00:00'),(407,'47587210','VILLA','EUGENIA','2024-04-27 00:00:00','2024-04-27 00:00:00'),(408,'47618809','IBAÑEZ','ALDANA AYLÉN','2024-04-27 00:00:00','2024-04-27 00:00:00'),(409,'47626334','OSWALD','DENIS SEBASTIAN','2024-04-27 00:00:00','2024-04-27 00:00:00'),(410,'47632747','SCHIMPF','FLORENCIA AYELEN','2024-04-27 00:00:00','2024-04-27 00:00:00'),(411,'47635726','HEREDIA','SANTIAGO ALEJANDRO','2024-04-27 00:00:00','2024-04-27 00:00:00'),(412,'47653252','GUIDA','CAMILO ALEJANDRO','2024-04-27 00:00:00','2024-04-27 00:00:00'),(413,'47665438','ROJAS','VALENTINA DEL MILAGRO','2024-04-27 00:00:00','2024-04-27 00:00:00'),(414,'47665541','FERREYRA','NICOLAS ALEJANDRO','2024-04-27 00:00:00','2024-04-27 00:00:00'),(415,'47665543','CAVALLER MEDINA','BENJAMIN TOMAS','2024-04-27 00:00:00','2024-04-27 00:00:00'),(416,'47665545','FERREYRA','GUILLERMINA ANAEL','2024-04-27 00:00:00','2024-04-27 00:00:00'),(417,'47665548','ESCALANTE','LOURDES INES','2024-04-27 00:00:00','2024-04-27 00:00:00'),(418,'47665556','CONTRERAS','ALMA JAZMIN','2024-04-27 00:00:00','2024-04-27 00:00:00'),(419,'47665558','MURUA','FRANCISCO JAVIER','2024-04-27 00:00:00','2024-04-27 00:00:00'),(420,'47665560','CUPAIOLO','GIULIANO ANDRE','2024-04-27 00:00:00','2024-04-27 00:00:00'),(421,'47665564','TORRES STAGNARO','JOAQUIN','2024-04-27 00:00:00','2024-04-27 00:00:00'),(422,'47665565','FERREYRA','GUILLERMO','2024-04-27 00:00:00','2024-04-27 00:00:00'),(423,'47665568','VILLCA AREQUIPA','KARINA JOCELIN','2024-04-27 00:00:00','2024-04-27 00:00:00'),(424,'47665577','GIMENEZ','ANGEL AGUSTIN','2024-04-27 00:00:00','2024-04-27 00:00:00'),(425,'47665580','MARTINEZ ROTHENBERGER','FACUNDO SEBASTIÁN','2024-04-27 00:00:00','2024-04-27 00:00:00'),(426,'47665585','MONTES','ALEXANDER HORACIO','2024-04-27 00:00:00','2024-04-27 00:00:00'),(427,'47665588','YAPURA GUZMAN','JORGE IGNACIO','2024-04-27 00:00:00','2024-04-27 00:00:00'),(428,'47665600','PERALTA','JUAN IGNACIO','2024-04-27 00:00:00','2024-04-27 00:00:00'),(429,'47667242','PONCE','DEMIÁN LEONEL','2024-04-27 00:00:00','2024-04-27 00:00:00'),(430,'47670177','MORALES','PRISCILA NICOLE','2024-04-27 00:00:00','2024-04-27 00:00:00'),(431,'47701905','QUINTEROS','TIAGO VALENTIN','2024-04-27 00:00:00','2024-04-27 00:00:00'),(432,'47710649','NASONE','GAETANO','2024-04-27 00:00:00','2024-04-27 00:00:00'),(433,'47727928','MEIRA','YERALDIN ANGELI','2024-04-27 00:00:00','2024-04-27 00:00:00'),(434,'47734199','ARIAS','LUDMILA AYLEN','2024-04-27 00:00:00','2024-04-27 00:00:00'),(435,'47756036','OJEDA','LUCIANO','2024-04-27 00:00:00','2024-04-27 00:00:00'),(436,'47774034','MEDINA','NURIA ABRIL','2024-04-27 00:00:00','2024-04-27 00:00:00'),(437,'47794342','GAUTO','JULIANA','2024-04-27 00:00:00','2024-04-27 00:00:00'),(438,'47802365','CANTEROS','AARON VALENTIN','2024-04-27 00:00:00','2024-04-27 00:00:00'),(439,'47823037','MAX','MAGALI','2024-04-27 00:00:00','2024-04-27 00:00:00'),(440,'47823182','MONTES FREITES','AGUSTIN','2024-04-27 00:00:00','2024-04-27 00:00:00'),(441,'47823196','CARBONELL','NAHUEL','2024-04-27 00:00:00','2024-04-27 00:00:00'),(442,'47824103','LOPEZ','AXEL MAXIMILIANO','2024-04-27 00:00:00','2024-04-27 00:00:00'),(443,'47860147','LEWANDOWSKI','AGUSTIN EMILIANO','2024-04-27 00:00:00','2024-04-27 00:00:00'),(444,'47863708','LAZO','MIA','2024-04-27 00:00:00','2024-04-27 00:00:00'),(445,'47870851','DIAMONTE','MORA','2024-04-27 00:00:00','2024-04-27 00:00:00'),(446,'47890684','LITIVIN','MAYRA DAIANA','2024-04-27 00:00:00','2024-04-27 00:00:00'),(447,'47891707','ASTUDILLO PINTO','MARIA AGOSTINA','2024-04-27 00:00:00','2024-04-27 00:00:00'),(448,'47900897','LOPEZ','MORENA','2024-04-27 00:00:00','2024-04-27 00:00:00'),(449,'47907085','TORANZO','VALENTINA BELÉN','2024-04-27 00:00:00','2024-04-27 00:00:00'),(450,'47910596','MIÑO BALMACEDA','LUDMILA ALEXANDRA','2024-04-27 00:00:00','2024-04-27 00:00:00'),(451,'47964660','CACERES AGUIRRE','CELENA YAZMIN','2024-04-27 00:00:00','2024-04-27 00:00:00'),(452,'47975092','BARBARRUSA','TOMAS PAUL','2024-04-27 00:00:00','2024-04-27 00:00:00'),(453,'47978706','ROSALES','INDIRA MAGDALENA','2024-04-27 00:00:00','2024-04-27 00:00:00'),(454,'47985739','GIMENEZ','ABRIL GIMENA','2024-04-27 00:00:00','2024-04-27 00:00:00'),(455,'47987537','COSTA VIDAURRETA','SERENA MELINA','2024-04-27 00:00:00','2024-04-27 00:00:00'),(456,'47989208','RICARTE','EVER AGUSTIN','2024-04-27 00:00:00','2024-04-27 00:00:00'),(457,'47989209','MURUA','ALMA MILAGROS','2024-04-27 00:00:00','2024-04-27 00:00:00'),(458,'47989211','BOSSIO','DELFINA','2024-04-27 00:00:00','2024-04-27 00:00:00'),(459,'47989216','DOMINGUEZ','ARIEL NICOLAS','2024-04-27 00:00:00','2024-04-27 00:00:00'),(460,'47989219','MORALES PONCE','LARA','2024-04-27 00:00:00','2024-04-27 00:00:00'),(461,'47989224','PEREYRA','LAUTARO NICOLAS','2024-04-27 00:00:00','2024-04-27 00:00:00'),(462,'47989227','MOGICA','SAMIRA MAGALI','2024-04-27 00:00:00','2024-04-27 00:00:00'),(463,'47989230','NORIEGA OLMEDO','AXEL','2024-04-27 00:00:00','2024-04-27 00:00:00'),(464,'47989238','LOPEZ FERREYRA','CANDELA NICOLE','2024-04-27 00:00:00','2024-04-27 00:00:00'),(465,'47989246','MOLINA','THIAGO PABLO','2024-04-27 00:00:00','2024-04-27 00:00:00'),(466,'47989248','DIEDRICH','BORIS','2024-04-27 00:00:00','2024-04-27 00:00:00'),(467,'47989251','ALARCON GUZMAN','CELESTE TIZIANA','2024-04-27 00:00:00','2024-04-27 00:00:00'),(468,'47989253','MAZZOLA','ALMA SOLEDAD','2024-04-27 00:00:00','2024-04-27 00:00:00'),(469,'47989260','MICUCCI','MARTINA','2024-04-27 00:00:00','2024-04-27 00:00:00'),(470,'47989261','ALANIZ','VALENTINA','2024-04-27 00:00:00','2024-04-27 00:00:00'),(471,'47989277','OLMEDO','SOFIA','2024-04-27 00:00:00','2024-04-27 00:00:00'),(472,'47989278','GARAY','IAN LUCA','2024-04-27 00:00:00','2024-04-27 00:00:00'),(473,'47989279','GALAN','NICOLE AGOSTINA','2024-04-27 00:00:00','2024-04-27 00:00:00'),(474,'47989281','CASAS','VERONICA CAROLINA','2024-04-27 00:00:00','2024-04-27 00:00:00'),(475,'47989283','PEREIRA CORVALAN','MARIA PAZ','2024-04-27 00:00:00','2024-04-27 00:00:00'),(476,'47989285','MURUA','JEREMIAS ALEXANDER','2024-04-27 00:00:00','2024-04-27 00:00:00'),(477,'47989287','PERALTA SCHULZ','SOFIA LARA','2024-04-27 00:00:00','2024-04-27 00:00:00'),(478,'47989290','SEYFARTH ZINNA','GABRIEL','2024-04-27 00:00:00','2024-04-27 00:00:00'),(479,'47989294','GUZMAN','MORENA AGOSTINA','2024-04-27 00:00:00','2024-04-27 00:00:00'),(480,'47989298','HEREDIA','FRANCISCO MATIAS','2024-04-27 00:00:00','2024-04-27 00:00:00'),(481,'48038338','MARIN','CANDELA MAIRA','2024-04-27 00:00:00','2024-04-27 00:00:00'),(482,'48040092','NIETO LELEU','BELEN MILAGROS','2024-04-27 00:00:00','2024-04-27 00:00:00'),(483,'48041306','CORONEL','JAZMIN ALMA','2024-04-27 00:00:00','2024-04-27 00:00:00'),(484,'48056268','PIGNATARO','CONSTANZA ALMA','2024-04-27 00:00:00','2024-04-27 00:00:00'),(485,'48074452','MOGICA','ALAN LUIS','2024-04-27 00:00:00','2024-04-27 00:00:00'),(486,'48094946','ITURRI','SIRO GAEL','2024-04-27 00:00:00','2024-04-27 00:00:00'),(487,'48124527','NAPAL','EMILIA ZOE','2024-04-27 00:00:00','2024-04-27 00:00:00'),(488,'48128118','LUCERO','IVANNA ABRIL','2024-04-27 00:00:00','2024-04-27 00:00:00'),(489,'48128120','FERREYRA MARTINEZ','MARIA FLORENCIA','2024-04-27 00:00:00','2024-04-27 00:00:00'),(490,'48130212','PEREYRA','VICTORIA JOSEFINA','2024-04-27 00:00:00','2024-04-27 00:00:00'),(491,'48130230','BÜTTNER','JEREMIAS','2024-04-27 00:00:00','2024-04-27 00:00:00'),(492,'48130234','SOLOAGA PEREZ','ABRIL NAYA','2024-04-27 00:00:00','2024-04-27 00:00:00'),(493,'48130240','MARINELICH','JUAN CRUZ','2024-04-27 00:00:00','2024-04-27 00:00:00'),(494,'48130270','GOMEZ','ALAN EZEQUIEL','2024-04-27 00:00:00','2024-04-27 00:00:00'),(495,'48130296','CABRERA','TIAGO LAUREANO','2024-04-27 00:00:00','2024-04-27 00:00:00'),(496,'48170876','GASTALDO ALFONSO','LAUTARO AUGUSTO','2024-04-27 00:00:00','2024-04-27 00:00:00'),(497,'48173361','SARCUNO','LUCRECIA','2024-04-27 00:00:00','2024-04-27 00:00:00'),(498,'48177631','SARVAZYAN ROMAN','YADIR','2024-04-27 00:00:00','2024-04-27 00:00:00'),(499,'48180657','ESTIGARRIBIA CIERI','EZEQUIEL','2024-04-27 00:00:00','2024-04-27 00:00:00'),(500,'48180791','LIMAS','MIRANDA','2024-04-27 00:00:00','2024-04-27 00:00:00'),(501,'48231675','MONTOYA','SOFIA MAGALI','2024-04-27 00:00:00','2024-04-27 00:00:00'),(502,'48235372','VAZQUEZ GARMASAR','MATILDA','2024-04-27 00:00:00','2024-04-27 00:00:00'),(503,'48240966','PARODI','URSULA ELEONORA','2024-04-27 00:00:00','2024-04-27 00:00:00'),(504,'48245637','MONTAÑA','PATRICIO','2024-04-27 00:00:00','2024-04-27 00:00:00'),(505,'48253150','GIMENEZ','ALEJANDRO LUIS','2024-04-27 00:00:00','2024-04-27 00:00:00'),(506,'48264989','FRANQUELLI','TIZIANO JOSE','2024-04-27 00:00:00','2024-04-27 00:00:00'),(507,'48269974','VIDELA','TOBÍAS AGUSTIN','2024-04-27 00:00:00','2024-04-27 00:00:00'),(508,'48303621','PEREYRA','JOAQUINA','2024-04-27 00:00:00','2024-04-27 00:00:00'),(509,'48326453','ALARGUNZORO','GABINO','2024-04-27 00:00:00','2024-04-27 00:00:00'),(510,'48328240','LOYOLA KIRKOROWICZ','ANTONELA LUDMILA','2024-04-27 00:00:00','2024-04-27 00:00:00'),(511,'48328264','MERLO','MATIAS YUTIEL','2024-04-27 00:00:00','2024-04-27 00:00:00'),(512,'48367455','DESIMONE','MANUEL','2024-04-27 00:00:00','2024-04-27 00:00:00'),(513,'48370926','DIAZ','MARTINA ARIANA','2024-04-27 00:00:00','2024-04-27 00:00:00'),(514,'48387372','PLEIMLING LAVIA','VALENTINA','2024-04-27 00:00:00','2024-04-27 00:00:00'),(515,'48409974','JURI GARAY','AIXA VICTORIA','2024-04-27 00:00:00','2024-04-27 00:00:00'),(516,'48422542','MARTIN','MAITENA','2024-04-27 00:00:00','2024-04-27 00:00:00'),(517,'48433404','CAMPESI','ARIADNA','2024-04-27 00:00:00','2024-04-27 00:00:00'),(518,'48453428','TUCHOLKE','IGNACIO DAVID','2024-04-27 00:00:00','2024-04-27 00:00:00'),(519,'48456975','LOZA','TOBIAS ALEJO','2024-04-27 00:00:00','2024-04-27 00:00:00'),(520,'48492866','MARTICH','AMBAR','2024-04-27 00:00:00','2024-04-27 00:00:00'),(521,'48496669','FERNANDEZ','FELIPE','2024-04-27 00:00:00','2024-04-27 00:00:00'),(522,'48522912','MARTIN','IÑAKI','2024-04-27 00:00:00','2024-04-27 00:00:00'),(523,'48533838','CHIAPPO RUPIL','TOMAS','2024-04-27 00:00:00','2024-04-27 00:00:00'),(524,'48533899','ALVARRACIN','JULIA','2024-04-27 00:00:00','2024-04-27 00:00:00'),(525,'48537999','LOPEZ','BENJAMIN','2024-04-27 00:00:00','2024-04-27 00:00:00'),(526,'48538101','BIANCHINI MIRANDA','TAYRA','2024-04-27 00:00:00','2024-04-27 00:00:00'),(527,'48538109','GRASSO','ALVARO JONAS','2024-04-27 00:00:00','2024-04-27 00:00:00'),(528,'48538110','TOLMER','JOAQUIN ANTONIO','2024-04-27 00:00:00','2024-04-27 00:00:00'),(529,'48538123','FREYTES','AGUSTIN EZEQUIEL','2024-04-27 00:00:00','2024-04-27 00:00:00'),(530,'48538128','FREYTES MAUL','AINHOA ARIADNA','2024-04-27 00:00:00','2024-04-27 00:00:00'),(531,'48538134','BARRIENTOS','JULIETA','2024-04-27 00:00:00','2024-04-27 00:00:00'),(532,'48538136','GIMENEZ','BRENDA MAGALI','2024-04-27 00:00:00','2024-04-27 00:00:00'),(533,'48538137','LENCINA','VICTORIA','2024-04-27 00:00:00','2024-04-27 00:00:00'),(534,'48538143','SEIBERT','ALEX','2024-04-27 00:00:00','2024-04-27 00:00:00'),(535,'48538145','FERNANDEZ','YAZMIN','2024-04-27 00:00:00','2024-04-27 00:00:00'),(536,'48538150','BENITEZ JUNCOS','MAXIMO TOMAS','2024-04-27 00:00:00','2024-04-27 00:00:00'),(537,'48538499','FUNES GALLARDO','BARTOLO BRAULIO','2024-04-27 00:00:00','2024-04-27 00:00:00'),(538,'48539261','RUIZ','SARA GUADALUPE','2024-04-27 00:00:00','2024-04-27 00:00:00'),(539,'48545342','VAZQUEZ','SOFIA MILAGROS','2024-04-27 00:00:00','2024-04-27 00:00:00'),(540,'48592905','NUÑEZ','LUDMILA SHAIEL','2024-04-27 00:00:00','2024-04-27 00:00:00'),(541,'48600258','FODDE','BENJAMIN TOMAS','2024-04-27 00:00:00','2024-04-27 00:00:00'),(542,'48601540','CERUSO ALMEIDA','GUIDO','2024-04-27 00:00:00','2024-04-27 00:00:00'),(543,'48607958','ZOTELO GIORDANO','ALFREDO HUGO','2024-04-27 00:00:00','2024-04-27 00:00:00'),(544,'48653201','CABALLERO','SOL GUADALUPE','2024-04-27 00:00:00','2024-04-27 00:00:00'),(545,'48671848','DIAZ','TOMAS SEBASTIAN','2024-04-27 00:00:00','2024-04-27 00:00:00'),(546,'48683376','REALES','VALENTIN','2024-04-27 00:00:00','2024-04-27 00:00:00'),(547,'48719612','OCHOA','LUDMILA ANTONELA','2024-04-27 00:00:00','2024-04-27 00:00:00'),(548,'48719981','MERLO RICARTE','IGNACIO AARON','2024-04-27 00:00:00','2024-04-27 00:00:00'),(549,'48723222','FARRIOL CUEVAS','LUA','2024-04-27 00:00:00','2024-04-27 00:00:00'),(550,'48754192','ARROYOS','MORENA MILAGROS','2024-04-27 00:00:00','2024-04-27 00:00:00'),(551,'48754197','ESCALANTE','ROCIO GUADALUPE','2024-04-27 00:00:00','2024-04-27 00:00:00'),(552,'48755103','RASCHINI','SELENA','2024-04-27 00:00:00','2024-04-27 00:00:00'),(553,'48755104','AGÜERO','GIANNA BAHIA','2024-04-27 00:00:00','2024-04-27 00:00:00'),(554,'48755109','NIETO','THIAGO ISMAEL','2024-04-27 00:00:00','2024-04-27 00:00:00'),(555,'48755111','LUJAN','LUCIANA BELEN','2024-04-27 00:00:00','2024-04-27 00:00:00'),(556,'48755112','LUJAN','VALENTINA SOL','2024-04-27 00:00:00','2024-04-27 00:00:00'),(557,'48755113','BUSTAMANTE','MORA CAMILA','2024-04-27 00:00:00','2024-04-27 00:00:00'),(558,'48755114','ZIMMERMANN','UMA','2024-04-27 00:00:00','2024-04-27 00:00:00'),(559,'48755117','ICOFF','THIAGO DAMIAN MIJAIL','2024-04-27 00:00:00','2024-04-27 00:00:00'),(560,'48755654','SZYLLER MEDINA','AMBAR','2024-04-27 00:00:00','2024-04-27 00:00:00'),(561,'48755657','JUNCOS','LUCAS TADEO','2024-04-27 00:00:00','2024-04-27 00:00:00'),(562,'48755665','FERREYRA','SORAYA','2024-04-27 00:00:00','2024-04-27 00:00:00'),(563,'48755672','VILLANUEVA GUZMAN','ALEJO ROMAN','2024-04-27 00:00:00','2024-04-27 00:00:00'),(564,'48755683','FERNANDEZ BELTRAN','ALAN JOEL','2024-04-27 00:00:00','2024-04-27 00:00:00'),(565,'48755687','RIESENBERG','DYLAN','2024-04-27 00:00:00','2024-04-27 00:00:00'),(566,'48755690','PEDERNERA','AYLEN AGOSTINA','2024-04-27 00:00:00','2024-04-27 00:00:00'),(567,'48755691','ACOSTA OLMEDO','BRUNELLA ZOE','2024-04-27 00:00:00','2024-04-27 00:00:00'),(568,'48755699','EVANGELISTA','JULIETA','2024-04-27 00:00:00','2024-04-27 00:00:00'),(569,'48814891','PEREYRA','TAMARA LUDMILA','2024-04-27 00:00:00','2024-04-27 00:00:00'),(570,'48815453','ALVELO','ALEJANDRA SOLEDAD','2024-04-27 00:00:00','2024-04-27 00:00:00'),(571,'48816203','PREININGER','GIL FRANCESCA','2024-04-27 00:00:00','2024-04-27 00:00:00'),(572,'48816206','MORENO','THIAGO JOAQUIN','2024-04-27 00:00:00','2024-04-27 00:00:00'),(573,'48816208','APARICIO','KIARA MAGALI','2024-04-27 00:00:00','2024-04-27 00:00:00'),(574,'48816210','ACOSTA','LUCA JOAQUIN','2024-04-27 00:00:00','2024-04-27 00:00:00'),(575,'48816219','VILLAGGI WEDAHL','MAXIMO GABRIEL','2024-04-27 00:00:00','2024-04-27 00:00:00'),(576,'48816220','MENENDEZ','AGUSTIN LEONEL','2024-04-27 00:00:00','2024-04-27 00:00:00'),(577,'48816232','MARTINEZ','CATALINA MILAGROS','2024-04-27 00:00:00','2024-04-27 00:00:00'),(578,'48816237','MONCADA','LUDMILA DESIREE','2024-04-27 00:00:00','2024-04-27 00:00:00'),(579,'48816239','BIDELA','CARLA ANABEL','2024-04-27 00:00:00','2024-04-27 00:00:00'),(580,'48816281','MORENO','AXEL YAMIL','2024-04-27 00:00:00','2024-04-27 00:00:00'),(581,'48816285','TEJEDOR','BRUNO DEMIAN','2024-04-27 00:00:00','2024-04-27 00:00:00'),(582,'48816287','ROSADO','MILAGROS NAHIR','2024-04-27 00:00:00','2024-04-27 00:00:00'),(583,'48816298','MERLO','MORENA GUADALUPE','2024-04-27 00:00:00','2024-04-27 00:00:00'),(584,'48868447','BEN RAMPI','GIULIANA MARTINA','2024-04-27 00:00:00','2024-04-27 00:00:00'),(585,'48902163','SALGADO','MARTINA NAHIARA','2024-04-27 00:00:00','2024-04-27 00:00:00'),(586,'48902169','OLMEDO','MILAGROS','2024-04-27 00:00:00','2024-04-27 00:00:00'),(587,'48903897','DEL - FOR CONTRERAS','ANTONELLA','2024-04-27 00:00:00','2024-04-27 00:00:00'),(588,'48905277','PASQUETTI','ALAN BENJAMÍN','2024-04-27 00:00:00','2024-04-27 00:00:00'),(589,'48951420','GONZALEZ','YESICA PAOLA','2024-04-27 00:00:00','2024-04-27 00:00:00'),(590,'48952605','RODAS','RONAL ELIAS','2024-04-27 00:00:00','2024-04-27 00:00:00'),(591,'48997199','BARBEITOS','NEHUEN ARIEL','2024-04-27 00:00:00','2024-04-27 00:00:00'),(592,'49009248','SCHINELLA PERTILE','MICAELA','2024-04-27 00:00:00','2024-04-27 00:00:00'),(593,'49037514','HERNANDEZ','MARTIN URIEL','2024-04-27 00:00:00','2024-04-27 00:00:00'),(594,'49079922','GENARI','JOAQUIN ALFREDO','2024-04-27 00:00:00','2024-04-27 00:00:00'),(595,'49087762','CANTEROS','OSCAR','2024-04-27 00:00:00','2024-04-27 00:00:00'),(596,'49112591','MARTIN','SEBASTIAN ARIEL','2024-04-27 00:00:00','2024-04-27 00:00:00'),(597,'49128349','PONCE','GUADALUPE ROCÍO','2024-04-27 00:00:00','2024-04-27 00:00:00'),(598,'49144687','BAEZ','VALENTINO MARTIN','2024-04-27 00:00:00','2024-04-27 00:00:00'),(599,'49166987','CUBICINO','CIRO NAHUEL','2024-04-27 00:00:00','2024-04-27 00:00:00'),(600,'49169794','AMICO','JUAN IGNACIO','2024-04-27 00:00:00','2024-04-27 00:00:00'),(601,'49221556','BUSTO LOPEZ','ZOE MARGARITA','2024-04-27 00:00:00','2024-04-27 00:00:00'),(602,'49241916','PANEPUCCI','VALENTINO ROCCO','2024-04-27 00:00:00','2024-04-27 00:00:00'),(603,'49290959','BARBOZA','JEREMIAS JOSE','2024-04-27 00:00:00','2024-04-27 00:00:00'),(604,'49307436','NEGROTTO','JAZMIN','2024-04-27 00:00:00','2024-04-27 00:00:00'),(605,'49318740','FURFARO','THIAGO GABRIEL','2024-04-27 00:00:00','2024-04-27 00:00:00'),(606,'49319118','ROBLES GONTEK','BRYANNA','2024-04-27 00:00:00','2024-04-27 00:00:00'),(607,'49323605','PEREZ GARAY','EMILIA AGUSTINA','2024-04-27 00:00:00','2024-04-27 00:00:00'),(608,'49323608','SARGIOTTI','ERNESTINA','2024-04-27 00:00:00','2024-04-27 00:00:00'),(609,'49323628','RUIZ GIMENEZ','JOAQUIN BENJAMIN','2024-04-27 00:00:00','2024-04-27 00:00:00'),(610,'49324876','GUAIMAN VERA','ESTEBAN SANTINO','2024-04-27 00:00:00','2024-04-27 00:00:00'),(611,'49371025','MARTEL MACEIRA','CATALINA','2024-04-27 00:00:00','2024-04-27 00:00:00'),(612,'49384524','MEDINA','SANTIAGO SHAMEL','2024-04-27 00:00:00','2024-04-27 00:00:00'),(613,'49404202','FERNANDEZ','HELIANA BELEN','2024-04-27 00:00:00','2024-04-27 00:00:00'),(614,'49415440','CASERTA','ELIAS JOSÉ','2024-04-27 00:00:00','2024-04-27 00:00:00'),(615,'49435614','ARLANDINI DUARTE','TAIANA CELESTE','2024-04-27 00:00:00','2024-04-27 00:00:00'),(616,'49455809','OLMEDO PEREYRA','MELISA ANTONELA','2024-04-27 00:00:00','2024-04-27 00:00:00'),(617,'49455812','ACUÑA REARTES','JONATHAN BENJAMIN','2024-04-27 00:00:00','2024-04-27 00:00:00'),(618,'49455815','SCHERZER','AMBAR EMILIA','2024-04-27 00:00:00','2024-04-27 00:00:00'),(619,'49455826','VALLEJOS ZAMORA','JAZMIN AGUSTINA','2024-04-27 00:00:00','2024-04-27 00:00:00'),(620,'49455830','OLMEDO','JAZMIN ALEJANDRA','2024-04-27 00:00:00','2024-04-27 00:00:00'),(621,'49455834','GONZALEZ PALACIO','ROSARIO MILENA','2024-04-27 00:00:00','2024-04-27 00:00:00'),(622,'49455836','DIEDRICH','AGUSTIN','2024-04-27 00:00:00','2024-04-27 00:00:00'),(623,'49455838','VILLCA','MACARENA NICOLLE','2024-04-27 00:00:00','2024-04-27 00:00:00'),(624,'49455839','SANCHEZ','KARINA NATALIA','2024-04-27 00:00:00','2024-04-27 00:00:00'),(625,'49455842','NORIEGA','ELIAN SAMUEL','2024-04-27 00:00:00','2024-04-27 00:00:00'),(626,'49455843','YAPURA REKOFSKY','BENJAMIN','2024-04-27 00:00:00','2024-04-27 00:00:00'),(627,'49455855','TORANZO PEÑALOZA','CATALINA','2024-04-27 00:00:00','2024-04-27 00:00:00'),(628,'49455858','PALACIOS','PAULINA JAZMIN','2024-04-27 00:00:00','2024-04-27 00:00:00'),(629,'49455863','DUCLO JAIME','BENJAMIN IVAN','2024-04-27 00:00:00','2024-04-27 00:00:00'),(630,'49455865','GALLARDO ROMERO','CATERINA','2024-04-27 00:00:00','2024-04-27 00:00:00'),(631,'49455866','CZAUDERNA','ZOE','2024-04-27 00:00:00','2024-04-27 00:00:00'),(632,'49455877','QUINTEROS','LUNA DELFINA','2024-04-27 00:00:00','2024-04-27 00:00:00'),(633,'49455878','RODRIGUEZ ALOMO','VICTORIA ANABEL','2024-04-27 00:00:00','2024-04-27 00:00:00'),(634,'49455883','MARTI','THIAGO NICOLAS','2024-04-27 00:00:00','2024-04-27 00:00:00'),(635,'49455889','MOYA','VALENTIN ENRIQUE','2024-04-27 00:00:00','2024-04-27 00:00:00'),(636,'49455890','SCHUBERT GUZMAN','JUAN GÜNTER','2024-04-27 00:00:00','2024-04-27 00:00:00'),(637,'49455899','RUIZ OZAN','LUDMILA MILAGROS','2024-04-27 00:00:00','2024-04-27 00:00:00'),(638,'49457520','WALTER','AGUSTIN','2024-04-27 00:00:00','2024-04-27 00:00:00'),(639,'49458710','LUJAN','VALENTIN ALEJANDRO','2024-04-27 00:00:00','2024-04-27 00:00:00'),(640,'49459557','VERA','TATIANA ANTONELLA','2024-04-27 00:00:00','2024-04-27 00:00:00'),(641,'49460716','GILLETA','TIZIANA','2024-04-27 00:00:00','2024-04-27 00:00:00'),(642,'49487135','ENCINA','VALENTINO','2024-04-27 00:00:00','2024-04-27 00:00:00'),(643,'49496964','ESTEVES CUELLAR','YOEL FRANKLIN','2024-04-27 00:00:00','2024-04-27 00:00:00'),(644,'49497126','TOCONAS DIAZ','ARIEL','2024-04-27 00:00:00','2024-04-27 00:00:00'),(645,'49502266','ALTAMIRANO MERLO','SILENE ABIGAIL','2024-04-27 00:00:00','2024-04-27 00:00:00'),(646,'49550097','BAUTISTA CONDORI','RODRIGO THIAGO','2024-04-27 00:00:00','2024-04-27 00:00:00'),(647,'49559295','CORIA','TOMÁS AGUSTÍN','2024-04-27 00:00:00','2024-04-27 00:00:00'),(648,'49585033','VALDEZ','JAZMÍN','2024-04-27 00:00:00','2024-04-27 00:00:00'),(649,'49607735','SAYAGO','KIANA YAMEL','2024-04-27 00:00:00','2024-04-27 00:00:00'),(650,'49647778','FRIEDL SAMMARTINO','LUCIA','2024-04-27 00:00:00','2024-04-27 00:00:00'),(651,'49661848','RODAS SILVERO','HECTOR JULIAN','2024-04-27 00:00:00','2024-04-27 00:00:00'),(652,'49697620','AVACA HERRERA','JUAN MANUEL','2024-04-27 00:00:00','2024-04-27 00:00:00'),(653,'49716541','ALARCÓN GUZMÁN','GASTÓN MARTINIANO','2024-04-27 00:00:00','2024-04-27 00:00:00'),(654,'49716907','TORRES MOLINA','ALMA AGUSTINA','2024-04-27 00:00:00','2024-04-27 00:00:00'),(655,'49716911','FREYTES','YAMILA ANTONELLA','2024-04-27 00:00:00','2024-04-27 00:00:00'),(656,'49716919','RODRIGUEZ CESPEDES','SANTIAGO AGUSTIN','2024-04-27 00:00:00','2024-04-27 00:00:00'),(657,'49716938','CAPELIN LIVIERO','TAO','2024-04-27 00:00:00','2024-04-27 00:00:00'),(658,'49716950','OVIEDO CORTEZ','MALENA QUIMEY','2024-04-27 00:00:00','2024-04-27 00:00:00'),(659,'49716956','BUSTOS','ANTHONY SEBASTIAN','2024-04-27 00:00:00','2024-04-27 00:00:00'),(660,'49716962','ALIVE','JUAN CRUZ','2024-04-27 00:00:00','2024-04-27 00:00:00'),(661,'49716965','ORELLANA GONZALEZ','JOAQUIN LAUTARO','2024-04-27 00:00:00','2024-04-27 00:00:00'),(662,'49716967','GONZALEZ ANRIQUE','LEON EZEQUIEL','2024-04-27 00:00:00','2024-04-27 00:00:00'),(663,'49716969','VILLARREAL','VALENTIN ALEXIS','2024-04-27 00:00:00','2024-04-27 00:00:00'),(664,'49716973','PATIÑO','SANTINO NAHUEL','2024-04-27 00:00:00','2024-04-27 00:00:00'),(665,'49716975','NUTTING RODRIGUEZ','JAZMIN','2024-04-27 00:00:00','2024-04-27 00:00:00'),(666,'49716976','MARTINEZ SOTO','SEILA','2024-04-27 00:00:00','2024-04-27 00:00:00'),(667,'49716981','FINKE','INGRID KATHERINE','2024-04-27 00:00:00','2024-04-27 00:00:00'),(668,'49716986','FERREYRA','CATALINA','2024-04-27 00:00:00','2024-04-27 00:00:00'),(669,'49716991','MENENDEZ','THIAGO DYLAN','2024-04-27 00:00:00','2024-04-27 00:00:00'),(670,'49716994','BAIGORRIA','ROGER SAMUEL','2024-04-27 00:00:00','2024-04-27 00:00:00'),(671,'49716997','MEDRANO','KEVIN','2024-04-27 00:00:00','2024-04-27 00:00:00'),(672,'49718562','CENTAMORI','THIAGO ALEXIS','2024-04-27 00:00:00','2024-04-27 00:00:00'),(673,'49719273','AMESA','CARLOS EZEQUIEL','2024-04-27 00:00:00','2024-04-27 00:00:00'),(674,'49720155','ALMEIDA RESTELLI','MALENA','2024-04-27 00:00:00','2024-04-27 00:00:00'),(675,'49757645','MAUBECIN','JOAQUIN','2024-04-27 00:00:00','2024-04-27 00:00:00'),(676,'49766137','GARCIA RODRIGUEZ','TIZIANO URIEL','2024-04-27 00:00:00','2024-04-27 00:00:00'),(677,'49766150','OTERO','BAUTISTA','2024-04-27 00:00:00','2024-04-27 00:00:00'),(678,'49766174','RUIZ','KIARA NAIARA','2024-04-27 00:00:00','2024-04-27 00:00:00'),(679,'49766435','LITIVIN','MILAGROS AYELEN','2024-04-27 00:00:00','2024-04-27 00:00:00'),(680,'49766453','MARTINEZ','MICAELA GUADALUPE','2024-04-27 00:00:00','2024-04-27 00:00:00'),(681,'49768034','MACHADO','SANTINO VALENTIN','2024-04-27 00:00:00','2024-04-27 00:00:00'),(682,'49768712','BERISSO SEQUEIRA','SANTIAGO EMANUEL','2024-04-27 00:00:00','2024-04-27 00:00:00'),(683,'49768719','MERLO','MILENA MAGALI','2024-04-27 00:00:00','2024-04-27 00:00:00'),(684,'49837116','CORDOBA','CAMILA GERALDINE','2024-04-27 00:00:00','2024-04-27 00:00:00'),(685,'49863425','GIL','MORENA GUADALUPE','2024-04-27 00:00:00','2024-04-27 00:00:00'),(686,'49866762','PAEZ','GERONIMO','2024-04-27 00:00:00','2024-04-27 00:00:00'),(687,'49952087','CELAYA','FRANCISCO','2024-04-27 00:00:00','2024-04-27 00:00:00'),(688,'49952088','CELAYA','AUGUSTO','2024-04-27 00:00:00','2024-04-27 00:00:00'),(689,'49963883','ACEVEDO PEREZ','TOBIAS URIEL','2024-04-27 00:00:00','2024-04-27 00:00:00'),(690,'49964540','QUEVEDO','MATIAS GASTON','2024-04-27 00:00:00','2024-04-27 00:00:00'),(691,'49993784','VAZQUEZ','JULIAN EZEQUIEL','2024-04-27 00:00:00','2024-04-27 00:00:00'),(692,'49996879','AVILA','MAXIMO GERMAN','2024-04-27 00:00:00','2024-04-27 00:00:00'),(693,'49997085','VENICA MARIANO','BENJAMIN','2024-04-27 00:00:00','2024-04-27 00:00:00'),(694,'50033122','ANTIVERO SALGADO','ALMENDRA VICTORIA','2024-04-27 00:00:00','2024-04-27 00:00:00'),(695,'50033525','PASQUETTI','MILAGROS VALENTINA','2024-04-27 00:00:00','2024-04-27 00:00:00'),(696,'50081310','BECKMANN GUTIERREZ','THIAGO JOEL','2024-04-27 00:00:00','2024-04-27 00:00:00'),(697,'50091901','TOLMER','IAN FACUNDO','2024-04-27 00:00:00','2024-04-27 00:00:00'),(698,'50091909','CENTENO AGUILAR','THIAGO RODRIGO','2024-04-27 00:00:00','2024-04-27 00:00:00'),(699,'50091918','VILLA','JULIA BERENICE MILAGROS','2024-04-27 00:00:00','2024-04-27 00:00:00'),(700,'50091928','OVIEDO LINDON','PRISCILA AYELEN','2024-04-27 00:00:00','2024-04-27 00:00:00'),(701,'50091934','NORIEGA','MAIA BRUNELLA','2024-04-27 00:00:00','2024-04-27 00:00:00'),(702,'50091952','RODRIGUEZ','CONRADO','2024-04-27 00:00:00','2024-04-27 00:00:00'),(703,'50091954','TORRES FIGUERA','FERMIN','2024-04-27 00:00:00','2024-04-27 00:00:00'),(704,'50091959','PERALTA SCHULZ','MATEO','2024-04-27 00:00:00','2024-04-27 00:00:00'),(705,'50091961','ROJAS','INGRID GIMENA','2024-04-27 00:00:00','2024-04-27 00:00:00'),(706,'50091965','FERREYRA','BENJAMIN','2024-04-27 00:00:00','2024-04-27 00:00:00'),(707,'50091978','RIVERO','THIAGO NATAN','2024-04-27 00:00:00','2024-04-27 00:00:00'),(708,'50091990','MERLO','ISAIAS SANTINO','2024-04-27 00:00:00','2024-04-27 00:00:00'),(709,'50091994','DANILUQUI','DELFINA FRANCESCA','2024-04-27 00:00:00','2024-04-27 00:00:00'),(710,'50091995','PEREYRA','THIAGO BENJAMIN','2024-04-27 00:00:00','2024-04-27 00:00:00'),(711,'50091999','MARTINEZ','MATTEO','2024-04-27 00:00:00','2024-04-27 00:00:00'),(712,'50092000','MARTINEZ','LAUTARO','2024-04-27 00:00:00','2024-04-27 00:00:00'),(713,'50106695','ARDILES','FRIDA BRUNELLA','2024-04-27 00:00:00','2024-04-27 00:00:00'),(714,'50140675','WILSON','MAIA VALENTINA','2024-04-27 00:00:00','2024-04-27 00:00:00'),(715,'50179395','VILCHEZ','VALENTINO ADRIAN','2024-04-27 00:00:00','2024-04-27 00:00:00'),(716,'50179725','ARREGUI FERREYRA','MIA JULIETA AGOSTINA','2024-04-27 00:00:00','2024-04-27 00:00:00'),(717,'50179729','PONCE','LAZARO','2024-04-27 00:00:00','2024-04-27 00:00:00'),(718,'50202903','ROMERO','MANUEL','2024-04-27 00:00:00','2024-04-27 00:00:00'),(719,'50239513','GILI','HAZIEL','2024-04-27 00:00:00','2024-04-27 00:00:00'),(720,'50260791','ZALAZAR','MARIA ALEJANDRA','2024-04-27 00:00:00','2024-04-27 00:00:00'),(721,'50261997','DELFINI','THIAGO','2024-04-27 00:00:00','2024-04-27 00:00:00'),(722,'50262337','BERTERAME','EVA NICOLE','2024-04-27 00:00:00','2024-04-27 00:00:00'),(723,'50322133','MORENO','BENJAMIN TAHIEL','2024-04-27 00:00:00','2024-04-27 00:00:00'),(724,'50328975','NASONE','DORIAN','2024-04-27 00:00:00','2024-04-27 00:00:00'),(725,'50334173','POLI','MAXIMO','2024-04-27 00:00:00','2024-04-27 00:00:00'),(726,'50344504','VERA','JASMIN','2024-04-27 00:00:00','2024-04-27 00:00:00'),(727,'50413171','PONCE','SARA MALENA','2024-04-27 00:00:00','2024-04-27 00:00:00'),(728,'50418792','GAETA','GIANNI VINCENZO','2024-04-27 00:00:00','2024-04-27 00:00:00'),(729,'50425096','DE NICOLAI','AITANA','2024-04-27 00:00:00','2024-04-27 00:00:00'),(730,'50430108','LEYES','ANTONELLA ESMERALDA','2024-04-27 00:00:00','2024-04-27 00:00:00'),(731,'50437771','PALERMO','KIARA JAZMIN','2024-04-27 00:00:00','2024-04-27 00:00:00'),(732,'50452991','PALACIOS','TIZIANA INES','2024-04-27 00:00:00','2024-04-27 00:00:00'),(733,'50469374','MONJE','ALMA ABRIL','2024-04-27 00:00:00','2024-04-27 00:00:00'),(734,'50495402','WALAS SEQUI','LARA','2024-04-27 00:00:00','2024-04-27 00:00:00'),(735,'50505056','RIOS','JONAS MIGUEL','2024-04-27 00:00:00','2024-04-27 00:00:00'),(736,'50506058','FERRERO CORTEZ','LARA','2024-04-27 00:00:00','2024-04-27 00:00:00'),(737,'50523334','TIRABOSQUI LUNA','LAUTARO EZEQUIEL','2024-04-27 00:00:00','2024-04-27 00:00:00'),(738,'50523340','CALZON LUNA','FLORENCIA AITANA','2024-04-27 00:00:00','2024-04-27 00:00:00'),(739,'50531697','NAVARRO','TOBIAS JOEL','2024-04-27 00:00:00','2024-04-27 00:00:00'),(740,'50553951','PEDROZO','LUCAS AGUSTIN','2024-04-27 00:00:00','2024-04-27 00:00:00'),(741,'50585932','GOMEZ HERMANN','LUANA CRISTAL','2024-04-27 00:00:00','2024-04-27 00:00:00'),(742,'50586567','SUAREZ ARGUELLO','MAXIMO','2024-04-27 00:00:00','2024-04-27 00:00:00'),(743,'50590188','NAVAZO','LISANDRO','2024-04-27 00:00:00','2024-04-27 00:00:00'),(744,'50598225','GOMEZ','ZOE JAZMIN','2024-04-27 00:00:00','2024-04-27 00:00:00'),(745,'50603335','CARRASCO OSSANA','FRANCISCO','2024-04-27 00:00:00','2024-04-27 00:00:00'),(746,'50603538','SAUCE','VICTORIA','2024-04-27 00:00:00','2024-04-27 00:00:00'),(747,'50632303','OLMEDO PABLOFF','ALVARO','2024-04-27 00:00:00','2024-04-27 00:00:00'),(748,'50632411','CARRANZA','JONATHAN JOAQUIN','2024-04-27 00:00:00','2024-04-27 00:00:00'),(749,'50632448','MELGAREJO','MICAELA CELESTE','2024-04-27 00:00:00','2024-04-27 00:00:00'),(750,'50634606','RIVARA BENAVIDEZ','ALMA AGOSTINA','2024-04-27 00:00:00','2024-04-27 00:00:00'),(751,'50634607','TEJEDOR','SANTINO JOAQUIN','2024-04-27 00:00:00','2024-04-27 00:00:00'),(752,'50634612','HOLOSBAK ZAPATA','SANTINO','2024-04-27 00:00:00','2024-04-27 00:00:00'),(753,'50634614','MARTINEZ','SERENA DANIELA','2024-04-27 00:00:00','2024-04-27 00:00:00'),(754,'50634621','REYNOSO CONTRERAS','KATIA SOFIA','2024-04-27 00:00:00','2024-04-27 00:00:00'),(755,'50634624','CUPAIOLO FRIEDL','BAUTISTA','2024-04-27 00:00:00','2024-04-27 00:00:00'),(756,'50634626','CORIA TERRY','LAUTARO ELIEZER','2024-04-27 00:00:00','2024-04-27 00:00:00'),(757,'50634630','BOSSIO','LUCA','2024-04-27 00:00:00','2024-04-27 00:00:00'),(758,'50634632','CEBALLOS CEBALLOS','MARIA LOURDES','2024-04-27 00:00:00','2024-04-27 00:00:00'),(759,'50634634','HUBELI','MAXIMO','2024-04-27 00:00:00','2024-04-27 00:00:00'),(760,'50634642','GARAY','JULIETA NAHIARA','2024-04-27 00:00:00','2024-04-27 00:00:00'),(761,'50634643','MÜLLER','EMILIA DELFINA','2024-04-27 00:00:00','2024-04-27 00:00:00'),(762,'50634644','NILO','VALENTINA','2024-04-27 00:00:00','2024-04-27 00:00:00'),(763,'50634653','PEREZ','SEGUNDO BENJAMIN','2024-04-27 00:00:00','2024-04-27 00:00:00'),(764,'50634655','VALENZUELA','AGOSTINA NICOLLE','2024-04-27 00:00:00','2024-04-27 00:00:00'),(765,'50634670','RODRIGUEZ ALOMO','LOURDES GUILLERMINA','2024-04-27 00:00:00','2024-04-27 00:00:00'),(766,'50634679','CEBALLOS','EMMA JAZMIN','2024-04-27 00:00:00','2024-04-27 00:00:00'),(767,'50634682','GAMERO','BAUTISTA','2024-04-27 00:00:00','2024-04-27 00:00:00'),(768,'50634699','MOLINA FERREYRA','SANTINO JOAQUIN','2024-04-27 00:00:00','2024-04-27 00:00:00'),(769,'50634816','BUSTOS','MARTINA ELUNEY','2024-04-27 00:00:00','2024-04-27 00:00:00'),(770,'50634841','MERLO','SOLEDAD','2024-04-27 00:00:00','2024-04-27 00:00:00'),(771,'50683284','FLEITAS','RAMONA YOSELI','2024-04-27 00:00:00','2024-04-27 00:00:00'),(772,'50698667','BAZAN GASAN','ALEXANDER ELIEZER','2024-04-27 00:00:00','2024-04-27 00:00:00'),(773,'50699993','RIOS','AYLEN MAGALI','2024-04-27 00:00:00','2024-04-27 00:00:00'),(774,'50739288','CUBICINO','AYLEN TIZIANA','2024-04-27 00:00:00','2024-04-27 00:00:00'),(775,'50741969','SANCHEZ','SAMIR EITAN','2024-04-27 00:00:00','2024-04-27 00:00:00'),(776,'50742204','SALTO CABRERA','THIAGO VALENTINO','2024-04-27 00:00:00','2024-04-27 00:00:00'),(777,'50742220','MARTINEZ ONORATTO','JAZMIN JULIETA','2024-04-27 00:00:00','2024-04-27 00:00:00'),(778,'50755633','MILESI','THIAGO DAVID','2024-04-27 00:00:00','2024-04-27 00:00:00'),(779,'50766220','VIZZO','THIAGO','2024-04-27 00:00:00','2024-04-27 00:00:00'),(780,'50775519','BAEZ CALDERON','MIA GERALDINE','2024-04-27 00:00:00','2024-04-27 00:00:00'),(781,'50830132','CACERES','DAVID JOAQUIN','2024-04-27 00:00:00','2024-04-27 00:00:00'),(782,'50835807','MAIDANA MICHELL','JULIA CELESTE','2024-04-27 00:00:00','2024-04-27 00:00:00'),(783,'50836436','CHARRAS','LAUTARO GABRIEL','2024-04-27 00:00:00','2024-04-27 00:00:00'),(784,'50842190','VIAÑO','ZOE MARTINA','2024-04-27 00:00:00','2024-04-27 00:00:00'),(785,'50903394','ESPINOSA','JUANA CAROLA','2024-04-27 00:00:00','2024-04-27 00:00:00'),(786,'50931260','CEBALLOS AYALA','BIANCA JAZMIN','2024-04-27 00:00:00','2024-04-27 00:00:00'),(787,'50931274','DURAN COLNAGO','MALENA ISABEL','2024-04-27 00:00:00','2024-04-27 00:00:00'),(788,'50931316','DEL FOR','ELUNEY','2024-04-27 00:00:00','2024-04-27 00:00:00'),(789,'50931317','GARCIA','ALMA LUCIA','2024-04-27 00:00:00','2024-04-27 00:00:00'),(790,'50971126','GOMEZ','BAUTISTA VALENTIN','2024-04-27 00:00:00','2024-04-27 00:00:00'),(791,'50971147','DE SIMONE','BIANCA','2024-04-27 00:00:00','2024-04-27 00:00:00'),(792,'51010161','IGLESIAS DELGADO','LOLA DEL ROSARIO','2024-04-27 00:00:00','2024-04-27 00:00:00'),(793,'51013768','DIAZ NAVA','LUNA','2024-04-27 00:00:00','2024-04-27 00:00:00'),(794,'51026008','MONTOYA SCHONFELD','AGUSTIN','2024-04-27 00:00:00','2024-04-27 00:00:00'),(795,'51033867','BECKMANN GUTIERREZ','AXEL BENJAMIN','2024-04-27 00:00:00','2024-04-27 00:00:00'),(796,'51033873','VARELA','SANTIAGO DAVID','2024-04-27 00:00:00','2024-04-27 00:00:00'),(797,'51033875','PREININGER OLMEDO','MALENA DENISE','2024-04-27 00:00:00','2024-04-27 00:00:00'),(798,'51035817','GIRA BAIGORRIA','MICHAEL ROBERTO BENJAMIN','2024-04-27 00:00:00','2024-04-27 00:00:00'),(799,'51125037','SANJURJO SGUERZO','JUAN CRUZ','2024-04-27 00:00:00','2024-04-27 00:00:00'),(800,'51221918','REGGIANI','MARCOS NEHUEN','2024-04-27 00:00:00','2024-04-27 00:00:00'),(801,'51297338','GILI','LEONEL','2024-04-27 00:00:00','2024-04-27 00:00:00'),(802,'52096969','DOMINGUEZ CARRILLO','ELIAN','2024-04-27 00:00:00','2024-04-27 00:00:00'),(803,'53420253','MARQUEZ','MAXIMILIANO DANIEL','2024-04-27 00:00:00','2024-04-27 00:00:00'),(804,'54947293','DEL VALLE','FATIMA ISABEL','2024-04-27 00:00:00','2024-04-27 00:00:00'),(805,'94410697','GARMASAR VAZQUEZ','MAXIMO','2024-04-27 00:00:00','2024-04-27 00:00:00'),(806,'94707469','DIAZ NAVA','ANA LIZBETH','2024-04-27 00:00:00','2024-04-27 00:00:00'),(807,'94809271','RODRIGUEZ ROMERO','SOFIA BELEN','2024-04-27 00:00:00','2024-04-27 00:00:00'),(808,'94818244','SOSA','INES ALICIA','2024-04-27 00:00:00','2024-04-27 00:00:00'),(809,'95048224','CALLO CRUZ','RICHARD','2024-04-27 00:00:00','2024-04-27 00:00:00'),(810,'95061101','MONGES AREVALOS','FLORA ARACELI','2024-04-27 00:00:00','2024-04-27 00:00:00'),(811,'95255017','GUERRERO PEREIRA','JHONATAN','2024-04-27 00:00:00','2024-04-27 00:00:00'),(812,'95308963','CAMACHO SALAZAR','NELDY','2024-04-27 00:00:00','2024-04-27 00:00:00'),(813,'95308967','CAMACHO SALAZAR','AILEENS','2024-04-27 00:00:00','2024-04-27 00:00:00'),(814,'95525571','BERTOLLINI SOSA','WENDY STEPHANIE','2024-04-27 00:00:00','2024-04-27 00:00:00'),(815,'95843395','DE LUCA PORTO','DIEGO ALESSANDRO','2024-04-27 00:00:00','2024-04-27 00:00:00'),(816,'AAF72819','MOLTRASSIO EPIFANIO','TIZIANO','2024-04-27 00:00:00','2024-04-27 00:00:00'),(817,'YB5120307','CINTI','THOMAS','2024-04-27 00:00:00','2024-04-27 00:00:00');
/*!40000 ALTER TABLE `alumnos` ENABLE KEYS */;
UNLOCK TABLES;

--
-- Table structure for table `calificaciones`
--

DROP TABLE IF EXISTS `calificaciones`;
/*!40101 SET @saved_cs_client     = @@character_set_client */;
/*!50503 SET character_set_client = utf8mb4 */;
CREATE TABLE `calificaciones` (
  `id_calificacion` int NOT NULL AUTO_INCREMENT,
  `calificacion` varchar(4) NOT NULL,
  `aprobado` tinyint(1) NOT NULL,
  `createdAt` datetime NOT NULL,
  `updatedAt` datetime NOT NULL,
  PRIMARY KEY (`id_calificacion`)
) ENGINE=InnoDB AUTO_INCREMENT=12 DEFAULT CHARSET=utf8mb4 COLLATE=utf8mb4_0900_ai_ci;
/*!40101 SET character_set_client = @saved_cs_client */;

--
-- Dumping data for table `calificaciones`
--

LOCK TABLES `calificaciones` WRITE;
/*!40000 ALTER TABLE `calificaciones` DISABLE KEYS */;
INSERT INTO `calificaciones` VALUES (1,'10',1,'2024-04-27 22:09:00','2024-04-27 22:09:00'),(2,'9',1,'2024-04-27 22:09:00','2024-04-27 22:09:00'),(3,'8',1,'2024-04-27 22:09:00','2024-04-27 22:09:00'),(4,'7',1,'2024-04-27 22:09:00','2024-04-27 22:09:00'),(5,'6',0,'2024-04-27 22:13:00','2024-04-27 22:13:00'),(6,'5',0,'2024-04-27 22:13:00','2024-04-27 22:13:00'),(7,'4',0,'2024-04-27 22:13:00','2024-04-27 22:13:00'),(8,'3',0,'2024-04-27 22:13:00','2024-04-27 22:13:00'),(9,'2',0,'2024-04-27 22:13:00','2024-04-27 22:13:00'),(10,'1',0,'2024-04-27 22:13:00','2024-04-27 22:13:00'),(11,'Aus.',0,'2024-04-27 22:14:00','2024-04-27 22:14:00');
/*!40000 ALTER TABLE `calificaciones` ENABLE KEYS */;
UNLOCK TABLES;

--
-- Table structure for table `ciclolectivos`
--

DROP TABLE IF EXISTS `ciclolectivos`;
/*!40101 SET @saved_cs_client     = @@character_set_client */;
/*!50503 SET character_set_client = utf8mb4 */;
CREATE TABLE `ciclolectivos` (
  `id_ciclo` int NOT NULL AUTO_INCREMENT,
  `anio` int NOT NULL,
  `createdAt` datetime NOT NULL,
  `updatedAt` datetime NOT NULL,
  PRIMARY KEY (`id_ciclo`),
  UNIQUE KEY `anio` (`anio`)
) ENGINE=InnoDB AUTO_INCREMENT=58 DEFAULT CHARSET=utf8mb4 COLLATE=utf8mb4_0900_ai_ci;
/*!40101 SET character_set_client = @saved_cs_client */;

--
-- Dumping data for table `ciclolectivos`
--

LOCK TABLES `ciclolectivos` WRITE;
/*!40000 ALTER TABLE `ciclolectivos` DISABLE KEYS */;
INSERT INTO `ciclolectivos` VALUES (1,1968,'2024-05-12 00:00:00','2024-05-12 00:00:00'),(2,1969,'2024-05-12 00:00:00','2024-05-12 00:00:00'),(3,1970,'2024-05-12 00:00:00','2024-05-12 00:00:00'),(4,1971,'2024-05-12 00:00:00','2024-05-12 00:00:00'),(5,1972,'2024-05-12 00:00:00','2024-05-12 00:00:00'),(6,1973,'2024-05-12 00:00:00','2024-05-12 00:00:00'),(7,1974,'2024-05-12 00:00:00','2024-05-12 00:00:00'),(8,1975,'2024-05-12 00:00:00','2024-05-12 00:00:00'),(9,1976,'2024-05-12 00:00:00','2024-05-12 00:00:00'),(10,1977,'2024-05-12 00:00:00','2024-05-12 00:00:00'),(11,1978,'2024-05-12 00:00:00','2024-05-12 00:00:00'),(12,1979,'2024-05-12 00:00:00','2024-05-13 00:00:00'),(13,1980,'2024-05-12 00:00:00','2024-05-12 00:00:00'),(14,1981,'2024-05-12 00:00:00','2024-05-12 00:00:00'),(15,1982,'2024-05-12 00:00:00','2024-05-14 00:00:00'),(16,1983,'2024-05-12 00:00:00','2024-05-14 00:00:00'),(17,1984,'2024-05-12 00:00:00','2024-05-14 00:00:00'),(18,1985,'2024-05-12 00:00:00','2024-05-14 00:00:00'),(19,1986,'2024-05-12 00:00:00','2024-05-14 00:00:00'),(20,1987,'2024-05-12 00:00:00','2024-05-14 00:00:00'),(21,1988,'2024-05-12 00:00:00','2024-05-14 00:00:00'),(22,1989,'2024-05-12 00:00:00','2024-05-14 00:00:00'),(23,1990,'2024-05-12 00:00:00','2024-05-14 00:00:00'),(24,1991,'2024-05-12 00:00:00','2024-05-14 00:00:00'),(25,1992,'2024-05-12 00:00:00','2024-05-14 00:00:00'),(26,1993,'2024-05-12 00:00:00','2024-05-14 00:00:00'),(27,1994,'2024-05-12 00:00:00','2024-05-14 00:00:00'),(28,1995,'2024-05-12 00:00:00','2024-05-14 00:00:00'),(29,1996,'2024-05-12 00:00:00','2024-05-14 00:00:00'),(30,1997,'2024-05-12 00:00:00','2024-05-14 00:00:00'),(31,1998,'2024-05-12 00:00:00','2024-05-14 00:00:00'),(32,1999,'2024-05-12 00:00:00','2024-05-14 00:00:00'),(33,2000,'2024-05-12 00:00:00','2024-05-14 00:00:00'),(34,2001,'2024-05-12 00:00:00','2024-05-14 00:00:00'),(35,2002,'2024-05-12 00:00:00','2024-05-14 00:00:00'),(36,2003,'2024-05-12 00:00:00','2024-05-14 00:00:00'),(37,2004,'2024-05-12 00:00:00','2024-05-14 00:00:00'),(38,2005,'2024-05-12 00:00:00','2024-05-14 00:00:00'),(39,2006,'2024-05-12 00:00:00','2024-05-14 00:00:00'),(40,2007,'2024-05-12 00:00:00','2024-05-14 00:00:00'),(41,2008,'2024-05-12 00:00:00','2024-05-14 00:00:00'),(42,2009,'2024-05-12 00:00:00','2024-05-14 00:00:00'),(43,2010,'2024-05-12 00:00:00','2024-05-14 00:00:00'),(44,2011,'2024-05-12 00:00:00','2024-05-14 00:00:00'),(45,2012,'2024-05-12 00:00:00','2024-05-14 00:00:00'),(46,2013,'2024-05-12 00:00:00','2024-05-14 00:00:00'),(47,2014,'2024-05-12 00:00:00','2024-05-14 00:00:00'),(48,2015,'2024-05-12 00:00:00','2024-05-14 00:00:00'),(49,2016,'2024-05-12 00:00:00','2024-05-14 00:00:00'),(50,2017,'2024-05-12 00:00:00','2024-05-14 00:00:00'),(51,2018,'2024-05-12 00:00:00','2024-05-14 00:00:00'),(52,2019,'2024-05-12 00:00:00','2024-05-14 00:00:00'),(53,2020,'2024-05-12 00:00:00','2024-05-14 00:00:00'),(54,2021,'2024-05-12 00:00:00','2024-05-14 00:00:00'),(55,2022,'2024-05-12 00:00:00','2024-05-14 00:00:00'),(56,2023,'2024-05-12 00:00:00','2024-05-14 00:00:00'),(57,2024,'2024-05-12 00:00:00','2024-05-14 00:00:00');
/*!40000 ALTER TABLE `ciclolectivos` ENABLE KEYS */;
UNLOCK TABLES;

--
-- Table structure for table `condiciones`
--

DROP TABLE IF EXISTS `condiciones`;
/*!40101 SET @saved_cs_client     = @@character_set_client */;
/*!50503 SET character_set_client = utf8mb4 */;
CREATE TABLE `condiciones` (
  `id_condicion` int NOT NULL AUTO_INCREMENT,
  `nombre` varchar(255) NOT NULL,
  `createdAt` datetime NOT NULL,
  `updatedAt` datetime NOT NULL,
  PRIMARY KEY (`id_condicion`),
  UNIQUE KEY `nombre` (`nombre`)
) ENGINE=InnoDB AUTO_INCREMENT=5 DEFAULT CHARSET=utf8mb4 COLLATE=utf8mb4_0900_ai_ci;
/*!40101 SET character_set_client = @saved_cs_client */;

--
-- Dumping data for table `condiciones`
--

LOCK TABLES `condiciones` WRITE;
/*!40000 ALTER TABLE `condiciones` DISABLE KEYS */;
INSERT INTO `condiciones` VALUES (1,'PREVIA','2024-05-12 23:14:01','2024-05-12 23:14:01'),(2,'EQUIVALENCIA','2024-05-12 23:14:01','2024-05-12 23:14:01'),(3,'TERCERA MATERIA','2024-05-12 23:14:01','2024-05-12 23:14:01'),(4,'EXCEPTUADA','2024-05-12 23:14:01','2024-05-12 23:14:01');
/*!40000 ALTER TABLE `condiciones` ENABLE KEYS */;
UNLOCK TABLES;

--
-- Table structure for table `cursos`
--

DROP TABLE IF EXISTS `cursos`;
/*!40101 SET @saved_cs_client     = @@character_set_client */;
/*!50503 SET character_set_client = utf8mb4 */;
CREATE TABLE `cursos` (
  `id_curso` int NOT NULL AUTO_INCREMENT,
  `id_plan` int NOT NULL,
  `nombre` varchar(2) NOT NULL,
  `createdAt` datetime NOT NULL,
  `updatedAt` datetime NOT NULL,
  PRIMARY KEY (`id_curso`),
  KEY `id_plan` (`id_plan`),
  CONSTRAINT `cursos_ibfk_1` FOREIGN KEY (`id_plan`) REFERENCES `planes` (`id_plan`)
) ENGINE=InnoDB AUTO_INCREMENT=25 DEFAULT CHARSET=utf8mb4 COLLATE=utf8mb4_0900_ai_ci;
/*!40101 SET character_set_client = @saved_cs_client */;

--
-- Dumping data for table `cursos`
--

LOCK TABLES `cursos` WRITE;
/*!40000 ALTER TABLE `cursos` DISABLE KEYS */;
INSERT INTO `cursos` VALUES (1,1,'1°','2024-05-01 00:00:00','2024-05-02 00:00:00'),(2,1,'2°','2024-05-01 00:00:00','2024-05-02 00:00:00'),(3,1,'3°','2024-05-01 00:00:00','2024-05-02 00:00:00'),(4,1,'4°','2024-05-01 00:00:00','2024-05-02 00:00:00'),(5,1,'5°','2024-05-01 00:00:00','2024-05-02 00:00:00'),(6,1,'6°','2024-05-01 00:00:00','2024-05-02 00:00:00'),(7,2,'1°','2024-05-01 00:00:00','2024-05-02 00:00:00'),(8,2,'2°','2024-05-01 00:00:00','2024-05-02 00:00:00'),(9,2,'3°','2024-05-01 00:00:00','2024-05-02 00:00:00'),(10,2,'4°','2024-05-01 00:00:00','2024-05-02 00:00:00'),(11,2,'5°','2024-05-01 00:00:00','2024-05-02 00:00:00'),(12,2,'6°','2024-05-01 00:00:00','2024-05-02 00:00:00'),(13,3,'1°','2024-05-01 00:00:00','2024-05-02 00:00:00'),(14,3,'2°','2024-05-01 00:00:00','2024-05-02 00:00:00'),(15,3,'3°','2024-05-01 00:00:00','2024-05-02 00:00:00'),(16,4,'4°','2024-05-01 00:00:00','2024-05-02 00:00:00'),(17,4,'5°','2024-05-01 00:00:00','2024-05-02 00:00:00'),(18,4,'6°','2024-05-01 00:00:00','2024-05-02 00:00:00'),(19,5,'1°','2024-05-01 00:00:00','2024-05-02 00:00:00'),(20,5,'2°','2024-05-01 00:00:00','2024-05-02 00:00:00'),(21,5,'3°','2024-05-01 00:00:00','2024-05-02 00:00:00'),(22,6,'4°','2024-05-01 00:00:00','2024-05-02 00:00:00'),(23,6,'5°','2024-05-01 00:00:00','2024-05-02 00:00:00'),(24,6,'6°','2024-05-01 00:00:00','2024-05-02 00:00:00');
/*!40000 ALTER TABLE `cursos` ENABLE KEYS */;
UNLOCK TABLES;

--
-- Table structure for table `divisiones`
--

DROP TABLE IF EXISTS `divisiones`;
/*!40101 SET @saved_cs_client     = @@character_set_client */;
/*!50503 SET character_set_client = utf8mb4 */;
CREATE TABLE `divisiones` (
  `id_division` int NOT NULL AUTO_INCREMENT,
  `nombre` varchar(1) DEFAULT NULL,
  `createdAt` datetime NOT NULL,
  `updatedAt` datetime NOT NULL,
  PRIMARY KEY (`id_division`)
) ENGINE=InnoDB AUTO_INCREMENT=4 DEFAULT CHARSET=utf8mb4 COLLATE=utf8mb4_0900_ai_ci;
/*!40101 SET character_set_client = @saved_cs_client */;

--
-- Dumping data for table `divisiones`
--

LOCK TABLES `divisiones` WRITE;
/*!40000 ALTER TABLE `divisiones` DISABLE KEYS */;
INSERT INTO `divisiones` VALUES (1,'A','2024-05-01 00:00:00','2024-05-02 00:00:00'),(2,'B','2024-05-01 00:00:00','2024-05-02 00:00:00'),(3,'C','2024-05-01 00:00:00','2024-05-02 00:00:00');
/*!40000 ALTER TABLE `divisiones` ENABLE KEYS */;
UNLOCK TABLES;

--
-- Table structure for table `fechasexamen`
--

DROP TABLE IF EXISTS `fechasexamen`;
/*!40101 SET @saved_cs_client     = @@character_set_client */;
/*!50503 SET character_set_client = utf8mb4 */;
CREATE TABLE `fechasexamen` (
  `id_fechaExamen` int NOT NULL AUTO_INCREMENT,
  `fechaExamen` datetime NOT NULL,
  `id_turno` int NOT NULL,
  `id_materia` int NOT NULL,
  `createdAt` datetime NOT NULL,
  `updatedAt` datetime NOT NULL,
  PRIMARY KEY (`id_fechaExamen`),
  KEY `id_turno` (`id_turno`),
  KEY `id_materia` (`id_materia`),
  CONSTRAINT `fechasexamen_ibfk_1` FOREIGN KEY (`id_turno`) REFERENCES `turnosexamen` (`id_turno`),
  CONSTRAINT `fechasexamen_ibfk_2` FOREIGN KEY (`id_materia`) REFERENCES `materias` (`id_materia`)
) ENGINE=InnoDB DEFAULT CHARSET=utf8mb4 COLLATE=utf8mb4_0900_ai_ci;
/*!40101 SET character_set_client = @saved_cs_client */;

--
-- Dumping data for table `fechasexamen`
--

LOCK TABLES `fechasexamen` WRITE;
/*!40000 ALTER TABLE `fechasexamen` DISABLE KEYS */;
/*!40000 ALTER TABLE `fechasexamen` ENABLE KEYS */;
UNLOCK TABLES;

--
-- Table structure for table `inscripciones`
--

DROP TABLE IF EXISTS `inscripciones`;
/*!40101 SET @saved_cs_client     = @@character_set_client */;
/*!50503 SET character_set_client = utf8mb4 */;
CREATE TABLE `inscripciones` (
  `id_inscripcion` int NOT NULL AUTO_INCREMENT,
  `id_previa` int NOT NULL,
  `id_turno` int NOT NULL,
  `id_fechaExamen` int NOT NULL,
  `id_calificacion` int NOT NULL,
  `libro` varchar(255) DEFAULT NULL,
  `folio` varchar(255) DEFAULT NULL,
  `createdAt` datetime NOT NULL,
  `updatedAt` datetime NOT NULL,
  PRIMARY KEY (`id_inscripcion`),
  KEY `id_previa` (`id_previa`),
  KEY `id_turno` (`id_turno`),
  KEY `id_fechaExamen` (`id_fechaExamen`),
  KEY `id_calificacion` (`id_calificacion`),
  CONSTRAINT `inscripciones_ibfk_1` FOREIGN KEY (`id_previa`) REFERENCES `previas` (`id_previa`),
  CONSTRAINT `inscripciones_ibfk_2` FOREIGN KEY (`id_turno`) REFERENCES `turnosexamen` (`id_turno`),
  CONSTRAINT `inscripciones_ibfk_3` FOREIGN KEY (`id_fechaExamen`) REFERENCES `fechasexamen` (`id_fechaExamen`),
  CONSTRAINT `inscripciones_ibfk_4` FOREIGN KEY (`id_calificacion`) REFERENCES `calificaciones` (`id_calificacion`)
) ENGINE=InnoDB DEFAULT CHARSET=utf8mb4 COLLATE=utf8mb4_0900_ai_ci;
/*!40101 SET character_set_client = @saved_cs_client */;

--
-- Dumping data for table `inscripciones`
--

LOCK TABLES `inscripciones` WRITE;
/*!40000 ALTER TABLE `inscripciones` DISABLE KEYS */;
/*!40000 ALTER TABLE `inscripciones` ENABLE KEYS */;
UNLOCK TABLES;

--
-- Table structure for table `materias`
--

DROP TABLE IF EXISTS `materias`;
/*!40101 SET @saved_cs_client     = @@character_set_client */;
/*!50503 SET character_set_client = utf8mb4 */;
CREATE TABLE `materias` (
  `id_materia` int NOT NULL AUTO_INCREMENT,
  `nombre` varchar(255) NOT NULL,
  `area` varchar(255) DEFAULT NULL,
  `id_curso` int NOT NULL,
  `createdAt` datetime NOT NULL,
  `updatedAt` datetime NOT NULL,
  PRIMARY KEY (`id_materia`),
  KEY `id_curso` (`id_curso`),
  CONSTRAINT `materias_ibfk_1` FOREIGN KEY (`id_curso`) REFERENCES `cursos` (`id_curso`)
) ENGINE=InnoDB AUTO_INCREMENT=76 DEFAULT CHARSET=utf8mb4 COLLATE=utf8mb4_0900_ai_ci;
/*!40101 SET character_set_client = @saved_cs_client */;

--
-- Dumping data for table `materias`
--

LOCK TABLES `materias` WRITE;
/*!40000 ALTER TABLE `materias` DISABLE KEYS */;
INSERT INTO `materias` VALUES (1,'EDUCACIÓN FÍSICA','ARTÍSTICA',19,'2024-05-01 00:00:00','2024-05-02 00:00:00'),(2,'LENGUA Y LITERATURA','',19,'2024-05-01 00:00:00','2024-05-02 00:00:00'),(3,'MATEMÁTICA','',19,'2024-05-01 00:00:00','2024-05-02 00:00:00'),(4,'CIENCIAS NATURALES - BIOLOGÍA','NATURALES',19,'2024-05-01 00:00:00','2024-05-02 00:00:00'),(5,'CIENCIAS NATURALES - FÍSICA','NATURALES',19,'2024-05-01 00:00:00','2024-05-02 00:00:00'),(6,'CIENCIAS SOCIALES - GEOGRAFÍA','SOCIALES',19,'2024-05-01 00:00:00','2024-05-02 00:00:00'),(7,'LENGUA EXTRANJERA - INGLÉS','',19,'2024-05-01 00:00:00','2024-05-02 00:00:00'),(8,'EDUCACIÓN ARTÍSTICA - ARTES VISUALES','ARTÍSTICA',19,'2024-05-01 00:00:00','2024-05-02 00:00:00'),(9,'EDUCACIÓN TECNOLÓGICA','',19,'2024-05-01 00:00:00','2024-05-02 00:00:00'),(10,'CIUDADANÍA Y PARTICIPACIÓN','SOCIALES',19,'2024-05-01 00:00:00','2024-05-02 00:00:00'),(11,'EDUCACIÓN FÍSICA','ARTÍSTICA',20,'2024-05-01 00:00:00','2024-05-02 00:00:00'),(12,'LENGUA Y LITERATURA','',20,'2024-05-01 00:00:00','2024-05-02 00:00:00'),(13,'MATEMÁTICA','',20,'2024-05-01 00:00:00','2024-05-02 00:00:00'),(14,'CIENCIAS NATURALES - QUÍMICA','NATURALES',20,'2024-05-01 00:00:00','2024-05-02 00:00:00'),(15,'BIOLOGÍA','NATURALES',20,'2024-05-01 00:00:00','2024-05-02 00:00:00'),(16,'CIENCIAS SOCIALES - HISTORIA','SOCIALES',20,'2024-05-01 00:00:00','2024-05-02 00:00:00'),(17,'LENGUA EXTRANJERA - INGLÉS','',20,'2024-05-01 00:00:00','2024-05-02 00:00:00'),(18,'EDUCACIÓN ARTÍSTICA - MÚSICA','ARTÍSTICA',20,'2024-05-01 00:00:00','2024-05-02 00:00:00'),(19,'EDUCACIÓN TECNOLÓGICA','',20,'2024-05-01 00:00:00','2024-05-02 00:00:00'),(20,'CIUDADANÍA Y PARTICIPACIÓN','SOCIALES',20,'2024-05-01 00:00:00','2024-05-02 00:00:00'),(21,'EDUCACIÓN FÍSICA','ARTÍSTICA',21,'2024-05-01 00:00:00','2024-05-02 00:00:00'),(22,'LENGUA Y LITERATURA','',21,'2024-05-01 00:00:00','2024-05-02 00:00:00'),(23,'MATEMÁTICA','',21,'2024-05-01 00:00:00','2024-05-02 00:00:00'),(24,'FÍSICA','NATURALES',21,'2024-05-01 00:00:00','2024-05-02 00:00:00'),(25,'QUÍMICA','NATURALES',21,'2024-05-01 00:00:00','2024-05-02 00:00:00'),(26,'GEOGRAFÍA','SOCIALES',21,'2024-05-01 00:00:00','2024-05-02 00:00:00'),(27,'HISTORIA','SOCIALES',21,'2024-05-01 00:00:00','2024-05-02 00:00:00'),(28,'LENGUA EXTRANJERA - INGLÉS','',21,'2024-05-01 00:00:00','2024-05-02 00:00:00'),(29,'EDUCACIÓN ARTÍSTICA - ARTES VISUALES','',21,'2024-05-01 00:00:00','2024-05-02 00:00:00'),(30,'EDUCACIÓN ARTÍSTICA - MÚSICA','ARTÍSTICA',21,'2024-05-01 00:00:00','2024-05-02 00:00:00'),(31,'EDUCACIÓN TECNOLÓGICA','',21,'2024-05-01 00:00:00','2024-05-02 00:00:00'),(32,'FORMACIÓN PARA LA VIDA Y EL TRABAJO','',21,'2024-05-01 00:00:00','2024-05-02 00:00:00'),(33,'EDUCACIÓN FÍSICA','ARTÍSTICA',22,'2024-05-01 00:00:00','2024-05-02 00:00:00'),(34,'LENGUA Y LITERATURA','',22,'2024-05-01 00:00:00','2024-05-02 00:00:00'),(35,'MATEMÁTICA','',22,'2024-05-01 00:00:00','2024-05-02 00:00:00'),(36,'BIOLOGÍA','',22,'2024-05-01 00:00:00','2024-05-02 00:00:00'),(37,'GEOGRAFÍA','SOCIALES',22,'2024-05-01 00:00:00','2024-05-02 00:00:00'),(38,'HISTORIA','SOCIALES',22,'2024-05-01 00:00:00','2024-05-02 00:00:00'),(39,'LENGUA EXTRANJERA - INGLÉS','',22,'2024-05-01 00:00:00','2024-05-02 00:00:00'),(40,'EDUCACIÓN ARTÍSTICA - ARTES VISUALES','ARTÍSTICA',22,'2024-05-01 00:00:00','2024-05-02 00:00:00'),(41,'FORMACIÓN PARA LA VIDA Y EL TRABAJO','',22,'2024-05-01 00:00:00','2024-05-02 00:00:00'),(42,'SISTEMAS DE INFORMACIÓN CONTABLE','ESPECIALIDAD',22,'2024-05-01 00:00:00','2024-05-02 00:00:00'),(43,'ADMINISTRACIÓN','ESPECIALIDAD',22,'2024-05-01 00:00:00','2024-05-02 00:00:00'),(44,'ECONOMÍA Y DESARROLLO SUSTENTABLE','ESPECIALIDAD',22,'2024-05-01 00:00:00','2024-05-02 00:00:00'),(45,'ADMINISTRACIÓN DE LA PRODUCCIÓN Y COMERCIALIZACIÓN','ESPECIALIDAD',22,'2024-05-01 00:00:00','2024-05-02 00:00:00'),(46,'EDUCACIÓN FÍSICA','ARTÍSTICA',23,'2024-05-01 00:00:00','2024-05-02 00:00:00'),(47,'LENGUA Y LITERATURA','',23,'2024-05-01 00:00:00','2024-05-02 00:00:00'),(48,'MATEMÁTICA','',23,'2024-05-01 00:00:00','2024-05-02 00:00:00'),(49,'FÍSICA','',23,'2024-05-01 00:00:00','2024-05-02 00:00:00'),(50,'GEOGRAFÍA','SOCIALES',23,'2024-05-01 00:00:00','2024-05-02 00:00:00'),(51,'HISTORIA','SOCIALES',23,'2024-05-01 00:00:00','2024-05-02 00:00:00'),(52,'LENGUA EXTRANJERA - INGLÉS','',23,'2024-05-01 00:00:00','2024-05-02 00:00:00'),(53,'EDUCACIÓN ARTÍSTICA - MÚSICA','ARTÍSTICA',23,'2024-05-01 00:00:00','2024-05-02 00:00:00'),(54,'PSICOLOGÍA','SOCIALES',23,'2024-05-01 00:00:00','2024-05-02 00:00:00'),(55,'FORMACIÓN PARA LA VIDA Y EL TRABAJO','',23,'2024-05-01 00:00:00','2024-05-02 00:00:00'),(56,'SISTEMAS DE INFORMACIÓN CONTABLE','ESPECIALIDAD',23,'2024-05-01 00:00:00','2024-05-02 00:00:00'),(57,'ADMINISTRACIÓN','ESPECIALIDAD',23,'2024-05-01 00:00:00','2024-05-02 00:00:00'),(58,'ECONOMÍA','ESPECIALIDAD',23,'2024-05-01 00:00:00','2024-05-02 00:00:00'),(59,'ADMINISTRACIÓN DE RECURSOS HUMANOS','ESPECIALIDAD',23,'2024-05-01 00:00:00','2024-05-02 00:00:00'),(60,'ADMINISTRACIÓN DE LA PRODUCCIÓN Y COMERCIALIZACIÓN','ESPECIALIDAD',23,'2024-05-01 00:00:00','2024-05-02 00:00:00'),(61,'EDUCACIÓN FÍSICA','ARTÍSTICA',24,'2024-05-01 00:00:00','2024-05-02 00:00:00'),(62,'LENGUA Y LITERATURA','',24,'2024-05-01 00:00:00','2024-05-02 00:00:00'),(63,'MATEMÁTICA','',24,'2024-05-01 00:00:00','2024-05-02 00:00:00'),(64,'QUÍMICA','',24,'2024-05-01 00:00:00','2024-05-02 00:00:00'),(65,'LENGUA EXTRANJERA - INGLÉS','',24,'2024-05-01 00:00:00','2024-05-02 00:00:00'),(66,'EDUCACIÓN ARTÍSTICA - TEATRO','ARTÍSTICA',24,'2024-05-01 00:00:00','2024-05-02 00:00:00'),(67,'CIUDADANÍA Y POLÍTICA','SOCIALES',24,'2024-05-01 00:00:00','2024-05-02 00:00:00'),(68,'ADMINISTRACIÓN','ESPECIALIDAD',24,'2024-05-01 00:00:00','2024-05-02 00:00:00'),(69,'ECONOMÍA','ESPECIALIDAD',24,'2024-05-01 00:00:00','2024-05-02 00:00:00'),(70,'DERECHO','ESPECIALIDAD',24,'2024-05-01 00:00:00','2024-05-02 00:00:00'),(71,'RESPONSABILIDAD SOCIAL DE LAS ORGANIZACIONES','ESPECIALIDAD',24,'2024-05-01 00:00:00','2024-05-02 00:00:00'),(72,'ADMINISTRACIÓN FINANCIERA','ESPECIALIDAD',24,'2024-05-01 00:00:00','2024-05-02 00:00:00'),(73,'SISTEMAS DE INFORMACIÓN CONTABLE','ESPECIALIDAD',24,'2024-05-01 00:00:00','2024-05-02 00:00:00'),(74,'FORMACIÓN PARA LA VIDA Y EL TRABAJO','',24,'2024-05-01 00:00:00','2024-05-02 00:00:00'),(75,'FILOSOFÍA','SOCIALES',24,'2024-05-01 00:00:00','2024-05-02 00:00:00');
/*!40000 ALTER TABLE `materias` ENABLE KEYS */;
UNLOCK TABLES;

--
-- Table structure for table `planes`
--

DROP TABLE IF EXISTS `planes`;
/*!40101 SET @saved_cs_client     = @@character_set_client */;
/*!50503 SET character_set_client = utf8mb4 */;
CREATE TABLE `planes` (
  `id_plan` int NOT NULL AUTO_INCREMENT,
  `codigo` varchar(25) NOT NULL,
  `descripcion` varchar(255) NOT NULL,
  `createdAt` datetime NOT NULL,
  `updatedAt` datetime NOT NULL,
  PRIMARY KEY (`id_plan`),
  UNIQUE KEY `codigo` (`codigo`)
) ENGINE=InnoDB AUTO_INCREMENT=7 DEFAULT CHARSET=utf8mb4 COLLATE=utf8mb4_0900_ai_ci;
/*!40101 SET character_set_client = @saved_cs_client */;

--
-- Dumping data for table `planes`
--

LOCK TABLES `planes` WRITE;
/*!40000 ALTER TABLE `planes` DISABLE KEYS */;
INSERT INTO `planes` VALUES (1,'Dcto. 3445/58','PERITO MERCANTIL','2024-05-01 00:00:00','2024-05-02 00:00:00'),(2,'Dcto. 1530/81','BACHILLER Y PERITO MERCANTIL','2024-05-01 00:00:00','2024-05-02 00:00:00'),(3,'Dcto. 141/96','BACHILLER ORIENTADO EN ECONOMÍA Y GESTIÓN DE LAS ORGANIZACIONES','2024-05-01 00:00:00','2024-05-02 00:00:00'),(4,'Dcto. 149/97','BACHILLER ORIENTADO EN ECONOMÍA Y GESTIÓN DE LAS ORGANIZACIONES','2024-05-01 00:00:00','2024-05-02 00:00:00'),(5,'Dcto. 344/11','BACHILLER EN ECONOMÍA Y ADMINISTRACIÓN','2024-05-01 00:00:00','2024-05-02 00:00:00'),(6,'Dcto. 668/11','BACHILLER EN ECONOMÍA Y ADMINISTRACIÓN','2024-05-01 00:00:00','2024-05-02 00:00:00');
/*!40000 ALTER TABLE `planes` ENABLE KEYS */;
UNLOCK TABLES;

--
-- Table structure for table `previas`
--

DROP TABLE IF EXISTS `previas`;
/*!40101 SET @saved_cs_client     = @@character_set_client */;
/*!50503 SET character_set_client = utf8mb4 */;
CREATE TABLE `previas` (
  `id_previa` int NOT NULL AUTO_INCREMENT,
  `dni_alumno` varchar(12) NOT NULL,
  `id_condicion` int NOT NULL,
  `id_materia` int NOT NULL,
  `aprobado` tinyint(1) NOT NULL,
  `createdAt` datetime NOT NULL,
  `updatedAt` datetime NOT NULL,
  `id_curso` int DEFAULT NULL,
  PRIMARY KEY (`id_previa`),
  KEY `dni_alumno` (`dni_alumno`),
  KEY `id_condicion` (`id_condicion`),
  KEY `id_materia` (`id_materia`),
  KEY `id_curso` (`id_curso`),
  CONSTRAINT `previas_ibfk_1` FOREIGN KEY (`dni_alumno`) REFERENCES `alumnos` (`dni`),
  CONSTRAINT `previas_ibfk_2` FOREIGN KEY (`id_condicion`) REFERENCES `condiciones` (`id_condicion`),
  CONSTRAINT `previas_ibfk_3` FOREIGN KEY (`id_materia`) REFERENCES `materias` (`id_materia`),
  CONSTRAINT `previas_ibfk_4` FOREIGN KEY (`id_curso`) REFERENCES `cursos` (`id_curso`) ON DELETE SET NULL ON UPDATE CASCADE
) ENGINE=InnoDB DEFAULT CHARSET=utf8mb4 COLLATE=utf8mb4_0900_ai_ci;
/*!40101 SET character_set_client = @saved_cs_client */;

--
-- Dumping data for table `previas`
--

LOCK TABLES `previas` WRITE;
/*!40000 ALTER TABLE `previas` DISABLE KEYS */;
/*!40000 ALTER TABLE `previas` ENABLE KEYS */;
UNLOCK TABLES;

--
-- Table structure for table `roles`
--

DROP TABLE IF EXISTS `roles`;
/*!40101 SET @saved_cs_client     = @@character_set_client */;
/*!50503 SET character_set_client = utf8mb4 */;
CREATE TABLE `roles` (
  `id_rol` int NOT NULL AUTO_INCREMENT,
  `rol` varchar(25) NOT NULL,
  `createdAt` datetime NOT NULL,
  `updatedAt` datetime NOT NULL,
  PRIMARY KEY (`id_rol`),
  UNIQUE KEY `rol` (`rol`)
) ENGINE=InnoDB AUTO_INCREMENT=4 DEFAULT CHARSET=utf8mb4 COLLATE=utf8mb4_0900_ai_ci;
/*!40101 SET character_set_client = @saved_cs_client */;

--
-- Dumping data for table `roles`
--

LOCK TABLES `roles` WRITE;
/*!40000 ALTER TABLE `roles` DISABLE KEYS */;
INSERT INTO `roles` VALUES (1,'ADMINISTRADOR','2024-05-01 00:00:00','2024-05-02 00:00:00'),(2,'ADMINISTRATIVO','2024-05-01 00:00:00','2024-05-02 00:00:00'),(3,'PROFESOR','2024-05-01 00:00:00','2024-05-02 00:00:00');
/*!40000 ALTER TABLE `roles` ENABLE KEYS */;
UNLOCK TABLES;

--
-- Table structure for table `turnosexamen`
--

DROP TABLE IF EXISTS `turnosexamen`;
/*!40101 SET @saved_cs_client     = @@character_set_client */;
/*!50503 SET character_set_client = utf8mb4 */;
CREATE TABLE `turnosexamen` (
  `id_turno` int NOT NULL AUTO_INCREMENT,
  `nombre` varchar(15) NOT NULL,
  `id_condicion` int NOT NULL,
  `id_ciclo` int NOT NULL,
  `createdAt` datetime NOT NULL,
  `updatedAt` datetime NOT NULL,
  PRIMARY KEY (`id_turno`),
  KEY `id_condicion` (`id_condicion`),
  KEY `id_ciclo` (`id_ciclo`),
  CONSTRAINT `turnosexamen_ibfk_1` FOREIGN KEY (`id_condicion`) REFERENCES `condiciones` (`id_condicion`),
  CONSTRAINT `turnosexamen_ibfk_2` FOREIGN KEY (`id_ciclo`) REFERENCES `ciclolectivos` (`id_ciclo`)
) ENGINE=InnoDB DEFAULT CHARSET=utf8mb4 COLLATE=utf8mb4_0900_ai_ci;
/*!40101 SET character_set_client = @saved_cs_client */;

--
-- Dumping data for table `turnosexamen`
--

LOCK TABLES `turnosexamen` WRITE;
/*!40000 ALTER TABLE `turnosexamen` DISABLE KEYS */;
/*!40000 ALTER TABLE `turnosexamen` ENABLE KEYS */;
UNLOCK TABLES;

--
-- Table structure for table `usuarios`
--

/*!40101 SET SQL_MODE=@OLD_SQL_MODE */;
/*!40014 SET FOREIGN_KEY_CHECKS=@OLD_FOREIGN_KEY_CHECKS */;
/*!40014 SET UNIQUE_CHECKS=@OLD_UNIQUE_CHECKS */;
/*!40101 SET CHARACTER_SET_CLIENT=@OLD_CHARACTER_SET_CLIENT */;
/*!40101 SET CHARACTER_SET_RESULTS=@OLD_CHARACTER_SET_RESULTS */;
/*!40101 SET COLLATION_CONNECTION=@OLD_COLLATION_CONNECTION */;
/*!40111 SET SQL_NOTES=@OLD_SQL_NOTES */;

-- Dump completed on 2024-05-20 21:40:39
